{"type":"FeatureCollection","features":[{"type":"Feature","properties":{"_gpxType":"trk","name":"464 Girard Ave, East Aurora, NY 14052 - 172 Co Rd 126 - 316 Jewett Holmwood Rd - 965 Jewett Holmwood Rd - 6631 Jewett Holmwood Rd - 6340 Newton Rd - 2985 Lakeview Rd - 6013 Old Lake Shore Rd - Old Lake Shore Road Arthur Avenue N - 5905 NY-5","coordinateProperties":{},"id":1},"geometry":{"type":"LineString","coordinates":[[-78.61744,42.7721],[-78.63111,42.77245],[-78.63581,42.77077],[-78.63641,42.76914],[-78.63848,42.76841]]}},{"type":"Feature","properties":{"_gpxType":"trk","name":"464 Girard Ave, East Aurora, NY 14052 - 172 Co Rd 126 - 316 Jewett Holmwood Rd - 965 Jewett Holmwood Rd - 6631 Jewett Holmwood Rd - 6340 Newton Rd - 2985 Lakeview Rd - 6013 Old Lake Shore Rd - Old Lake Shore Road Arthur Avenue N - 5905 NY-5","coordinateProperties":{},"id":1},"geometry":{"type":"LineString","coordinates":[[-78.63848,42.76841],[-78.64713,42.76851],[-78.64707,42.7655],[-78.64413,42.76221],[-78.64147,42.76187],[-78.64372,42.76059],[-78.64521,42.75719],[-78.65003,42.75519]]}},{"type":"Feature","properties":{"_gpxType":"trk","name":"464 Girard Ave, East Aurora, NY 14052 - 172 Co Rd 126 - 316 Jewett Holmwood Rd - 965 Jewett Holmwood Rd - 6631 Jewett Holmwood Rd - 6340 Newton Rd - 2985 Lakeview Rd - 6013 Old Lake Shore Rd - Old Lake Shore Road Arthur Avenue N - 5905 NY-5","coordinateProperties":{},"id":1},"geometry":{"type":"LineString","coordinates":[[-78.65003,42.75519],[-78.65557,42.75316],[-78.67961,42.75302]]}},{"type":"Feature","properties":{"_gpxType":"trk","name":"464 Girard Ave, East Aurora, NY 14052 - 172 Co Rd 126 - 316 Jewett Holmwood Rd - 965 Jewett Holmwood Rd - 6631 Jewett Holmwood Rd - 6340 Newton Rd - 2985 Lakeview Rd - 6013 Old Lake Shore Rd - Old Lake Shore Road Arthur Avenue N - 5905 NY-5","coordinateProperties":{},"id":1},"geometry":{"type":"LineString","coordinates":[[-78.67961,42.75302],[-78.69759,42.75299],[-78.72504,42.7508],[-78.74285,42.75096]]}},{"type":"Feature","properties":{"_gpxType":"trk","name":"464 Girard Ave, East Aurora, NY 14052 - 172 Co Rd 126 - 316 Jewett Holmwood Rd - 965 Jewett Holmwood Rd - 6631 Jewett Holmwood Rd - 6340 Newton Rd - 2985 Lakeview Rd - 6013 Old Lake Shore Rd - Old Lake Shore Road Arthur Avenue N - 5905 NY-5","coordinateProperties":{},"id":1},"geometry":{"type":"LineString","coordinates":[[-78.74285,42.75096],[-78.74789,42.75104],[-78.74803,42.73894],[-78.74937,42.73247],[-78.74866,42.7284],[-78.75594,42.72707]]}},{"type":"Feature","properties":{"_gpxType":"trk","name":"464 Girard Ave, East Aurora, NY 14052 - 172 Co Rd 126 - 316 Jewett Holmwood Rd - 965 Jewett Holmwood Rd - 6631 Jewett Holmwood Rd - 6340 Newton Rd - 2985 Lakeview Rd - 6013 Old Lake Shore Rd - Old Lake Shore Road Arthur Avenue N - 5905 NY-5","coordinateProperties":{},"id":1},"geometry":{"type":"LineString","coordinates":[[-78.75594,42.72707],[-78.76004,42.72662],[-78.7646,42.72715],[-78.76941,42.72353],[-78.77199,42.72261],[-78.79326,42.72152],[-78.80566,42.71849],[-78.81379,42.71849],[-78.82087,42.71532],[-78.82924,42.7158],[-78.82948,42.71449],[-78.83913,42.71465],[-78.83912,42.71657],[-78.84584,42.71441],[-78.86485,42.71446],[-78.87744,42.71594],[-78.8855,42.71301]]}},{"type":"Feature","properties":{"_gpxType":"trk","name":"464 Girard Ave, East Aurora, NY 14052 - 172 Co Rd 126 - 316 Jewett Holmwood Rd - 965 Jewett Holmwood Rd - 6631 Jewett Holmwood Rd - 6340 Newton Rd - 2985 Lakeview Rd - 6013 Old Lake Shore Rd - Old Lake Shore Road Arthur Avenue N - 5905 NY-5","coordinateProperties":{},"id":1},"geometry":{"type":"LineString","coordinates":[[-78.8855,42.71301],[-78.8996,42.70767],[-78.92927,42.70733],[-78.93812,42.71248],[-78.94019,42.7154],[-78.95085,42.72548],[-78.95333,42.72457]]}},{"type":"Feature","properties":{"_gpxType":"trk","name":"464 Girard Ave, East Aurora, NY 14052 - 172 Co Rd 126 - 316 Jewett Holmwood Rd - 965 Jewett Holmwood Rd - 6631 Jewett Holmwood Rd - 6340 Newton Rd - 2985 Lakeview Rd - 6013 Old Lake Shore Rd - Old Lake Shore Road Arthur Avenue N - 5905 NY-5","coordinateProperties":{},"id":1},"geometry":{"type":"LineString","coordinates":[[-78.95333,42.72457],[-78.96172,42.72003],[-78.96773,42.71103],[-79.00111,42.70073],[-79.00901,42.69952],[-79.02091,42.69668],[-79.02504,42.69502],[-79.03565,42.68349],[-79.0418,42.67388],[-79.05112,42.67379],[-79.0578,42.6667],[-79.05809,42.65987],[-79.06,42.65655],[-79.06081,42.65139],[-79.06274,42.64557],[-79.0627,42.64343],[-79.06506,42.64156],[-79.07338,42.63808],[-79.08452,42.62989],[-79.09242,42.62593],[-79.09559,42.62262],[-79.09777,42.61909]]}},{"type":"Feature","properties":{"_gpxType":"trk","name":"464 Girard Ave, East Aurora, NY 14052 - 172 Co Rd 126 - 316 Jewett Holmwood Rd - 965 Jewett Holmwood Rd - 6631 Jewett Holmwood Rd - 6340 Newton Rd - 2985 Lakeview Rd - 6013 Old Lake Shore Rd - Old Lake Shore Road Arthur Avenue N - 5905 NY-5","coordinateProperties":{},"id":1},"geometry":{"type":"LineString","coordinates":[[-79.09777,42.61909],[-79.09976,42.61026],[-79.10183,42.60641],[-79.10901,42.6031],[-79.11896,42.59334],[-79.12042,42.5911],[-79.12094,42.57723],[-79.12232,42.57196],[-79.11923,42.5711],[-79.11513,42.57118],[-79.10936,42.5755],[-79.10695,42.5789],[-79.10196,42.57248],[-79.10179,42.57007],[-79.10942,42.56491],[-79.11125,42.56677],[-79.11509,42.56563],[-79.11887,42.56216],[-79.12131,42.56114],[-79.11733,42.5541],[-79.11803,42.55126],[-79.11705,42.54665],[-79.11886,42.54382],[-79.12196,42.54264],[-79.11973,42.53871],[-79.12095,42.53287],[-79.12279,42.53033],[-79.13428,42.52299],[-79.14181,42.51702],[-79.1438,42.5124],[-79.16046,42.51234],[-79.16046,42.50154],[-79.15934,42.49651],[-79.16215,42.49234],[-79.18134,42.4935],[-79.19259,42.49243],[-79.20022,42.48969],[-79.20969,42.48448],[-79.22261,42.48128],[-79.23402,42.47974],[-79.24215,42.47596],[-79.25307,42.47738],[-79.25854,42.47725],[-79.27356,42.46931],[-79.27686,42.47241],[-79.28086,42.47366],[-79.30549,42.47416],[-79.3039,42.47141],[-79.30431,42.47103],[-79.30913,42.47104],[-79.31101,42.4719],[-79.32401,42.4711],[-79.32695,42.4712],[-79.32692,42.47192],[-79.33322,42.47195],[-79.3338,42.45982],[-79.34631,42.45976],[-79.34642,42.45173],[-79.3539,42.4495],[-79.36027,42.44617],[-79.37524,42.44621],[-79.3767,42.44505],[-79.37691,42.43562],[-79.41925,42.43559],[-79.42533,42.43029],[-79.4255,42.42439],[-79.42755,42.42079],[-79.43172,42.4229],[-79.43457,42.42327]]}},{"type":"Feature","properties":{"_gpxType":"trk","name":"5905 NY-5 - 633 E 7th St","coordinateProperties":{},"id":2},"geometry":{"type":"LineString","coordinates":[[-79.43495,42.42272],[-79.43435,42.42346],[-79.43129,42.42272],[-79.43026,42.42202],[-79.43038,42.41983],[-79.44152,42.41849],[-79.451,42.41169],[-79.45803,42.40767],[-79.46353,42.40603],[-79.47401,42.4013],[-79.47676,42.39903],[-79.48133,42.39745],[-79.51504,42.3784],[-79.51966,42.37318],[-79.52432,42.37007],[-79.55981,42.35283],[-79.58103,42.34365],[-79.59558,42.34068],[-79.59975,42.33838],[-79.61036,42.32999],[-79.61755,42.3257],[-79.63443,42.31722],[-79.63911,42.31558],[-79.6457,42.31117],[-79.67305,42.29788],[-79.68553,42.2927],[-79.69552,42.29055],[-79.72079,42.28119],[-79.72714,42.27963],[-79.73725,42.27453],[-79.77164,42.26424],[-79.83463,42.23605],[-79.84068,42.2342],[-79.85865,42.23088],[-79.87035,42.22796],[-79.88242,42.22384],[-79.89169,42.21864],[-79.90404,42.21038],[-79.90845,42.20907],[-79.91395,42.2088],[-79.92862,42.20441],[-79.9382,42.20071],[-79.94831,42.19458],[-79.95325,42.19004],[-79.96134,42.18575],[-79.96839,42.18312],[-79.98026,42.17705],[-80.00002,42.16984],[-80.02312,42.1533],[-80.06327,42.13803],[-80.06983,42.13513],[-80.06916,42.13415],[-80.07012,42.1338]]}},{"type":"Feature","properties":{"_gpxType":"trk","name":"634-36 E 7th St - 407 State St - 7117 Crest Dr - 890 Broad St - 3137 OH-531 - 1035 Bridge St - 4366 Main Ave - 9 W 49th St - 2034 S Ridge Rd W","coordinateProperties":{},"id":3},"geometry":{"type":"LineString","coordinates":[[-80.07028,42.13374],[-80.08082,42.12984],[-80.08218,42.13186],[-80.08594,42.13048],[-80.08646,42.13126]]}},{"type":"Feature","properties":{"_gpxType":"trk","name":"634-36 E 7th St - 407 State St - 7117 Crest Dr - 890 Broad St - 3137 OH-531 - 1035 Bridge St - 4366 Main Ave - 9 W 49th St - 2034 S Ridge Rd W","coordinateProperties":{},"id":3},"geometry":{"type":"LineString","coordinates":[[-80.08646,42.13126],[-80.08893,42.13503],[-80.09039,42.13381]]}},{"type":"Feature","properties":{"_gpxType":"trk","name":"634-36 E 7th St - 407 State St - 7117 Crest Dr - 890 Broad St - 3137 OH-531 - 1035 Bridge St - 4366 Main Ave - 9 W 49th St - 2034 S Ridge Rd W","coordinateProperties":{},"id":3},"geometry":{"type":"LineString","coordinates":[[-80.09039,42.13381],[-80.09635,42.13246],[-80.0995,42.13061],[-80.10914,42.12695],[-80.11496,42.11841],[-80.11879,42.11815],[-80.11967,42.11644],[-80.1552,42.10342],[-80.16208,42.10195],[-80.18554,42.08691],[-80.19034,42.08466],[-80.19149,42.08425],[-80.19263,42.08553],[-80.19346,42.0855],[-80.19902,42.08326],[-80.20346,42.08239],[-80.20142,42.07832],[-80.2037,42.07754],[-80.20187,42.07468],[-80.2071,42.07251],[-80.21008,42.07319],[-80.21084,42.0741],[-80.23239,42.06407],[-80.22839,42.05753],[-80.22824,42.05398],[-80.23381,42.05312],[-80.24287,42.04824],[-80.24323,42.04669],[-80.2426,42.04491],[-80.24729,42.04196],[-80.25054,42.0368],[-80.25313,42.03665],[-80.2532,42.03533],[-80.25869,42.02986],[-80.26653,42.0314],[-80.2715,42.03044],[-80.27616,42.03096],[-80.27792,42.03211],[-80.2825,42.03094],[-80.28367,42.03184],[-80.34389,42.01032],[-80.34573,42.01048],[-80.34679,42.00909],[-80.3519,42.00728],[-80.35436,42.00556],[-80.3558,42.00289],[-80.35342,42.00193],[-80.35119,41.99714],[-80.34704,41.99558],[-80.34657,41.9927],[-80.35474,41.99074],[-80.35589,41.99446],[-80.4054,41.99459],[-80.40563,41.99941],[-80.40614,41.99959],[-80.42372,41.99255],[-80.42496,41.99437],[-80.42585,41.9945],[-80.46301,41.99294],[-80.4746,41.99105],[-80.4822,41.98867],[-80.49301,41.98643],[-80.519,41.97642],[-80.54153,41.97036],[-80.54118,41.96944],[-80.5313,41.96609],[-80.52991,41.96294],[-80.52965,41.95507],[-80.54163,41.95321],[-80.54408,41.94987],[-80.54613,41.94203],[-80.54762,41.94335],[-80.55233,41.9437],[-80.55177,41.9448],[-80.55393,41.9449],[-80.55364,41.94791],[-80.55495,41.94791],[-80.5547,41.94956],[-80.55567,41.95007],[-80.55333,41.9513],[-80.55226,41.96153],[-80.55349,41.96147]]}},{"type":"Feature","properties":{"_gpxType":"trk","name":"634-36 E 7th St - 407 State St - 7117 Crest Dr - 890 Broad St - 3137 OH-531 - 1035 Bridge St - 4366 Main Ave - 9 W 49th St - 2034 S Ridge Rd W","coordinateProperties":{},"id":3},"geometry":{"type":"LineString","coordinates":[[-80.55349,41.96147],[-80.55487,41.96141],[-80.55551,41.95445],[-80.55804,41.95455],[-80.5628,41.95321],[-80.56379,41.95014],[-80.58926,41.94507],[-80.58927,41.94016],[-80.59243,41.93973],[-80.59265,41.93707],[-80.61506,41.93682],[-80.61559,41.91805],[-80.62039,41.91491],[-80.62643,41.91309],[-80.63116,41.90998],[-80.63383,41.90906],[-80.64851,41.909],[-80.66886,41.8977],[-80.67649,41.89087],[-80.68726,41.90034],[-80.68971,41.90368],[-80.69207,41.90956],[-80.72575,41.90813],[-80.72574,41.91761],[-80.74905,41.9154],[-80.75448,41.91432]]}},{"type":"Feature","properties":{"_gpxType":"trk","name":"634-36 E 7th St - 407 State St - 7117 Crest Dr - 890 Broad St - 3137 OH-531 - 1035 Bridge St - 4366 Main Ave - 9 W 49th St - 2034 S Ridge Rd W","coordinateProperties":{},"id":3},"geometry":{"type":"LineString","coordinates":[[-80.75448,41.91432],[-80.76027,41.91099],[-80.7722,41.90571],[-80.7746,41.90554],[-80.77664,41.90423],[-80.77709,41.90317],[-80.78083,41.90315],[-80.78129,41.90143],[-80.78947,41.90096],[-80.7923,41.9],[-80.79643,41.90104],[-80.79926,41.89964]]}},{"type":"Feature","properties":{"_gpxType":"trk","name":"634-36 E 7th St - 407 State St - 7117 Crest Dr - 890 Broad St - 3137 OH-531 - 1035 Bridge St - 4366 Main Ave - 9 W 49th St - 2034 S Ridge Rd W","coordinateProperties":{},"id":3},"geometry":{"type":"LineString","coordinates":[[-80.79926,41.89964],[-80.79695,41.89887],[-80.80519,41.89402],[-80.8055,41.89068],[-80.8038,41.8857],[-80.78646,41.87317],[-80.7823,41.87086],[-80.78222,41.86985]]}},{"type":"Feature","properties":{"_gpxType":"trk","name":"634-36 E 7th St - 407 State St - 7117 Crest Dr - 890 Broad St - 3137 OH-531 - 1035 Bridge St - 4366 Main Ave - 9 W 49th St - 2034 S Ridge Rd W","coordinateProperties":{},"id":3},"geometry":{"type":"LineString","coordinates":[[-80.78222,41.86985],[-80.78488,41.86292],[-80.78587,41.86286]]}},{"type":"Feature","properties":{"_gpxType":"trk","name":"634-36 E 7th St - 407 State St - 7117 Crest Dr - 890 Broad St - 3137 OH-531 - 1035 Bridge St - 4366 Main Ave - 9 W 49th St - 2034 S Ridge Rd W","coordinateProperties":{},"id":3},"geometry":{"type":"LineString","coordinates":[[-80.78587,41.86286],[-80.78635,41.86148],[-80.79246,41.8609],[-80.80412,41.84975],[-80.80843,41.84361]]}},{"type":"Feature","properties":{"_gpxType":"trk","name":"Hide-A-Way Lakes Campground, South Ridge Road West, Ashtabula, OH - 7150 Oakfield North Rd NW - Paradise Lakes Family Campground, Housel Craft Road, Bristolville, OH","coordinateProperties":{},"id":4},"geometry":{"type":"LineString","coordinates":[[-80.80836,41.84374],[-80.84967,41.77754],[-80.85192,41.77237],[-80.85125,41.76829],[-80.84574,41.75748],[-80.84426,41.74978],[-80.84578,41.66188],[-80.85149,41.66035],[-80.8458,41.65861],[-80.84557,41.57679],[-80.84588,41.57303],[-80.84848,41.56262],[-80.848,41.50266],[-80.84895,41.49461],[-80.84912,41.44495],[-80.84872,41.4264],[-80.84855,41.42533],[-80.84532,41.42533],[-80.84536,41.4198]]}},{"type":"Feature","properties":{"_gpxType":"trk","name":"Hide-A-Way Lakes Campground, South Ridge Road West, Ashtabula, OH - 7150 Oakfield North Rd NW - Paradise Lakes Family Campground, Housel Craft Road, Bristolville, OH","coordinateProperties":{},"id":4},"geometry":{"type":"LineString","coordinates":[[-80.84536,41.4198],[-80.84539,41.41778],[-80.84822,41.41679],[-80.84831,41.3641],[-80.85924,41.36361]]}},{"type":"Feature","properties":{"_gpxType":"trk","name":"Paradise Lakes Family Campground, Housel Craft Road, Bristolville, OH - Hurd's Store, Ohio 305, Southington, OH - Kent Cycle, Lake Street, Kent, OH - 3892 Lake Run Boulevard, Stow, OH","coordinateProperties":{},"id":5},"geometry":{"type":"LineString","coordinates":[[-80.85838,41.36593],[-80.85935,41.36574],[-80.85869,41.36444],[-80.85906,41.36385],[-80.86464,41.36355],[-80.86453,41.36257],[-80.86542,41.36229],[-80.89047,41.36],[-80.91306,41.35998],[-80.91293,41.34838],[-80.91531,41.33932],[-80.92512,41.3393],[-80.92511,41.30852],[-80.95583,41.3087]]}},{"type":"Feature","properties":{"_gpxType":"trk","name":"Paradise Lakes Family Campground, Housel Craft Road, Bristolville, OH - Hurd's Store, Ohio 305, Southington, OH - Kent Cycle, Lake Street, Kent, OH - 3892 Lake Run Boulevard, Stow, OH","coordinateProperties":{},"id":5},"geometry":{"type":"LineString","coordinates":[[-80.95583,41.3087],[-80.95593,41.30324],[-80.95756,41.29435],[-81.00281,41.29412],[-81.003,41.29095],[-81.01243,41.29101],[-81.01261,41.29367],[-81.01956,41.29392],[-81.02014,41.29165],[-81.01953,41.28967],[-81.02234,41.2868],[-81.02236,41.27956],[-81.02289,41.27926],[-81.0791,41.28019],[-81.08886,41.28006],[-81.08913,41.279],[-81.09067,41.27934],[-81.09178,41.27875],[-81.09931,41.28182],[-81.1021,41.28203],[-81.11556,41.27672],[-81.1184,41.27696],[-81.12807,41.27994],[-81.13259,41.27904],[-81.13996,41.27573],[-81.14231,41.27584],[-81.1483,41.27797],[-81.1615,41.27629],[-81.16194,41.22322],[-81.17009,41.21717],[-81.21435,41.18797],[-81.21452,41.18281],[-81.24382,41.16398],[-81.24678,41.16287],[-81.25054,41.16309],[-81.27027,41.16988],[-81.29038,41.16886],[-81.31246,41.17236],[-81.32159,41.17091],[-81.34177,41.16601],[-81.34876,41.16589],[-81.35616,41.16193],[-81.35846,41.15909],[-81.35996,41.15849],[-81.3581,41.15804],[-81.35737,41.159]]}},{"type":"Feature","properties":{"_gpxType":"trk","name":"Paradise Lakes Family Campground, Housel Craft Road, Bristolville, OH - Hurd's Store, Ohio 305, Southington, OH - Kent Cycle, Lake Street, Kent, OH - 3892 Lake Run Boulevard, Stow, OH","coordinateProperties":{},"id":5},"geometry":{"type":"LineString","coordinates":[[-81.35737,41.159],[-81.3581,41.15804],[-81.35996,41.15849],[-81.37721,41.16444],[-81.3823,41.16426],[-81.39201,41.1662],[-81.4111,41.16662],[-81.41202,41.16476]]}},{"type":"Feature","properties":{"_gpxType":"trk","name":"3892 Lake Run Boulevard, Stow, OH - 425 E Liberty St, Medina, OH 44256","coordinateProperties":{},"id":6},"geometry":{"type":"LineString","coordinates":[[-81.41202,41.16476],[-81.41134,41.16332],[-81.40902,41.16202],[-81.40145,41.16164],[-81.39859,41.15481],[-81.39718,41.15449],[-81.39684,41.14564],[-81.38975,41.1456],[-81.3859,41.14358],[-81.3887,41.14022],[-81.38864,41.13921],[-81.39198,41.13738],[-81.39269,41.13542],[-81.40743,41.13261],[-81.42198,41.12539],[-81.42429,41.12286],[-81.43496,41.10373],[-81.44088,41.09874],[-81.47454,41.09175],[-81.48428,41.08606],[-81.48752,41.08624],[-81.48997,41.08774],[-81.4938,41.08801],[-81.49752,41.08919],[-81.50288,41.08861],[-81.51354,41.09111],[-81.5179,41.09111],[-81.5191,41.093],[-81.52443,41.09573],[-81.52597,41.0971],[-81.52793,41.10094],[-81.52791,41.10755],[-81.52885,41.11082],[-81.52831,41.11248],[-81.52855,41.11663],[-81.52959,41.11931],[-81.53367,41.12029],[-81.53444,41.12257],[-81.53661,41.12427],[-81.53855,41.1272],[-81.53976,41.13235],[-81.54058,41.13327],[-81.54172,41.13353],[-81.5432,41.13279],[-81.54532,41.13345],[-81.54783,41.1332],[-81.54768,41.13562],[-81.54852,41.1361],[-81.54947,41.13468],[-81.55098,41.13423],[-81.56055,41.13845],[-81.56358,41.14095],[-81.56798,41.15022],[-81.56826,41.15292],[-81.57168,41.15594],[-81.57272,41.156],[-81.57318,41.15828],[-81.57587,41.16204],[-81.58122,41.16199],[-81.58722,41.16086],[-81.59115,41.16206],[-81.59378,41.16199],[-81.59997,41.16012],[-81.60384,41.16123],[-81.60739,41.15958],[-81.61067,41.15581],[-81.61264,41.15536],[-81.62464,41.15716],[-81.63322,41.15751],[-81.63524,41.15686],[-81.63633,41.15819],[-81.64116,41.15848],[-81.65116,41.16097],[-81.65309,41.15989],[-81.65351,41.15806],[-81.65728,41.15559],[-81.67849,41.15552],[-81.68279,41.1564],[-81.69197,41.15562],[-81.79506,41.15578],[-81.80145,41.15503],[-81.80188,41.1529],[-81.83365,41.15276],[-81.83582,41.15217],[-81.83869,41.15493],[-81.84147,41.15626],[-81.85446,41.15651],[-81.85483,41.15501],[-81.85355,41.15246],[-81.85335,41.14955],[-81.85643,41.14751],[-81.85664,41.13913],[-81.85758,41.13913]]}},{"type":"Feature","properties":{"_gpxType":"trk","name":"425 East Liberty Street, Medina, OH - 1991 Eby Rd - Turkey Hollow Campground, Township Road 102, Millersburg, OH","coordinateProperties":{},"id":9},"geometry":{"type":"LineString","coordinates":[[-81.85758,41.13913],[-81.85664,41.13913],[-81.85663,41.13626],[-81.87332,41.13623],[-81.87537,41.13066],[-81.87542,41.12395],[-81.87625,41.12315],[-81.87648,41.12075],[-81.88392,41.12041],[-81.88414,41.084],[-81.8849,41.0804],[-81.88422,41.06405],[-81.87963,41.04449],[-81.88035,41.03736],[-81.87458,41.02548],[-81.87545,41.02484],[-81.87554,41.02069],[-81.87681,41.01935],[-81.87415,41.0166],[-81.86799,41.01256],[-81.86742,41.01002],[-81.86651,41.00987],[-81.86753,40.99174],[-81.86419,40.98479],[-81.86465,40.9458],[-81.85945,40.94582],[-81.8591,40.90168],[-81.86053,40.90168],[-81.8608,40.90048],[-81.86108,40.89106],[-81.86167,40.85851],[-81.86128,40.82457]]}},{"type":"Feature","properties":{"_gpxType":"trk","name":"425 East Liberty Street, Medina, OH - 1991 Eby Rd - Turkey Hollow Campground, Township Road 102, Millersburg, OH","coordinateProperties":{},"id":9},"geometry":{"type":"LineString","coordinates":[[-81.86128,40.82457],[-81.86144,40.82155],[-81.87032,40.81244],[-81.87343,40.80982],[-81.87714,40.80971],[-81.87713,40.80256],[-81.87781,40.79913],[-81.87704,40.79705],[-81.87693,40.79213],[-81.87802,40.79212],[-81.87928,40.7898],[-81.88099,40.7888],[-81.88115,40.78027],[-81.87932,40.77311],[-81.87924,40.7694],[-81.87686,40.75708],[-81.87711,40.68738],[-81.87039,40.6766],[-81.87321,40.67547],[-81.87909,40.66684],[-81.88134,40.6608],[-81.8828,40.65124],[-81.88484,40.64828],[-81.90242,40.63694],[-81.91789,40.63077],[-81.91957,40.629],[-81.92004,40.62738],[-81.91949,40.62727],[-81.92005,40.62327],[-81.91612,40.59559],[-81.91737,40.59047],[-81.92549,40.57243],[-81.92621,40.56762],[-81.92383,40.55876],[-81.92074,40.55279],[-81.9212,40.54981],[-81.92024,40.54918],[-81.91955,40.53894],[-81.92364,40.52633],[-81.92991,40.51544],[-81.92273,40.51559],[-81.9227,40.51411],[-81.92152,40.51418],[-81.91907,40.51594],[-81.91348,40.51486],[-81.90779,40.51539],[-81.90798,40.51362]]}},{"type":"Feature","properties":{"_gpxType":"trk","name":"Turkey Hollow Campground, Township Road 102, Millersburg, OH - Jitters Coffee House, South Washington Street, Millersburg, OH - 11753 OH-520 - 14262 Township Rd 13 - 8480 Fairview Rd, Mt Vernon, OH 43050","coordinateProperties":{},"id":10},"geometry":{"type":"LineString","coordinates":[[-81.90798,40.51362],[-81.90768,40.51539],[-81.9009,40.51526],[-81.89985,40.51785],[-81.89822,40.51882],[-81.89832,40.51978],[-81.90031,40.52089],[-81.90077,40.52526],[-81.90382,40.53029],[-81.90923,40.53309],[-81.91646,40.5349],[-81.9164,40.53543]]}},{"type":"Feature","properties":{"_gpxType":"trk","name":"Turkey Hollow Campground, Township Road 102, Millersburg, OH - Jitters Coffee House, South Washington Street, Millersburg, OH - 11753 OH-520 - 14262 Township Rd 13 - 8480 Fairview Rd, Mt Vernon, OH 43050","coordinateProperties":{},"id":10},"geometry":{"type":"LineString","coordinates":[[-81.9164,40.53543],[-81.91868,40.53574],[-81.92069,40.53451],[-81.92364,40.52633],[-81.93215,40.51204],[-81.94764,40.50182],[-81.95068,40.5006],[-81.95513,40.50095],[-81.96865,40.50666],[-81.97347,40.50703],[-81.9782,40.50561],[-81.98248,40.50293],[-81.98366,40.49539],[-81.99057,40.49482],[-81.99314,40.49934],[-81.99696,40.50109],[-82.01684,40.49959],[-82.02125,40.50318],[-82.02244,40.50549],[-82.02903,40.50702],[-82.02995,40.51125],[-82.03589,40.51337],[-82.04216,40.51361],[-82.04487,40.51302],[-82.04688,40.51178],[-82.04978,40.50724],[-82.05305,40.50759]]}},{"type":"Feature","properties":{"_gpxType":"trk","name":"Turkey Hollow Campground, Township Road 102, Millersburg, OH - Jitters Coffee House, South Washington Street, Millersburg, OH - 11753 OH-520 - 14262 Township Rd 13 - 8480 Fairview Rd, Mt Vernon, OH 43050","coordinateProperties":{},"id":10},"geometry":{"type":"LineString","coordinates":[[-82.05305,40.50759],[-82.05851,40.50846],[-82.06413,40.5121],[-82.06887,40.5113],[-82.07232,40.5118],[-82.07389,40.51311],[-82.07561,40.51647],[-82.07688,40.51727],[-82.08074,40.51788],[-82.0915,40.51724],[-82.09288,40.51768],[-82.09506,40.51985],[-82.09748,40.52003],[-82.09721,40.51813],[-82.10106,40.51675],[-82.10474,40.51275],[-82.11646,40.50407],[-82.12557,40.50277],[-82.12929,40.50305],[-82.13505,40.50005],[-82.14302,40.49934],[-82.14629,40.49766],[-82.14753,40.49512],[-82.14731,40.49407],[-82.14409,40.49213],[-82.14348,40.49021],[-82.14516,40.48686],[-82.14572,40.48312],[-82.14884,40.47646],[-82.14644,40.47543],[-82.14113,40.47703]]}},{"type":"Feature","properties":{"_gpxType":"trk","name":"Turkey Hollow Campground, Township Road 102, Millersburg, OH - Jitters Coffee House, South Washington Street, Millersburg, OH - 11753 OH-520 - 14262 Township Rd 13 - 8480 Fairview Rd, Mt Vernon, OH 43050","coordinateProperties":{},"id":10},"geometry":{"type":"LineString","coordinates":[[-82.14113,40.47703],[-82.14551,40.4755],[-82.1489,40.47627],[-82.15049,40.47389],[-82.15136,40.46999],[-82.15533,40.46592],[-82.15935,40.46335],[-82.16261,40.46266],[-82.16855,40.45951],[-82.17221,40.46006],[-82.17631,40.46255],[-82.18182,40.46752],[-82.18783,40.4677],[-82.20667,40.45933],[-82.21377,40.45311],[-82.22057,40.45251],[-82.22522,40.45029],[-82.24049,40.4511],[-82.25695,40.446],[-82.25747,40.44316],[-82.26336,40.44335],[-82.26357,40.44415],[-82.28166,40.43835],[-82.30082,40.43472],[-82.30309,40.43312],[-82.31331,40.41798],[-82.32633,40.40713],[-82.34124,40.3923],[-82.39301,40.36897],[-82.39844,40.36922],[-82.40552,40.37474],[-82.40951,40.37665],[-82.41787,40.37777],[-82.42372,40.37973],[-82.42805,40.37912],[-82.43396,40.3767],[-82.45737,40.37554],[-82.46614,40.37954],[-82.46869,40.38318],[-82.47316,40.38508],[-82.47487,40.38662],[-82.48375,40.38756],[-82.48481,40.3886],[-82.48684,40.38912],[-82.51088,40.36694],[-82.5207,40.35603],[-82.52401,40.35429],[-82.57085,40.34747],[-82.57024,40.34767],[-82.57103,40.35154],[-82.57444,40.35233],[-82.57933,40.35776],[-82.57999,40.36024],[-82.57967,40.36358]]}},{"type":"Feature","properties":{"_gpxType":"trk","name":"8480 Fairview Road, Mount Vernon, OH - 1779 Leonard Ave - 1225 Hamlet St, Columbus, OH 43201","coordinateProperties":{},"id":11},"geometry":{"type":"LineString","coordinates":[[-82.57967,40.36358],[-82.57999,40.36024],[-82.57923,40.35752],[-82.57474,40.35256],[-82.57198,40.35216],[-82.57086,40.35133],[-82.57026,40.34805],[-82.57085,40.3476],[-82.57659,40.34744],[-82.58168,40.34859],[-82.60661,40.35144],[-82.61608,40.35103],[-82.62637,40.34902],[-82.63418,40.34458],[-82.64579,40.34021],[-82.65396,40.33432],[-82.65779,40.3305],[-82.7049,40.29843],[-82.70978,40.29342],[-82.71184,40.29291],[-82.72695,40.29345],[-82.73719,40.29244],[-82.75031,40.28403],[-82.7622,40.12075],[-82.7668,40.11907],[-82.77202,40.11516],[-82.77261,40.11217],[-82.77829,40.10396],[-82.78088,40.09647],[-82.79669,40.08899],[-82.80611,40.09074],[-82.83142,40.09164],[-82.86336,40.08051],[-82.86717,40.07974],[-82.88185,40.08076],[-82.8891,40.08053],[-82.89593,40.08222],[-82.90506,40.08295],[-82.90749,40.0823],[-82.90833,40.0805],[-82.90806,40.07051],[-82.90317,40.05388],[-82.90264,40.04953],[-82.90444,40.01959],[-82.90585,40.01641],[-82.90596,40.01372],[-82.91124,40.00839],[-82.92305,40.00183],[-82.93355,39.99498],[-82.93754,39.99026],[-82.93995,39.98369],[-82.94119,39.9821],[-82.9446,39.9811],[-82.95583,39.98116]]}},{"type":"Feature","properties":{"_gpxType":"trk","name":"8480 Fairview Road, Mount Vernon, OH - 1779 Leonard Ave - 1225 Hamlet St, Columbus, OH 43201","coordinateProperties":{},"id":11},"geometry":{"type":"LineString","coordinates":[[-82.95583,39.98116],[-82.97454,39.97861],[-82.98719,39.9794],[-82.99489,39.97618],[-82.99682,39.97605],[-82.99783,39.97708],[-82.99957,39.98687],[-83.00083,39.98692],[-83.00081,39.9879]]}},{"type":"Feature","properties":{"_gpxType":"trk","name":"1225 Hamlet Street, Columbus, OH - 194 Progress Dr","coordinateProperties":{},"id":18},"geometry":{"type":"LineString","coordinates":[[-83.00081,39.9879],[-83.00158,39.98696],[-83.00828,39.98724],[-83.0083,39.98543],[-83.00963,39.98533],[-83.00976,39.98359],[-83.02228,39.98417],[-83.02292,39.98142],[-83.02206,39.97329],[-83.02246,39.97124],[-83.02374,39.96889],[-83.02576,39.96788],[-83.02821,39.96792],[-83.02857,39.96714],[-83.028,39.96704],[-83.03983,39.96762],[-83.04424,39.96988],[-83.04345,39.96869],[-83.04519,39.96683],[-83.0489,39.96684],[-83.05487,39.96813],[-83.06337,39.96564],[-83.06425,39.96465],[-83.06669,39.96436],[-83.06673,39.96347],[-83.07947,39.96034],[-83.09581,39.95128],[-83.09674,39.94966],[-83.10085,39.94774],[-83.10306,39.94779],[-83.11143,39.94289],[-83.11295,39.93879],[-83.11756,39.93927],[-83.19168,39.89813],[-83.20528,39.89152],[-83.213,39.8919],[-83.21487,39.89138],[-83.21686,39.89176],[-83.21706,39.89339],[-83.2189,39.89296],[-83.21935,39.89213],[-83.22333,39.89181],[-83.42105,39.88705],[-83.44281,39.8844],[-83.44683,39.88145],[-83.45562,39.87709],[-83.45679,39.87976],[-83.51694,39.85919],[-83.60996,39.82594],[-83.62894,39.82233],[-83.632,39.82359],[-83.63748,39.82169],[-83.63812,39.8202],[-83.68765,39.80127],[-83.72902,39.78066],[-83.90944,39.68467],[-83.93293,39.67948],[-83.93554,39.68151],[-83.93637,39.68313],[-83.95088,39.68174],[-83.95145,39.68327],[-83.95223,39.68349],[-83.96059,39.68327],[-83.96288,39.68545],[-83.96492,39.68603]]}},{"type":"Feature","properties":{"_gpxType":"trk","name":"Hampton Inn & Suites Xenia Dayton, Progress Drive, Xenia, OH - 7753 Wooster Pike - 2110 Kemper Lane, Cincinnati, OH","coordinateProperties":{},"id":19},"geometry":{"type":"LineString","coordinates":[[-83.96502,39.6862],[-83.96313,39.68549],[-83.96309,39.6845],[-83.96127,39.68266],[-83.95618,39.68246],[-83.95608,39.67909],[-83.95344,39.67802],[-83.95376,39.67688],[-83.95097,39.67586],[-83.94798,39.67732],[-83.94583,39.67497],[-83.97639,39.64981],[-83.98731,39.63814],[-84.00207,39.62681],[-84.00342,39.62505],[-84.00916,39.61247],[-84.00974,39.60118],[-84.01478,39.58826],[-84.02033,39.56829],[-84.02136,39.55926],[-84.02365,39.55469],[-84.02757,39.551],[-84.04788,39.53643],[-84.06293,39.53182],[-84.08596,39.5218],[-84.09279,39.51617],[-84.09569,39.51188],[-84.0976,39.50659],[-84.0967,39.49922],[-84.10558,39.48741],[-84.10907,39.47483],[-84.1067,39.46962],[-84.09979,39.46196],[-84.09741,39.45765],[-84.09708,39.44994],[-84.1008,39.44204],[-84.10151,39.43232],[-84.10256,39.43069],[-84.10649,39.42779],[-84.10706,39.42562],[-84.10327,39.41863],[-84.1035,39.41289],[-84.09721,39.40451],[-84.09764,39.40252],[-84.10054,39.39918],[-84.10078,39.39735],[-84.0946,39.39261],[-84.09101,39.3847],[-84.09079,39.38181],[-84.09334,39.37507],[-84.10069,39.36686],[-84.1084,39.36162],[-84.11111,39.36061],[-84.11941,39.35955],[-84.12779,39.35523],[-84.13116,39.35449],[-84.13401,39.35467],[-84.14884,39.36012],[-84.16918,39.3614],[-84.19006,39.36477],[-84.1955,39.36628],[-84.19904,39.36562],[-84.20289,39.36333],[-84.20488,39.36299],[-84.22341,39.3673],[-84.22973,39.3657],[-84.23431,39.36563],[-84.23641,39.36451],[-84.23709,39.36283],[-84.23555,39.35823],[-84.23626,39.35484],[-84.24129,39.35161],[-84.25027,39.34956],[-84.25295,39.34635],[-84.25401,39.3433],[-84.25403,39.33809],[-84.2521,39.32954],[-84.25093,39.31827],[-84.25195,39.31452],[-84.25689,39.30774],[-84.25672,39.3056],[-84.25456,39.29997],[-84.25449,39.29751],[-84.25667,39.29329],[-84.26222,39.28642],[-84.26279,39.28432],[-84.26204,39.28246],[-84.25718,39.27914],[-84.25582,39.27706],[-84.25625,39.27247],[-84.25916,39.26661],[-84.26074,39.26458],[-84.26826,39.25926],[-84.28117,39.25193],[-84.28962,39.24877],[-84.29443,39.23997],[-84.29875,39.23527],[-84.30056,39.23403],[-84.30493,39.23288],[-84.30787,39.23013],[-84.31025,39.22664],[-84.31269,39.22059],[-84.31216,39.21768],[-84.31027,39.21577],[-84.30762,39.21475],[-84.29704,39.21338],[-84.29094,39.20767],[-84.29042,39.20491],[-84.29341,39.18099],[-84.30001,39.17691],[-84.30062,39.17529],[-84.29977,39.17102],[-84.30077,39.16905],[-84.32261,39.15212],[-84.33432,39.14722],[-84.34193,39.13888],[-84.34676,39.13715],[-84.35142,39.13741]]}},{"type":"Feature","properties":{"_gpxType":"trk","name":"Hampton Inn & Suites Xenia Dayton, Progress Drive, Xenia, OH - 7753 Wooster Pike - 2110 Kemper Lane, Cincinnati, OH","coordinateProperties":{},"id":19},"geometry":{"type":"LineString","coordinates":[[-84.35142,39.13741],[-84.35284,39.13747],[-84.35726,39.13133],[-84.36067,39.13164],[-84.36536,39.12902],[-84.36453,39.12729],[-84.37089,39.12681],[-84.37418,39.12729],[-84.37511,39.12337],[-84.37762,39.12302],[-84.37867,39.12184],[-84.385,39.11936],[-84.39076,39.11509],[-84.39735,39.1127],[-84.39937,39.11087],[-84.40043,39.10756],[-84.40264,39.1102],[-84.40728,39.10752],[-84.41,39.10962],[-84.41007,39.11099],[-84.41494,39.11075],[-84.41737,39.114],[-84.42181,39.10827],[-84.42828,39.10574],[-84.43035,39.10325],[-84.43412,39.10767],[-84.43597,39.10703],[-84.44023,39.11381],[-84.44027,39.116],[-84.44106,39.11703],[-84.45054,39.12158],[-84.46248,39.12423],[-84.46864,39.12372],[-84.48155,39.11865],[-84.48701,39.11457],[-84.48508,39.11776],[-84.48772,39.12007]]}},{"type":"Feature","properties":{"_gpxType":"trk","name":"2110 Kemper Lane, Cincinnati, OH - Purple People Bridge - Deeper Roots Coffee, West 4th Street, Cincinnati, OH - Randolph Township, IN 47040","coordinateProperties":{},"id":21},"geometry":{"type":"LineString","coordinates":[[-84.48772,39.12007],[-84.48813,39.12029],[-84.48842,39.11783],[-84.49104,39.11509],[-84.49168,39.11329],[-84.4926,39.11289],[-84.49341,39.11455],[-84.49538,39.11474],[-84.49528,39.11338],[-84.49721,39.11299],[-84.49843,39.11183],[-84.49901,39.11028],[-84.49814,39.11001],[-84.49851,39.10909],[-84.50298,39.10715],[-84.50307,39.10625],[-84.49977,39.10342],[-84.50136,39.10219],[-84.50066,39.10136],[-84.5011,39.10082],[-84.50419,39.09889],[-84.49953,39.09429],[-84.49504,39.09684],[-84.49568,39.09655]]}},{"type":"Feature","properties":{"_gpxType":"trk","name":"2110 Kemper Lane, Cincinnati, OH - Purple People Bridge - Deeper Roots Coffee, West 4th Street, Cincinnati, OH - Randolph Township, IN 47040","coordinateProperties":{},"id":21},"geometry":{"type":"LineString","coordinates":[[-84.49568,39.09655],[-84.49524,39.09693],[-84.4991,39.094],[-84.50389,39.09862],[-84.50561,39.09933],[-84.50911,39.09912],[-84.50938,39.10013],[-84.51024,39.1003],[-84.51857,39.0992]]}},{"type":"Feature","properties":{"_gpxType":"trk","name":"2110 Kemper Lane, Cincinnati, OH - Purple People Bridge - Deeper Roots Coffee, West 4th Street, Cincinnati, OH - Randolph Township, IN 47040","coordinateProperties":{},"id":21},"geometry":{"type":"LineString","coordinates":[[-84.51857,39.0992],[-84.51911,39.09769],[-84.52203,39.09725],[-84.52845,39.09777],[-84.52971,39.09846],[-84.5303,39.09986],[-84.52984,39.10346],[-84.55368,39.10539],[-84.55401,39.10707],[-84.55443,39.1062],[-84.55527,39.10849],[-84.55698,39.10959],[-84.5726,39.11061],[-84.5763,39.11397],[-84.58405,39.11438],[-84.5899,39.11323],[-84.59328,39.11574],[-84.59729,39.11667],[-84.59968,39.11846],[-84.61595,39.11881],[-84.64436,39.12076],[-84.65123,39.11927],[-84.65865,39.12028],[-84.66236,39.11905],[-84.66417,39.12009],[-84.66745,39.12015],[-84.67123,39.12409],[-84.67774,39.12365],[-84.68946,39.12425],[-84.69186,39.12506],[-84.69792,39.12943],[-84.70179,39.13347],[-84.70827,39.13675],[-84.71503,39.13925],[-84.71527,39.13881],[-84.73936,39.14891],[-84.74812,39.15005],[-84.75072,39.15369],[-84.75075,39.15714],[-84.75398,39.15643],[-84.75477,39.15734],[-84.76512,39.15898],[-84.76912,39.16033],[-84.7787,39.16024],[-84.78453,39.15839],[-84.79407,39.15256],[-84.80432,39.15706],[-84.80491,39.16148],[-84.80981,39.16099],[-84.81207,39.16211],[-84.81436,39.15982],[-84.82093,39.15815],[-84.82029,39.15551],[-84.82058,39.14907],[-84.82395,39.14814],[-84.83078,39.14171],[-84.83895,39.13754],[-84.84035,39.13453],[-84.84245,39.13237],[-84.84402,39.12803],[-84.8459,39.12607],[-84.84883,39.12488],[-84.85294,39.12473],[-84.85671,39.11789],[-84.85708,39.11438],[-84.86074,39.10983],[-84.86292,39.10171],[-84.85974,39.09906],[-84.85895,39.09707],[-84.85755,39.09739],[-84.85564,39.09239],[-84.85295,39.09009],[-84.85279,39.08956],[-84.85443,39.08826],[-84.85331,39.08699],[-84.85477,39.08586],[-84.86153,39.08399],[-84.87297,39.07876],[-84.89195,39.06506],[-84.89734,39.06197],[-84.90035,39.05531],[-84.89804,39.05445],[-84.89751,39.05188],[-84.89437,39.04862],[-84.88817,39.03736],[-84.88011,39.01527],[-84.87719,39.00936],[-84.8757,39.00811],[-84.87158,39.00658],[-84.85898,38.99732],[-84.85356,38.99239],[-84.85004,38.98624],[-84.84855,38.97952],[-84.84992,38.97038],[-84.85074,38.95503],[-84.8523,38.95308],[-84.85161,38.9527],[-84.85299,38.95116],[-84.85237,38.95077],[-84.85364,38.94939]]}},{"type":"Feature","properties":{"_gpxType":"trk","name":"4341 IN-56 - Vault toilet, 1501 Green Rd, Madison, IN 47250","coordinateProperties":{},"id":22},"geometry":{"type":"LineString","coordinates":[[-84.86955,38.93431],[-84.87405,38.92945],[-84.88064,38.91839],[-84.89131,38.92182],[-84.90061,38.9223],[-84.90281,38.92114],[-84.90944,38.91438],[-84.91412,38.9128],[-84.9215,38.91256],[-84.93003,38.91549],[-84.93098,38.914],[-84.93338,38.91356],[-84.93672,38.91147],[-84.93909,38.90834],[-84.95036,38.90227],[-84.954,38.90251],[-84.96737,38.9086],[-84.98706,38.90543],[-84.99227,38.90076],[-84.99738,38.89422],[-85.01687,38.8814],[-85.0202,38.87305],[-85.13232,38.87368],[-85.13381,38.87324],[-85.13698,38.87058],[-85.14631,38.87063],[-85.14718,38.86761],[-85.14778,38.86755],[-85.15299,38.87068],[-85.18942,38.87099],[-85.20495,38.87032],[-85.21148,38.87086],[-85.21218,38.87071],[-85.21225,38.8653],[-85.21611,38.86107],[-85.21608,38.8574],[-85.21798,38.85487],[-85.22117,38.85398],[-85.22507,38.85393],[-85.22532,38.852],[-85.22677,38.85129],[-85.22774,38.84823],[-85.23825,38.84834],[-85.24073,38.84614],[-85.24386,38.84496],[-85.24735,38.84172],[-85.2505,38.84102],[-85.25085,38.83993],[-85.24994,38.83871],[-85.24989,38.83702],[-85.25336,38.8355],[-85.25655,38.8353],[-85.25869,38.83712],[-85.25921,38.83979],[-85.26903,38.83928],[-85.27431,38.83717],[-85.28881,38.83691],[-85.29289,38.83493],[-85.29597,38.83611],[-85.30415,38.83427],[-85.30562,38.83339],[-85.30675,38.83],[-85.30818,38.82853],[-85.31929,38.82218],[-85.32083,38.81748],[-85.32208,38.8158],[-85.32344,38.816],[-85.33037,38.82097],[-85.33412,38.82539],[-85.3352,38.82583],[-85.34576,38.82418],[-85.35309,38.82098],[-85.35533,38.82099],[-85.35732,38.82196],[-85.36879,38.82199],[-85.36893,38.79618],[-85.38311,38.79698],[-85.38547,38.79627],[-85.38722,38.78368],[-85.38734,38.77318],[-85.39534,38.77266],[-85.39537,38.77184],[-85.39668,38.77186],[-85.39661,38.7626],[-85.39779,38.76258],[-85.39776,38.76171],[-85.41997,38.76128],[-85.41976,38.75979],[-85.42151,38.75897],[-85.42205,38.75816],[-85.42147,38.75768]]}},{"type":"Feature","properties":{"_gpxType":"trk","name":"1501 Green Rd - 6014 S 550 W - 5707 New Washington Bethlehem Rd - 10610 Charlestown New Market Rd - 7972 High Jackson Rd - 8th St - 602 Baxter Avenue, Louisville, KY","coordinateProperties":{},"id":23},"geometry":{"type":"LineString","coordinates":[[-85.42367,38.75812],[-85.41974,38.75999],[-85.42256,38.75961],[-85.42618,38.76043],[-85.42604,38.76125],[-85.42302,38.76264],[-85.42359,38.76369],[-85.42974,38.76135],[-85.43131,38.76153],[-85.43412,38.76419],[-85.43212,38.76534],[-85.43303,38.7663],[-85.43362,38.76949],[-85.436,38.77009],[-85.43667,38.77112],[-85.43753,38.77113],[-85.43842,38.77005],[-85.43846,38.76807],[-85.43932,38.76744],[-85.46862,38.7672],[-85.46962,38.76007],[-85.47085,38.75995],[-85.47096,38.75937],[-85.47087,38.754],[-85.47202,38.75192],[-85.47077,38.74988],[-85.47048,38.7236],[-85.47277,38.72361],[-85.47323,38.72248],[-85.47487,38.70408],[-85.4795,38.70186],[-85.47925,38.68256],[-85.48795,38.66576],[-85.48843,38.65099]]}},{"type":"Feature","properties":{"_gpxType":"trk","name":"1501 Green Rd - 6014 S 550 W - 5707 New Washington Bethlehem Rd - 10610 Charlestown New Market Rd - 7972 High Jackson Rd - 8th St - 602 Baxter Avenue, Louisville, KY","coordinateProperties":{},"id":23},"geometry":{"type":"LineString","coordinates":[[-85.48843,38.65099],[-85.49713,38.65085],[-85.49735,38.65038],[-85.49653,38.64721],[-85.49691,38.6289],[-85.49413,38.62844],[-85.49316,38.62709],[-85.49309,38.6212],[-85.49685,38.62116],[-85.49637,38.58532],[-85.49433,38.58489],[-85.49422,38.58093],[-85.49937,38.57639],[-85.50045,38.57309],[-85.49983,38.57021],[-85.50331,38.56893]]}},{"type":"Feature","properties":{"_gpxType":"trk","name":"1501 Green Rd - 6014 S 550 W - 5707 New Washington Bethlehem Rd - 10610 Charlestown New Market Rd - 7972 High Jackson Rd - 8th St - 602 Baxter Avenue, Louisville, KY","coordinateProperties":{},"id":23},"geometry":{"type":"LineString","coordinates":[[-85.50331,38.56893],[-85.5071,38.5691],[-85.51513,38.56732],[-85.52044,38.5632],[-85.57836,38.56266],[-85.57988,38.56014],[-85.5814,38.5598],[-85.58079,38.55851],[-85.58158,38.55617],[-85.58702,38.55022],[-85.59186,38.54847],[-85.60099,38.54344],[-85.60518,38.54312],[-85.61132,38.53931],[-85.61361,38.53663],[-85.61604,38.53629],[-85.61757,38.53495],[-85.62795,38.53016],[-85.63162,38.5274],[-85.6344,38.52312],[-85.63496,38.51852],[-85.63659,38.51645],[-85.638,38.51138],[-85.63931,38.50952]]}},{"type":"Feature","properties":{"_gpxType":"trk","name":"1501 Green Rd - 6014 S 550 W - 5707 New Washington Bethlehem Rd - 10610 Charlestown New Market Rd - 7972 High Jackson Rd - 8th St - 602 Baxter Avenue, Louisville, KY","coordinateProperties":{},"id":23},"geometry":{"type":"LineString","coordinates":[[-85.63931,38.50952],[-85.64575,38.50027],[-85.64494,38.4978],[-85.64557,38.4956],[-85.65041,38.49061],[-85.65146,38.48741],[-85.65009,38.47704],[-85.64339,38.46913],[-85.64623,38.46698],[-85.64275,38.46201],[-85.64751,38.45931],[-85.65471,38.45375],[-85.65776,38.44814],[-85.6577,38.44702],[-85.66093,38.44516],[-85.65906,38.44319],[-85.65943,38.44279],[-85.68543,38.42732],[-85.68544,38.42611]]}},{"type":"Feature","properties":{"_gpxType":"trk","name":"1501 Green Rd - 6014 S 550 W - 5707 New Washington Bethlehem Rd - 10610 Charlestown New Market Rd - 7972 High Jackson Rd - 8th St - 602 Baxter Avenue, Louisville, KY","coordinateProperties":{},"id":23},"geometry":{"type":"LineString","coordinates":[[-85.68544,38.42611],[-85.68526,38.42347],[-85.68335,38.42123],[-85.68691,38.41896],[-85.68535,38.41768],[-85.68437,38.4159],[-85.68464,38.41386],[-85.68332,38.41282],[-85.6838,38.41134],[-85.6852,38.41043],[-85.67735,38.40166],[-85.67524,38.40075],[-85.67519,38.39832],[-85.66759,38.39014],[-85.66653,38.38715],[-85.66372,38.38517],[-85.66458,38.38329]]}},{"type":"Feature","properties":{"_gpxType":"trk","name":"1501 Green Rd - 6014 S 550 W - 5707 New Washington Bethlehem Rd - 10610 Charlestown New Market Rd - 7972 High Jackson Rd - 8th St - 602 Baxter Avenue, Louisville, KY","coordinateProperties":{},"id":23},"geometry":{"type":"LineString","coordinates":[[-85.66458,38.38329],[-85.6704,38.37],[-85.66859,38.35882],[-85.66703,38.35581],[-85.66815,38.35216],[-85.66621,38.34613],[-85.66933,38.34362],[-85.67029,38.33722],[-85.67352,38.33519],[-85.6737,38.33328],[-85.68254,38.32889],[-85.68735,38.3238],[-85.6971,38.31753],[-85.70226,38.31283],[-85.70826,38.29988],[-85.71365,38.29537],[-85.70864,38.28925],[-85.74243,38.27058],[-85.73681,38.26225],[-85.73772,38.26198],[-85.73732,38.26267],[-85.73583,38.26234],[-85.73675,38.26158],[-85.73657,38.26],[-85.7273,38.26014],[-85.71887,38.25157],[-85.72921,38.24606]]}},{"type":"Feature","properties":{"_gpxType":"trk","name":"602 Baxter Avenue, Louisville, KY - 158 Bent Pine Lane, Brandenburg, KY","coordinateProperties":{},"id":25},"geometry":{"type":"LineString","coordinates":[[-85.72881,38.24605],[-85.73295,38.2512],[-85.73231,38.25378],[-85.73981,38.25479],[-85.73933,38.2577],[-85.74608,38.2578],[-85.74616,38.2587],[-85.74882,38.25953],[-85.76533,38.25915],[-85.77185,38.26274],[-85.7807,38.27146],[-85.78677,38.27554],[-85.81421,38.27401],[-85.82396,38.26834],[-85.82744,38.26187],[-85.82801,38.25881],[-85.8307,38.25785],[-85.83141,38.25397],[-85.83138,38.25205],[-85.82932,38.25063],[-85.83092,38.23664],[-85.83072,38.23292],[-85.82767,38.23208],[-85.82774,38.22778],[-85.82714,38.22678],[-85.8236,38.22593],[-85.82387,38.22305],[-85.82289,38.22075],[-85.82366,38.21956],[-85.82395,38.2149],[-85.82932,38.21349],[-85.83226,38.2142],[-85.83809,38.21328],[-85.84386,38.20868],[-85.84789,38.20726],[-85.85863,38.19916],[-85.86455,38.19576],[-85.86864,38.192],[-85.87289,38.19388],[-85.87371,38.19289],[-85.87471,38.19293],[-85.8782,38.19455],[-85.88082,38.19049],[-85.88049,38.18865],[-85.87234,38.18342],[-85.87204,38.18236],[-85.87381,38.18149],[-85.8739,38.18028],[-85.87593,38.18055],[-85.87764,38.17972],[-85.87708,38.17647],[-85.89014,38.17534],[-85.89266,38.16804],[-85.89636,38.14751],[-85.90059,38.14712],[-85.90116,38.1326],[-85.89924,38.13009],[-85.8986,38.11911],[-85.89681,38.11662],[-85.8974,38.11342],[-85.89652,38.10861],[-85.89454,38.10515],[-85.89411,38.09754],[-85.89508,38.0929],[-85.90033,38.08677],[-85.9025,38.08039],[-85.9059,38.06745],[-85.90519,38.0628],[-85.90444,38.06226],[-85.90779,38.05578],[-85.9031,38.05333],[-85.90083,38.04731],[-85.89963,38.04646],[-85.91321,38.03301],[-85.91618,38.0278],[-85.91709,38.02262],[-85.92682,38.01297],[-85.93962,38.00395],[-85.94373,37.99957],[-85.95108,37.9984],[-85.95908,37.99382],[-85.96161,37.98849],[-85.96237,37.97949],[-85.96398,37.97709],[-85.96679,37.97566],[-85.98084,37.97232],[-85.98642,37.96852],[-85.99691,37.94791],[-85.99722,37.94343],[-85.99563,37.93922],[-86.00324,37.9362],[-86.02394,37.92218],[-86.0278,37.92196],[-86.03791,37.92461],[-86.06961,37.93997],[-86.07448,37.9412],[-86.07756,37.94318],[-86.08641,37.94598],[-86.09493,37.95025],[-86.10507,37.95279],[-86.10369,37.95758],[-86.0998,37.96257],[-86.09817,37.96736],[-86.10017,37.96979],[-86.10225,37.97101],[-86.10428,37.97107],[-86.10641,37.97306],[-86.10939,37.97268]]}},{"type":"Feature","properties":{"_gpxType":"trk","name":"158 Bent Pine Lane, Brandenburg, KY - 201 W Main St, Cloverport, KY 40111","coordinateProperties":{},"id":26},"geometry":{"type":"LineString","coordinates":[[-86.10939,37.97268],[-86.10644,37.97308],[-86.10435,37.97111],[-86.10225,37.97101],[-86.10017,37.96987],[-86.09806,37.96702],[-86.09971,37.96271],[-86.10375,37.95744],[-86.10494,37.95301],[-86.09411,37.94955],[-86.0952,37.94257],[-86.09685,37.94059],[-86.10199,37.92926],[-86.10449,37.93021],[-86.10606,37.92995],[-86.12897,37.91827],[-86.13047,37.90962],[-86.13996,37.91018],[-86.1408,37.90979],[-86.1418,37.90649],[-86.14822,37.9062],[-86.15102,37.90501],[-86.15192,37.89937],[-86.15545,37.89223],[-86.15736,37.8866],[-86.16203,37.88251],[-86.16489,37.87729],[-86.17096,37.87356],[-86.17384,37.8704],[-86.17476,37.86988],[-86.17684,37.8706],[-86.17993,37.87366],[-86.19402,37.87789],[-86.19651,37.87321],[-86.19976,37.86943],[-86.20223,37.86239],[-86.20394,37.85418],[-86.20827,37.84591],[-86.21846,37.84328],[-86.22594,37.84315],[-86.2484,37.83964],[-86.25991,37.8395],[-86.27477,37.83362],[-86.28206,37.82966],[-86.28898,37.8269],[-86.29712,37.82007],[-86.30481,37.82036],[-86.30779,37.82176],[-86.31165,37.81891],[-86.31566,37.81911],[-86.31794,37.81606],[-86.32212,37.80774],[-86.32986,37.80161],[-86.33413,37.79391],[-86.33641,37.79123],[-86.34076,37.78811],[-86.34516,37.78637],[-86.3531,37.78346],[-86.36762,37.77964],[-86.36934,37.78246],[-86.37509,37.78149],[-86.37699,37.77956],[-86.37913,37.77583],[-86.37874,37.77511],[-86.3838,37.76722],[-86.38853,37.76494],[-86.39138,37.76469],[-86.40075,37.76769],[-86.40723,37.76513],[-86.41343,37.76639],[-86.41915,37.76629],[-86.42845,37.76311],[-86.43068,37.76324],[-86.44181,37.76832],[-86.44522,37.7741],[-86.45216,37.78146],[-86.4609,37.78002],[-86.46127,37.78128],[-86.47589,37.77763],[-86.48647,37.77297],[-86.49569,37.76723],[-86.5014,37.76712],[-86.50499,37.76914],[-86.51281,37.77145],[-86.51958,37.76856],[-86.52761,37.76682],[-86.53758,37.76794],[-86.54448,37.76735],[-86.55338,37.77367],[-86.56182,37.77838],[-86.56319,37.78088],[-86.56024,37.78587],[-86.5603,37.78734],[-86.56894,37.79531],[-86.57499,37.79641],[-86.57861,37.79623],[-86.58476,37.79841],[-86.58798,37.80592],[-86.6043,37.81035],[-86.60639,37.81434],[-86.61107,37.81648],[-86.61344,37.81866],[-86.61448,37.82123],[-86.62537,37.82417],[-86.63011,37.82904],[-86.63167,37.83718]]}},{"type":"Feature","properties":{"_gpxType":"trk","name":"Bill's IGA, Hawes Boulevard, Hawesville, KY - River Rd - 10300 US-431, Utica, KY 42376","coordinateProperties":{},"id":27},"geometry":{"type":"LineString","coordinates":[[-86.75427,37.89631],[-86.75531,37.89787],[-86.75337,37.89962],[-86.75365,37.90042],[-86.74937,37.90137],[-86.75667,37.90657],[-86.75564,37.90806],[-86.76561,37.91916],[-86.77093,37.92693],[-86.77174,37.92714],[-86.77422,37.92576],[-86.77792,37.92751],[-86.78671,37.9339],[-86.79113,37.93849],[-86.79712,37.94913],[-86.79802,37.95387],[-86.79797,37.96153],[-86.80187,37.97562],[-86.80397,37.9788],[-86.80917,37.98409],[-86.81499,37.98875]]}},{"type":"Feature","properties":{"_gpxType":"trk","name":"Bill's IGA, Hawes Boulevard, Hawesville, KY - River Rd - 10300 US-431, Utica, KY 42376","coordinateProperties":{},"id":27},"geometry":{"type":"LineString","coordinates":[[-86.81499,37.98875],[-86.82307,37.98377],[-86.82211,37.98202],[-86.82252,37.98172],[-86.8302,37.97972],[-86.84143,37.97537],[-86.84275,37.97192],[-86.86638,37.95685],[-86.86558,37.953],[-86.86648,37.95147],[-86.87082,37.9509],[-86.87754,37.95428],[-86.88708,37.94742],[-86.89788,37.94105],[-86.89789,37.94013],[-86.9026,37.93804],[-86.9024,37.93696],[-86.91186,37.933],[-86.91731,37.92866],[-86.95195,37.92224],[-86.95967,37.92014],[-86.96804,37.91213],[-86.97587,37.90223],[-86.98596,37.89901],[-86.98772,37.8978],[-86.98876,37.89594],[-86.99025,37.88693],[-86.98964,37.88504],[-86.98674,37.88148],[-86.98692,37.87778],[-86.99541,37.86453],[-86.97245,37.85511],[-86.96907,37.85244],[-86.97277,37.84912],[-86.97552,37.84785],[-86.97568,37.84683],[-86.97861,37.84456],[-86.97924,37.84066],[-86.98775,37.82636],[-86.99944,37.82308],[-87.01019,37.81746],[-87.01432,37.81337],[-87.01934,37.81013],[-87.02771,37.80176],[-87.02793,37.80129],[-87.02192,37.7994],[-87.03217,37.78341],[-87.02532,37.78091],[-87.0318,37.77099],[-87.0389,37.75315],[-87.03889,37.75072],[-87.04128,37.74343],[-87.04055,37.74073],[-87.06175,37.74753],[-87.0666,37.74777],[-87.07055,37.74611],[-87.07537,37.74554],[-87.07865,37.74369],[-87.08526,37.74177],[-87.09202,37.74039],[-87.0977,37.73185],[-87.09762,37.72712],[-87.10348,37.72557],[-87.11151,37.72673],[-87.11379,37.72009],[-87.12587,37.72268],[-87.14287,37.72319],[-87.15477,37.68842],[-87.1533,37.68529],[-87.1532,37.68191],[-87.15777,37.66928],[-87.17204,37.65668],[-87.17737,37.63243],[-87.17353,37.6319],[-87.1701,37.63506],[-87.16451,37.63158],[-87.13032,37.61788],[-87.1267,37.61488],[-87.1221,37.61503],[-87.12088,37.60943],[-87.11755,37.60964],[-87.11516,37.60366],[-87.10546,37.60637],[-87.10709,37.61359]]}},{"type":"Feature","properties":{"_gpxType":"trk","name":"10300 U.S. 431, Utica, KY - First Baptist Church, Kentucky 132, Sebree, KY","coordinateProperties":{},"id":28},"geometry":{"type":"LineString","coordinates":[[-87.10709,37.61359],[-87.10548,37.60665],[-87.10607,37.60619],[-87.12357,37.6004],[-87.13102,37.60071],[-87.13087,37.59639],[-87.13325,37.59558],[-87.13853,37.59543],[-87.15661,37.58841],[-87.1587,37.58822],[-87.1626,37.58408],[-87.16862,37.58893],[-87.17022,37.58917],[-87.176,37.58739],[-87.18081,37.58776],[-87.19072,37.59087],[-87.19125,37.59283],[-87.19267,37.59432],[-87.19913,37.59584],[-87.20676,37.59626],[-87.21057,37.59804],[-87.21382,37.60296],[-87.22186,37.60472],[-87.25244,37.60408],[-87.27347,37.60508],[-87.27931,37.60572],[-87.28821,37.60856],[-87.295,37.61232],[-87.29861,37.61314],[-87.30584,37.6134],[-87.31159,37.61135],[-87.31465,37.60626],[-87.32229,37.60359],[-87.3238,37.60142],[-87.35126,37.61171],[-87.37515,37.61818],[-87.38012,37.61871],[-87.3884,37.61735],[-87.39227,37.61601],[-87.40005,37.61524],[-87.40606,37.62028],[-87.41362,37.62414],[-87.41675,37.62526],[-87.42222,37.62569],[-87.43104,37.62426],[-87.44315,37.6256],[-87.45659,37.62399],[-87.49734,37.61019],[-87.50907,37.61143],[-87.51852,37.60909],[-87.53231,37.61001],[-87.53311,37.60407]]}},{"type":"Feature","properties":{"_gpxType":"trk","name":"First Baptist Church, Kentucky 132, Sebree, KY - 324 E Fords Ferry Rd","coordinateProperties":{},"id":29},"geometry":{"type":"LineString","coordinates":[[-87.53311,37.60407],[-87.53395,37.60271],[-87.53609,37.60324],[-87.54013,37.60287],[-87.54651,37.60136],[-87.55101,37.59515],[-87.5513,37.58814],[-87.56087,37.57624],[-87.56936,37.56926],[-87.57329,37.56777],[-87.57755,37.56478],[-87.5846,37.56138],[-87.58747,37.56098],[-87.59265,37.56178],[-87.6172,37.55259],[-87.63152,37.55182],[-87.65499,37.54084],[-87.65798,37.53898],[-87.65894,37.53761],[-87.65916,37.53477],[-87.65797,37.52973],[-87.65887,37.52772],[-87.66711,37.52379],[-87.67615,37.51586],[-87.68097,37.51578],[-87.68406,37.51471],[-87.69727,37.52036],[-87.70017,37.52048],[-87.70581,37.52231],[-87.7164,37.52243],[-87.72504,37.52612],[-87.72903,37.527],[-87.73782,37.5267],[-87.7476,37.52445],[-87.75589,37.52512],[-87.76174,37.52399],[-87.76522,37.51904],[-87.7703,37.51396],[-87.77373,37.50817],[-87.78158,37.50079],[-87.79554,37.48934],[-87.79748,37.48866],[-87.80174,37.48908],[-87.80386,37.48861],[-87.81403,37.48003],[-87.81577,37.48097],[-87.8184,37.47921],[-87.82078,37.47549],[-87.82204,37.47592],[-87.82478,37.47318],[-87.82878,37.47067],[-87.83688,37.46861],[-87.84072,37.46651],[-87.84399,37.46225],[-87.85028,37.45978],[-87.8537,37.45577],[-87.86037,37.45348],[-87.86569,37.45056],[-87.87163,37.444],[-87.89056,37.43298],[-87.89537,37.42482],[-87.8998,37.4222],[-87.90479,37.41334],[-87.9033,37.40552],[-87.90484,37.39819],[-87.90748,37.39928],[-87.9133,37.40019],[-87.91687,37.40271],[-87.91916,37.40291],[-87.9219,37.40549],[-87.92826,37.40687],[-87.9304,37.4032],[-87.93189,37.40304],[-87.93477,37.40114],[-87.93649,37.39722],[-87.93819,37.39688],[-87.93904,37.39555],[-87.94711,37.39006],[-87.9559,37.38866],[-87.96166,37.38962],[-87.96336,37.39112],[-87.97125,37.3868],[-87.97527,37.38589],[-87.9818,37.38612],[-87.98752,37.38775],[-87.98826,37.3868],[-87.98803,37.38355],[-87.98864,37.38308],[-87.9986,37.37979],[-88.00191,37.38796],[-88.01401,37.39668],[-88.01691,37.39967],[-88.03323,37.41039],[-88.03658,37.41403],[-88.03686,37.41678],[-88.0384,37.41946],[-88.04179,37.42156],[-88.04359,37.42365],[-88.04815,37.42014],[-88.0514,37.42076],[-88.05337,37.42334],[-88.0576,37.42334],[-88.06024,37.42526],[-88.065,37.42417],[-88.06778,37.4245],[-88.06905,37.42669],[-88.07053,37.42596],[-88.07172,37.42367],[-88.07434,37.42151],[-88.08216,37.42208],[-88.08752,37.42394],[-88.09435,37.42145],[-88.09589,37.42428],[-88.10053,37.42875],[-88.10623,37.42887],[-88.11236,37.42628],[-88.1196,37.42746],[-88.12223,37.4287],[-88.12715,37.42942],[-88.12936,37.43144],[-88.13981,37.43632],[-88.14879,37.43694],[-88.15165,37.43793],[-88.15861,37.44216],[-88.16043,37.44399],[-88.16592,37.46126],[-88.16623,37.46714],[-88.16491,37.468],[-88.16262,37.4674],[-88.15993,37.46851],[-88.15907,37.47012],[-88.15948,37.47165],[-88.15844,37.47282]]}},{"type":"Feature","properties":{"_gpxType":"trk","name":"324 E Fords Ferry Rd - Eddyville Blacktop Rd - Hayes Canyon Campground, Eddyville, IL","coordinateProperties":{},"id":30},"geometry":{"type":"LineString","coordinates":[[-88.15826,37.47278],[-88.1594,37.47208],[-88.15887,37.4704],[-88.15996,37.46874],[-88.16227,37.46747],[-88.16417,37.46747],[-88.16453,37.46924],[-88.17045,37.46941],[-88.18131,37.46801],[-88.18345,37.46631],[-88.18803,37.46571],[-88.19186,37.46712],[-88.19505,37.46627],[-88.2107,37.4663],[-88.21695,37.46747],[-88.21783,37.46723],[-88.21839,37.46574],[-88.22099,37.46537],[-88.224,37.46776],[-88.22698,37.46815],[-88.23019,37.46782],[-88.23347,37.46612],[-88.24161,37.46374],[-88.24623,37.46481],[-88.25144,37.46707],[-88.25384,37.46607],[-88.25979,37.46538],[-88.26313,37.46677],[-88.2719,37.46598],[-88.28169,37.46651],[-88.28539,37.46766],[-88.28571,37.47084],[-88.2864,37.47087],[-88.2893,37.46875],[-88.29235,37.46737],[-88.29614,37.46675],[-88.29711,37.46575],[-88.29924,37.4715],[-88.2999,37.47699],[-88.29455,37.48454],[-88.29574,37.48573],[-88.30042,37.48573],[-88.30457,37.48708],[-88.30605,37.49132],[-88.31189,37.49756],[-88.32152,37.49665],[-88.32843,37.4982],[-88.33245,37.49653],[-88.33851,37.49525],[-88.34171,37.4921],[-88.34441,37.49587],[-88.3462,37.49711],[-88.34984,37.49664],[-88.35179,37.49551],[-88.35393,37.49627],[-88.36079,37.49609],[-88.36731,37.49222],[-88.37266,37.49313],[-88.38191,37.49328],[-88.38255,37.47448],[-88.39212,37.47419],[-88.39522,37.47278],[-88.40072,37.47207],[-88.40578,37.47233],[-88.40556,37.4607],[-88.41541,37.45947],[-88.42675,37.45945],[-88.43265,37.45837],[-88.44414,37.45063],[-88.46103,37.44673],[-88.46755,37.44409],[-88.4875,37.42271],[-88.48943,37.41811],[-88.48966,37.40236],[-88.50844,37.4022]]}},{"type":"Feature","properties":{"_gpxType":"trk","name":"324 E Fords Ferry Rd - Eddyville Blacktop Rd - Hayes Canyon Campground, Eddyville, IL","coordinateProperties":{},"id":30},"geometry":{"type":"LineString","coordinates":[[-88.50844,37.4022],[-88.50964,37.40348],[-88.50962,37.41322],[-88.51261,37.4199],[-88.51586,37.43306],[-88.51814,37.43374],[-88.51941,37.43508],[-88.51975,37.44221],[-88.52155,37.44949],[-88.53117,37.45518],[-88.53416,37.45935],[-88.53558,37.46456],[-88.54802,37.47281],[-88.55134,37.47667],[-88.55379,37.47753],[-88.56053,37.47736],[-88.56356,37.47833],[-88.5741,37.49002],[-88.58076,37.49541],[-88.58632,37.49725],[-88.58726,37.49887],[-88.58726,37.50734],[-88.58644,37.51114]]}},{"type":"Feature","properties":{"_gpxType":"trk","name":"Hayes Canyon Campground, Eddyville, IL - Simpson, IL - 1590 Goreville Rd - Tacoma Lake Rd - 5320 Giant City Rd - 208 E Oak St, Carbondale, IL 62901","coordinateProperties":{},"id":31},"geometry":{"type":"LineString","coordinates":[[-88.58653,37.51198],[-88.58727,37.49929],[-88.58627,37.49679],[-88.59768,37.48169],[-88.60152,37.4792],[-88.60929,37.47751],[-88.61697,37.47414],[-88.61906,37.47233],[-88.62172,37.46789],[-88.63403,37.46213],[-88.63846,37.46163],[-88.67558,37.46276],[-88.71491,37.4605],[-88.71973,37.46088],[-88.73087,37.45978],[-88.73789,37.46092],[-88.74674,37.46547],[-88.75089,37.46558],[-88.75529,37.46727]]}},{"type":"Feature","properties":{"_gpxType":"trk","name":"Hayes Canyon Campground, Eddyville, IL - Simpson, IL - 1590 Goreville Rd - Tacoma Lake Rd - 5320 Giant City Rd - 208 E Oak St, Carbondale, IL 62901","coordinateProperties":{},"id":31},"geometry":{"type":"LineString","coordinates":[[-88.75529,37.46727],[-88.77691,37.46736],[-88.77593,37.47061],[-88.77422,37.473],[-88.77414,37.47887],[-88.77256,37.48217],[-88.77318,37.48476],[-88.78245,37.485],[-88.78668,37.48733],[-88.7877,37.48857],[-88.78826,37.49219],[-88.79196,37.49525],[-88.79217,37.49912],[-88.79316,37.50015],[-88.81832,37.50159],[-88.82106,37.50514],[-88.83273,37.51489],[-88.83854,37.5187],[-88.83905,37.52011],[-88.83881,37.52509],[-88.83941,37.52607],[-88.84078,37.5267],[-88.84956,37.52696],[-88.85064,37.53252],[-88.85531,37.53427],[-88.85614,37.53773],[-88.85904,37.53874],[-88.86033,37.54126],[-88.87448,37.54137],[-88.87994,37.5397],[-88.89226,37.53889],[-88.89807,37.53946],[-88.91371,37.53391],[-88.92606,37.5334],[-88.9574,37.54308],[-88.9601,37.54309],[-88.96489,37.54147],[-88.96834,37.54116],[-88.96909,37.54604],[-88.97185,37.5506],[-88.97245,37.55563],[-88.97666,37.55555],[-88.9834,37.55726],[-89.02354,37.55636],[-89.02872,37.5552],[-89.03545,37.55639],[-89.04012,37.55428],[-89.04652,37.55395]]}},{"type":"Feature","properties":{"_gpxType":"trk","name":"Hayes Canyon Campground, Eddyville, IL - Simpson, IL - 1590 Goreville Rd - Tacoma Lake Rd - 5320 Giant City Rd - 208 E Oak St, Carbondale, IL 62901","coordinateProperties":{},"id":31},"geometry":{"type":"LineString","coordinates":[[-89.04652,37.55395],[-89.0499,37.55493],[-89.04859,37.56663],[-89.04707,37.56929],[-89.04659,37.57335],[-89.04789,37.57543],[-89.04781,37.58367],[-89.05105,37.5932],[-89.05038,37.62239],[-89.05092,37.62384],[-89.05276,37.62634],[-89.06353,37.62657],[-89.06571,37.62458],[-89.07471,37.6224],[-89.07692,37.62251],[-89.07845,37.62325],[-89.0794,37.62484],[-89.09033,37.63062],[-89.09928,37.6376]]}},{"type":"Feature","properties":{"_gpxType":"trk","name":"Hayes Canyon Campground, Eddyville, IL - Simpson, IL - 1590 Goreville Rd - Tacoma Lake Rd - 5320 Giant City Rd - 208 E Oak St, Carbondale, IL 62901","coordinateProperties":{},"id":31},"geometry":{"type":"LineString","coordinates":[[-89.09928,37.6376],[-89.10029,37.6393],[-89.098,37.64177],[-89.09771,37.64422],[-89.10113,37.64402],[-89.10418,37.64474],[-89.10483,37.64704],[-89.1092,37.64602],[-89.11334,37.64271],[-89.13239,37.64363],[-89.13888,37.64743],[-89.14241,37.64793],[-89.14676,37.6496],[-89.14862,37.64874],[-89.15271,37.64397],[-89.1625,37.64391],[-89.16256,37.64765],[-89.16445,37.65122],[-89.16612,37.65243],[-89.17054,37.6537],[-89.17158,37.65493],[-89.17146,37.66256]]}},{"type":"Feature","properties":{"_gpxType":"trk","name":"Hayes Canyon Campground, Eddyville, IL - Simpson, IL - 1590 Goreville Rd - Tacoma Lake Rd - 5320 Giant City Rd - 208 E Oak St, Carbondale, IL 62901","coordinateProperties":{},"id":31},"geometry":{"type":"LineString","coordinates":[[-89.17146,37.66256],[-89.17183,37.67654],[-89.17872,37.69365],[-89.18529,37.70364],[-89.18547,37.70832],[-89.19594,37.7094],[-89.19758,37.71075],[-89.20066,37.71569],[-89.20889,37.71573],[-89.20857,37.72982],[-89.21456,37.72935]]}},{"type":"Feature","properties":{"_gpxType":"trk","name":"405 West Pecan Street, Carbondale, IL - Poplar @ Mill (West Side) - 5424 Chautauqua Rd - 40 Co Rd 9 - 2301 Co Rd 9 - 6011 Neunert Rd - 4355 Indian Ridge Rd - 280 Little Levee Rd - St. Nicholas Landmark, Ferry Street, Chester, IL","coordinateProperties":{},"id":34},"geometry":{"type":"LineString","coordinates":[[-89.22145,37.72968],[-89.2224,37.72909],[-89.22126,37.7199]]}},{"type":"Feature","properties":{"_gpxType":"trk","name":"405 West Pecan Street, Carbondale, IL - Poplar @ Mill (West Side) - 5424 Chautauqua Rd - 40 Co Rd 9 - 2301 Co Rd 9 - 6011 Neunert Rd - 4355 Indian Ridge Rd - 280 Little Levee Rd - St. Nicholas Landmark, Ferry Street, Chester, IL","coordinateProperties":{},"id":34},"geometry":{"type":"LineString","coordinates":[[-89.22126,37.7199],[-89.22201,37.71629],[-89.22295,37.71564],[-89.2256,37.7163],[-89.22881,37.71552],[-89.28655,37.71697],[-89.30025,37.71638],[-89.30059,37.70942],[-89.30305,37.70894]]}},{"type":"Feature","properties":{"_gpxType":"trk","name":"405 West Pecan Street, Carbondale, IL - Poplar @ Mill (West Side) - 5424 Chautauqua Rd - 40 Co Rd 9 - 2301 Co Rd 9 - 6011 Neunert Rd - 4355 Indian Ridge Rd - 280 Little Levee Rd - St. Nicholas Landmark, Ferry Street, Chester, IL","coordinateProperties":{},"id":34},"geometry":{"type":"LineString","coordinates":[[-89.30305,37.70894],[-89.31425,37.70903],[-89.31513,37.71051],[-89.32682,37.71076],[-89.32703,37.70949],[-89.33126,37.70934],[-89.33236,37.70331],[-89.33852,37.70159],[-89.33813,37.69564],[-89.34289,37.69531],[-89.34352,37.69465],[-89.35113,37.69468],[-89.35183,37.69324],[-89.35292,37.69314],[-89.35513,37.69434],[-89.35788,37.69723],[-89.36409,37.70028],[-89.37051,37.7005],[-89.3706,37.70212],[-89.37261,37.70326],[-89.37245,37.70782],[-89.37594,37.71469],[-89.37438,37.71549],[-89.37368,37.72143],[-89.37432,37.72572],[-89.37982,37.72729],[-89.38585,37.7271],[-89.38866,37.73024],[-89.39219,37.7295],[-89.39338,37.73101],[-89.3958,37.7311],[-89.39738,37.73036],[-89.39862,37.7338],[-89.40018,37.73576],[-89.39807,37.73678],[-89.39766,37.74685],[-89.40555,37.74826],[-89.41001,37.74622],[-89.41285,37.74328],[-89.42236,37.73727],[-89.42459,37.73736],[-89.43151,37.74107],[-89.44058,37.74195],[-89.46334,37.72408],[-89.4645,37.72098],[-89.4689,37.71384],[-89.4726,37.69999],[-89.47333,37.70041]]}},{"type":"Feature","properties":{"_gpxType":"trk","name":"405 West Pecan Street, Carbondale, IL - Poplar @ Mill (West Side) - 5424 Chautauqua Rd - 40 Co Rd 9 - 2301 Co Rd 9 - 6011 Neunert Rd - 4355 Indian Ridge Rd - 280 Little Levee Rd - St. Nicholas Landmark, Ferry Street, Chester, IL","coordinateProperties":{},"id":34},"geometry":{"type":"LineString","coordinates":[[-89.47333,37.70041],[-89.47448,37.70558],[-89.47721,37.70888],[-89.4903,37.71697],[-89.4924,37.7167],[-89.50102,37.70811],[-89.503,37.70717],[-89.51662,37.70741],[-89.53464,37.71395]]}},{"type":"Feature","properties":{"_gpxType":"trk","name":"405 West Pecan Street, Carbondale, IL - Poplar @ Mill (West Side) - 5424 Chautauqua Rd - 40 Co Rd 9 - 2301 Co Rd 9 - 6011 Neunert Rd - 4355 Indian Ridge Rd - 280 Little Levee Rd - St. Nicholas Landmark, Ferry Street, Chester, IL","coordinateProperties":{},"id":34},"geometry":{"type":"LineString","coordinates":[[-89.53464,37.71395],[-89.53723,37.7149],[-89.54075,37.71858],[-89.54586,37.72222],[-89.58014,37.72276],[-89.5825,37.72434],[-89.58274,37.72734]]}},{"type":"Feature","properties":{"_gpxType":"trk","name":"405 West Pecan Street, Carbondale, IL - Poplar @ Mill (West Side) - 5424 Chautauqua Rd - 40 Co Rd 9 - 2301 Co Rd 9 - 6011 Neunert Rd - 4355 Indian Ridge Rd - 280 Little Levee Rd - St. Nicholas Landmark, Ferry Street, Chester, IL","coordinateProperties":{},"id":34},"geometry":{"type":"LineString","coordinates":[[-89.58274,37.72734],[-89.58267,37.74007],[-89.58361,37.74037],[-89.58857,37.74699],[-89.59209,37.74996],[-89.60383,37.75381],[-89.60885,37.75742]]}},{"type":"Feature","properties":{"_gpxType":"trk","name":"405 West Pecan Street, Carbondale, IL - Poplar @ Mill (West Side) - 5424 Chautauqua Rd - 40 Co Rd 9 - 2301 Co Rd 9 - 6011 Neunert Rd - 4355 Indian Ridge Rd - 280 Little Levee Rd - St. Nicholas Landmark, Ferry Street, Chester, IL","coordinateProperties":{},"id":34},"geometry":{"type":"LineString","coordinates":[[-89.60885,37.75742],[-89.60954,37.75956],[-89.61952,37.75959],[-89.62147,37.76148],[-89.62686,37.76423],[-89.63538,37.765],[-89.65333,37.76417],[-89.65457,37.76571],[-89.6547,37.76786]]}},{"type":"Feature","properties":{"_gpxType":"trk","name":"405 West Pecan Street, Carbondale, IL - Poplar @ Mill (West Side) - 5424 Chautauqua Rd - 40 Co Rd 9 - 2301 Co Rd 9 - 6011 Neunert Rd - 4355 Indian Ridge Rd - 280 Little Levee Rd - St. Nicholas Landmark, Ferry Street, Chester, IL","coordinateProperties":{},"id":34},"geometry":{"type":"LineString","coordinates":[[-89.6547,37.76786],[-89.65461,37.76987],[-89.6509,37.77639],[-89.65017,37.78078],[-89.65038,37.78485],[-89.65345,37.78988],[-89.65524,37.79134],[-89.65815,37.79236],[-89.66373,37.80248],[-89.66996,37.80863],[-89.67261,37.81028],[-89.67262,37.82428],[-89.66964,37.82667],[-89.66992,37.82712],[-89.67592,37.83023],[-89.68491,37.83276],[-89.72641,37.85283],[-89.73975,37.85844],[-89.76129,37.86983],[-89.77348,37.87877],[-89.77963,37.88218],[-89.78648,37.8852],[-89.78693,37.88329],[-89.7893,37.8823],[-89.80064,37.88587],[-89.82351,37.89693],[-89.82887,37.90006],[-89.83152,37.90247],[-89.82891,37.90051]]}},{"type":"Feature","properties":{"_gpxType":"trk","name":"111 Ferry St - 194 State Hwy H - 24403 US-61 - 24363 State Rd Z - 18042 State Hwy B - Al's Place Bike Hostel, 11 N Franklin St, Farmington, MO 63640","coordinateProperties":{},"id":35},"geometry":{"type":"LineString","coordinates":[[-89.82902,37.90058],[-89.83327,37.90387],[-89.83286,37.90547],[-89.83352,37.90594],[-89.84151,37.89803],[-89.84252,37.89598],[-89.84236,37.89377],[-89.83373,37.87652],[-89.8306,37.86723],[-89.83068,37.86015],[-89.83235,37.85468],[-89.83649,37.85501]]}},{"type":"Feature","properties":{"_gpxType":"trk","name":"111 Ferry St - 194 State Hwy H - 24403 US-61 - 24363 State Rd Z - 18042 State Hwy B - Al's Place Bike Hostel, 11 N Franklin St, Farmington, MO 63640","coordinateProperties":{},"id":35},"geometry":{"type":"LineString","coordinates":[[-89.83649,37.85501],[-89.85789,37.85749],[-89.89185,37.85874],[-89.89899,37.85615],[-89.90752,37.85655],[-89.91779,37.85578],[-89.92333,37.85741],[-89.93054,37.85597],[-89.93554,37.85831],[-89.94128,37.86278],[-89.94753,37.86951],[-89.94978,37.86831]]}},{"type":"Feature","properties":{"_gpxType":"trk","name":"111 Ferry St - 194 State Hwy H - 24403 US-61 - 24363 State Rd Z - 18042 State Hwy B - Al's Place Bike Hostel, 11 N Franklin St, Farmington, MO 63640","coordinateProperties":{},"id":35},"geometry":{"type":"LineString","coordinates":[[-89.94978,37.86831],[-89.95646,37.86443],[-89.95958,37.8592],[-89.96243,37.8603],[-89.96616,37.85797],[-89.96855,37.85383],[-89.96949,37.8484],[-89.97059,37.84745],[-89.97855,37.84949],[-89.98241,37.8495],[-89.98898,37.85192],[-89.99196,37.85173],[-89.99438,37.84943],[-90.00101,37.84782],[-90.00363,37.84581],[-90.00545,37.84296],[-90.01181,37.84082]]}},{"type":"Feature","properties":{"_gpxType":"trk","name":"111 Ferry St - 194 State Hwy H - 24403 US-61 - 24363 State Rd Z - 18042 State Hwy B - Al's Place Bike Hostel, 11 N Franklin St, Farmington, MO 63640","coordinateProperties":{},"id":35},"geometry":{"type":"LineString","coordinates":[[-90.01181,37.84082],[-90.01851,37.83727],[-90.03121,37.84399],[-90.03195,37.84573],[-90.03113,37.85221],[-90.03246,37.85462],[-90.03196,37.85811],[-90.03441,37.86111],[-90.03936,37.85876],[-90.04314,37.85573],[-90.04821,37.85716],[-90.0558,37.85685],[-90.05694,37.85594],[-90.05884,37.85219],[-90.06351,37.84964],[-90.07177,37.84587],[-90.08247,37.84322],[-90.09077,37.84683],[-90.09496,37.84999],[-90.09809,37.8507],[-90.10368,37.85698],[-90.10805,37.85798],[-90.11293,37.86079],[-90.11628,37.86117],[-90.1164,37.86019]]}},{"type":"Feature","properties":{"_gpxType":"trk","name":"111 Ferry St - 194 State Hwy H - 24403 US-61 - 24363 State Rd Z - 18042 State Hwy B - Al's Place Bike Hostel, 11 N Franklin St, Farmington, MO 63640","coordinateProperties":{},"id":35},"geometry":{"type":"LineString","coordinates":[[-90.1164,37.86019],[-90.11577,37.85834],[-90.11653,37.85451],[-90.12096,37.85225],[-90.12565,37.83936],[-90.13314,37.83724],[-90.13533,37.83465],[-90.13932,37.83226],[-90.13911,37.83071],[-90.13577,37.82809],[-90.13606,37.82667],[-90.13981,37.82329],[-90.14517,37.82108],[-90.14825,37.81789],[-90.15407,37.81562],[-90.15467,37.81478],[-90.15452,37.81141],[-90.15832,37.81063],[-90.1613,37.80704],[-90.16985,37.80238],[-90.1817,37.7913],[-90.19351,37.78584],[-90.19524,37.78328],[-90.2049,37.77962],[-90.21007,37.77923],[-90.22048,37.7739],[-90.22614,37.7729],[-90.22996,37.76765],[-90.23225,37.76624],[-90.24197,37.76576],[-90.2471,37.76732],[-90.253,37.76679],[-90.25506,37.765],[-90.25668,37.76042],[-90.25894,37.75891],[-90.26977,37.75913],[-90.27523,37.7611],[-90.2929,37.75923],[-90.29821,37.76092],[-90.3142,37.7682],[-90.3222,37.76834],[-90.32973,37.76647],[-90.3933,37.76655],[-90.39697,37.76962],[-90.40365,37.77741],[-90.41409,37.77845],[-90.41743,37.7808],[-90.42273,37.78114]]}},{"type":"Feature","properties":{"_gpxType":"trk","name":"Al's Place Bike Hostel, North Franklin Street, Farmington, MO - 2436 Loughboro Rd - Bismarck, MO - 391 Grider Rd - 217 County Rd 96 - Johnson's Shut-Ins State Park Campground, Middle Brook, MO 63656","coordinateProperties":{},"id":36},"geometry":{"type":"LineString","coordinates":[[-90.42273,37.78114],[-90.42281,37.78067],[-90.42621,37.78075],[-90.43232,37.77647],[-90.45275,37.76912],[-90.4526,37.7725],[-90.48218,37.77589],[-90.49113,37.77628],[-90.49496,37.77528],[-90.49999,37.77235],[-90.51953,37.77823],[-90.52107,37.77773],[-90.52259,37.77826],[-90.52438,37.77672],[-90.52606,37.77669],[-90.53336,37.78118],[-90.5374,37.78044],[-90.53916,37.7783],[-90.54126,37.77773],[-90.54424,37.77562],[-90.5469,37.77514],[-90.54913,37.77196],[-90.55117,37.77252]]}},{"type":"Feature","properties":{"_gpxType":"trk","name":"Al's Place Bike Hostel, North Franklin Street, Farmington, MO - 2436 Loughboro Rd - Bismarck, MO - 391 Grider Rd - 217 County Rd 96 - Johnson's Shut-Ins State Park Campground, Middle Brook, MO 63656","coordinateProperties":{},"id":36},"geometry":{"type":"LineString","coordinates":[[-90.55117,37.77252],[-90.56158,37.76997],[-90.56252,37.76813],[-90.56836,37.7644],[-90.60159,37.76422],[-90.60239,37.76595],[-90.60636,37.76655],[-90.60677,37.76789],[-90.62102,37.76815],[-90.62199,37.76937],[-90.62373,37.76855],[-90.62482,37.76918]]}},{"type":"Feature","properties":{"_gpxType":"trk","name":"Al's Place Bike Hostel, North Franklin Street, Farmington, MO - 2436 Loughboro Rd - Bismarck, MO - 391 Grider Rd - 217 County Rd 96 - Johnson's Shut-Ins State Park Campground, Middle Brook, MO 63656","coordinateProperties":{},"id":36},"geometry":{"type":"LineString","coordinates":[[-90.62482,37.76918],[-90.62638,37.76844],[-90.62507,37.76582],[-90.6249,37.74827],[-90.62921,37.74854]]}},{"type":"Feature","properties":{"_gpxType":"trk","name":"Al's Place Bike Hostel, North Franklin Street, Farmington, MO - 2436 Loughboro Rd - Bismarck, MO - 391 Grider Rd - 217 County Rd 96 - Johnson's Shut-Ins State Park Campground, Middle Brook, MO 63656","coordinateProperties":{},"id":36},"geometry":{"type":"LineString","coordinates":[[-90.62921,37.74854],[-90.63247,37.74897],[-90.65262,37.74566],[-90.65795,37.74635],[-90.65841,37.74321],[-90.66193,37.7408],[-90.66278,37.73356],[-90.664,37.69026],[-90.66515,37.68922],[-90.67804,37.685],[-90.68325,37.68216],[-90.70051,37.67912],[-90.6987,37.67791]]}},{"type":"Feature","properties":{"_gpxType":"trk","name":"Al's Place Bike Hostel, North Franklin Street, Farmington, MO - 2436 Loughboro Rd - Bismarck, MO - 391 Grider Rd - 217 County Rd 96 - Johnson's Shut-Ins State Park Campground, Middle Brook, MO 63656","coordinateProperties":{},"id":36},"geometry":{"type":"LineString","coordinates":[[-90.6987,37.67791],[-90.69075,37.67293],[-90.69065,37.66789],[-90.68714,37.66385],[-90.68659,37.65975],[-90.68176,37.65604],[-90.68109,37.65377],[-90.67875,37.65092],[-90.67732,37.65027],[-90.66948,37.6499],[-90.66958,37.64936],[-90.67686,37.6444],[-90.68264,37.64396],[-90.68831,37.63949],[-90.69505,37.6391],[-90.70082,37.63607],[-90.70653,37.63534],[-90.71177,37.63587],[-90.7192,37.63398],[-90.72259,37.63464],[-90.72559,37.63411],[-90.73387,37.62839],[-90.73691,37.62425],[-90.74552,37.62175],[-90.75348,37.61733],[-90.76795,37.61434],[-90.77374,37.61183],[-90.78019,37.6075],[-90.7896,37.60356],[-90.79211,37.60074],[-90.79667,37.59753],[-90.7974,37.59463],[-90.8,37.59343],[-90.80139,37.59089],[-90.80477,37.58862],[-90.80554,37.58333],[-90.80649,37.58188],[-90.81609,37.57836],[-90.82581,37.57013],[-90.82825,37.56703],[-90.83552,37.56186],[-90.84237,37.55265],[-90.84554,37.55049],[-90.85151,37.54856],[-90.85183,37.55885],[-90.85752,37.56058],[-90.85924,37.56216],[-90.86469,37.5618]]}},{"type":"Feature","properties":{"_gpxType":"trk","name":"Unnamed Road - Ellington, MO 63638","coordinateProperties":{},"id":37},"geometry":{"type":"LineString","coordinates":[[-90.87008,37.55938],[-90.86926,37.55903],[-90.86628,37.55989],[-90.86503,37.56149],[-90.86147,37.56216],[-90.85933,37.56219],[-90.85684,37.56035],[-90.85151,37.56009],[-90.85154,37.54884],[-90.85728,37.54478],[-90.8622,37.53593],[-90.85665,37.52299],[-90.85913,37.51931],[-90.86444,37.51698],[-90.87126,37.51152],[-90.877,37.50351],[-90.87864,37.496],[-90.88231,37.49309],[-90.88317,37.48952],[-90.88643,37.48632],[-90.88939,37.47915],[-90.89164,37.47864],[-90.89685,37.48154],[-90.89991,37.48113],[-90.91693,37.47144],[-90.92523,37.46829],[-90.93649,37.46109],[-90.94127,37.45978],[-90.95806,37.4512],[-90.96025,37.44918],[-90.96235,37.44564],[-90.96208,37.43737],[-90.96086,37.43603],[-90.95739,37.43523],[-90.95761,37.43062],[-90.96017,37.4262],[-90.96161,37.42134],[-90.96177,37.41408],[-90.96439,37.40763],[-90.96565,37.39335],[-90.97118,37.38329],[-90.97148,37.36884],[-90.9677,37.36099],[-90.97031,37.3502],[-90.97068,37.34444],[-90.97154,37.34262],[-90.9746,37.33953],[-90.9803,37.33884],[-90.98197,37.33779],[-90.98412,37.32819],[-90.9829,37.32392],[-90.97656,37.31768],[-90.97223,37.30394],[-90.96334,37.29285],[-90.96041,37.28683],[-90.95728,37.28389],[-90.95601,37.27915],[-90.95685,37.27608],[-90.96278,37.26999],[-90.96163,37.26175],[-90.96574,37.25652],[-90.96639,37.25188],[-90.9653,37.24785],[-90.96598,37.24559],[-90.96849,37.24385],[-90.9688,37.24172]]}},{"type":"Feature","properties":{"_gpxType":"trk","name":"Ellington, MO 63638 - Hawkins House Bed & Breakfast, Main Street, Eminence, MO","coordinateProperties":{},"id":38},"geometry":{"type":"LineString","coordinates":[[-90.9688,37.24172],[-90.98102,37.24091],[-90.99116,37.2393],[-90.99598,37.23615],[-91.00456,37.23402],[-91.02057,37.22549],[-91.02576,37.22415],[-91.03025,37.22464],[-91.0347,37.22419],[-91.03605,37.22503],[-91.03714,37.22742],[-91.03875,37.2288],[-91.04409,37.22984],[-91.0499,37.22949],[-91.05358,37.22748],[-91.06404,37.22572],[-91.0679,37.22423],[-91.07389,37.22565],[-91.07659,37.2256],[-91.07813,37.2246],[-91.08171,37.217],[-91.08428,37.21505],[-91.08932,37.20781],[-91.09479,37.20414],[-91.09889,37.19883],[-91.10539,37.19517],[-91.11364,37.19391],[-91.11768,37.19399],[-91.12325,37.19094],[-91.13269,37.18809],[-91.13427,37.18813],[-91.14119,37.19101],[-91.14395,37.1939],[-91.14782,37.19523],[-91.15263,37.19532],[-91.15857,37.19373],[-91.1693,37.19319],[-91.17105,37.19215],[-91.17489,37.18659],[-91.18314,37.1841],[-91.18495,37.17598],[-91.18953,37.16741],[-91.1974,37.16386],[-91.20739,37.15707],[-91.20818,37.15586],[-91.20813,37.15314],[-91.21293,37.14901],[-91.21712,37.14928],[-91.22131,37.14732],[-91.23053,37.14857],[-91.23332,37.14509],[-91.23659,37.14507],[-91.23904,37.14357],[-91.24219,37.14307],[-91.24545,37.14445],[-91.24706,37.14683],[-91.24721,37.14976],[-91.24831,37.15086],[-91.25434,37.15025],[-91.25894,37.15171],[-91.26291,37.15094],[-91.27155,37.15525],[-91.27435,37.15575],[-91.27733,37.1549],[-91.28013,37.15152],[-91.28235,37.15089],[-91.28605,37.15154],[-91.29766,37.15106],[-91.30474,37.15433],[-91.31135,37.15401],[-91.31347,37.15251],[-91.31431,37.15059],[-91.31713,37.14789],[-91.32635,37.14857],[-91.33104,37.14586],[-91.33302,37.14612],[-91.33553,37.14841],[-91.34631,37.14761],[-91.35424,37.15044],[-91.35782,37.15058],[-91.35747,37.14879]]}},{"type":"Feature","properties":{"_gpxType":"trk","name":"Hawkins House Bed & Breakfast, Main Street, Eminence, MO - Houston Municipal Swimming Pool, North King Street, Houston, MO","coordinateProperties":{},"id":40},"geometry":{"type":"LineString","coordinates":[[-91.35747,37.14879],[-91.35782,37.15058],[-91.36381,37.1505],[-91.36888,37.1487],[-91.37104,37.14623],[-91.37238,37.14569],[-91.37683,37.14572],[-91.38284,37.14686],[-91.38845,37.14666],[-91.3925,37.14572],[-91.3963,37.14601],[-91.39761,37.14547],[-91.39985,37.14249],[-91.40708,37.14137],[-91.41103,37.14233],[-91.41969,37.13916],[-91.42704,37.13846],[-91.43253,37.14021],[-91.43611,37.1424],[-91.4413,37.14264],[-91.44328,37.14357],[-91.4443,37.14577],[-91.44241,37.15065],[-91.44486,37.15286],[-91.44826,37.15191],[-91.45226,37.15347],[-91.45543,37.15193],[-91.45773,37.15164],[-91.46609,37.15187],[-91.4719,37.14956],[-91.47728,37.14539],[-91.4818,37.14791],[-91.49648,37.15019],[-91.50345,37.14822],[-91.51839,37.14857],[-91.53369,37.15819],[-91.53811,37.16707],[-91.54274,37.17093],[-91.56146,37.16823],[-91.61496,37.16955],[-91.61778,37.17037],[-91.62632,37.17636],[-91.62864,37.17725],[-91.6458,37.17764],[-91.653,37.17964],[-91.66267,37.17967],[-91.66591,37.18351],[-91.6692,37.186],[-91.68248,37.19141],[-91.70429,37.19265],[-91.71268,37.1954],[-91.71653,37.19831],[-91.7543,37.23467],[-91.75999,37.23812],[-91.78,37.24556],[-91.79918,37.246],[-91.8044,37.24761],[-91.81084,37.24481],[-91.8125,37.24474],[-91.81382,37.24538],[-91.81453,37.24673],[-91.8127,37.25097],[-91.81353,37.25222],[-91.81511,37.25282],[-91.82883,37.24962],[-91.83212,37.25014],[-91.84061,37.25861],[-91.84643,37.26032],[-91.8482,37.26156],[-91.84879,37.2629],[-91.84844,37.27318],[-91.88504,37.27382],[-91.89372,37.27551],[-91.89709,37.27763],[-91.91994,37.27806],[-91.92145,37.27915],[-91.92131,37.28668],[-91.92276,37.28873],[-91.94808,37.28966],[-91.94893,37.29098],[-91.94824,37.3084],[-91.94888,37.31073],[-91.95355,37.31595],[-91.95896,37.31672],[-91.95877,37.31956],[-91.96628,37.31964],[-91.96605,37.32749],[-91.96376,37.32746]]}},{"type":"Feature","properties":{"_gpxType":"trk","name":"Houston Municipal Swimming Pool, North King Street, Houston, MO - North Park, Banning Street, Marshfield, MO - 1301 Banning St","coordinateProperties":{},"id":41},"geometry":{"type":"LineString","coordinates":[[-91.96376,37.32746],[-91.96383,37.32602],[-91.96609,37.32606],[-91.96627,37.32],[-91.96702,37.31965],[-91.97678,37.31957],[-91.9903,37.31754],[-92.00115,37.31941],[-92.00318,37.32057],[-92.00425,37.32248],[-92.00419,37.32427],[-92.00223,37.32851],[-92.00239,37.33039],[-92.00797,37.33654],[-92.01182,37.3429],[-92.01503,37.34423],[-92.03507,37.34484],[-92.04093,37.34722],[-92.04199,37.34852],[-92.04268,37.35142],[-92.04469,37.35268],[-92.06302,37.35101],[-92.06824,37.3517],[-92.07335,37.34564],[-92.08647,37.34171],[-92.09698,37.33447],[-92.11666,37.33437],[-92.13142,37.33114],[-92.15019,37.33035],[-92.15616,37.32331],[-92.16219,37.32051],[-92.16495,37.31738],[-92.16531,37.31523],[-92.16392,37.3065],[-92.16388,37.29823],[-92.20968,37.29848],[-92.21135,37.2996],[-92.21141,37.30433],[-92.21236,37.30554],[-92.22585,37.30629],[-92.23431,37.3128],[-92.2404,37.31549],[-92.24689,37.31476],[-92.25343,37.31628],[-92.26407,37.31724],[-92.26972,37.31936],[-92.28209,37.31795],[-92.29024,37.31419],[-92.29688,37.30971],[-92.30384,37.30634],[-92.31124,37.30094],[-92.32419,37.29749],[-92.33124,37.29814],[-92.33552,37.30131],[-92.34228,37.30371],[-92.35307,37.30345],[-92.35959,37.30474],[-92.36308,37.30245],[-92.3669,37.30146],[-92.39418,37.29941],[-92.40322,37.2958],[-92.41071,37.291],[-92.41211,37.2757],[-92.41413,37.27337],[-92.42007,37.27249],[-92.43018,37.27316],[-92.43789,37.27501],[-92.44263,37.27462],[-92.45335,37.2691],[-92.46944,37.25872],[-92.47766,37.25809],[-92.48166,37.25702],[-92.49213,37.257],[-92.50076,37.25296],[-92.50767,37.25087],[-92.51661,37.25099],[-92.52373,37.25026],[-92.52566,37.24902],[-92.52987,37.24303],[-92.53233,37.24108],[-92.5333,37.23729],[-92.5435,37.23566],[-92.55201,37.23657],[-92.55622,37.23825],[-92.56117,37.24321],[-92.56396,37.24814],[-92.57218,37.25447],[-92.5789,37.25841],[-92.58329,37.26253],[-92.58869,37.26544],[-92.59752,37.26697],[-92.60668,37.27101],[-92.61522,37.27079],[-92.62328,37.26605],[-92.64709,37.26452],[-92.64913,37.2654],[-92.66821,37.28136],[-92.69424,37.28188],[-92.704,37.28785],[-92.70838,37.28916],[-92.71202,37.29126],[-92.71888,37.28971],[-92.72619,37.28704],[-92.73001,37.28795],[-92.73713,37.28772],[-92.73891,37.28865],[-92.74131,37.29215],[-92.74483,37.29347],[-92.76122,37.29388],[-92.7689,37.29535],[-92.76978,37.2969],[-92.76966,37.30769],[-92.77027,37.30841],[-92.79322,37.30877],[-92.80013,37.30792],[-92.80417,37.30606],[-92.8084,37.30762],[-92.8143,37.30831],[-92.82144,37.30649],[-92.8393,37.30659],[-92.84526,37.31007],[-92.84858,37.3134],[-92.86613,37.32152],[-92.8701,37.32398],[-92.87823,37.32473],[-92.88089,37.32761],[-92.89066,37.33409],[-92.89535,37.3357],[-92.8956,37.33679],[-92.9024,37.33725],[-92.90234,37.34228],[-92.90662,37.34262],[-92.90685,37.34661],[-92.90858,37.34659]]}},{"type":"Feature","properties":{"_gpxType":"trk","name":"Houston Municipal Swimming Pool, North King Street, Houston, MO - North Park, Banning Street, Marshfield, MO - 1301 Banning St","coordinateProperties":{},"id":41},"geometry":{"type":"LineString","coordinates":[[-92.90858,37.34659],[-92.91262,37.34748],[-92.91354,37.34699],[-92.92448,37.34711],[-92.92711,37.34507],[-92.92775,37.34332],[-92.92847,37.34327]]}},{"type":"Feature","properties":{"_gpxType":"trk","name":"Holiday Inn Express Marshfield, an IHG Hotel, Banning Street, Marshfield, MO - Fair Grove, MO - Walnut Grove, MO - 310 E Parkway St","coordinateProperties":{},"id":42},"geometry":{"type":"LineString","coordinates":[[-92.92816,37.34286],[-92.92788,37.34187],[-92.92866,37.34143],[-92.93196,37.34377],[-92.93277,37.34134],[-92.93501,37.33985],[-92.95002,37.34032],[-92.95076,37.34103],[-92.95073,37.34503],[-92.95148,37.34627],[-92.9682,37.35456],[-92.9707,37.35523],[-92.98309,37.35579],[-92.98344,37.36077],[-92.98567,37.36261],[-93.01934,37.36357],[-93.02664,37.36719],[-93.02757,37.36818],[-93.02768,37.3701],[-93.0289,37.37096],[-93.07215,37.37137],[-93.07657,37.37499],[-93.10037,37.37558],[-93.10422,37.37705],[-93.11301,37.38277],[-93.12592,37.381],[-93.12948,37.37975],[-93.1331,37.37976],[-93.13775,37.38046],[-93.13839,37.38351],[-93.15129,37.38396]]}},{"type":"Feature","properties":{"_gpxType":"trk","name":"Holiday Inn Express Marshfield, an IHG Hotel, Banning Street, Marshfield, MO - Fair Grove, MO - Walnut Grove, MO - 310 E Parkway St","coordinateProperties":{},"id":42},"geometry":{"type":"LineString","coordinates":[[-93.15129,37.38396],[-93.15593,37.38432],[-93.16544,37.38785],[-93.17917,37.38813],[-93.18166,37.38762],[-93.18444,37.38825],[-93.23497,37.38949],[-93.24137,37.39314],[-93.25465,37.39369],[-93.25825,37.397],[-93.2599,37.39738],[-93.28798,37.39789],[-93.29028,37.39721],[-93.29313,37.39797],[-93.30603,37.39819],[-93.30742,37.39767],[-93.30998,37.39472],[-93.33341,37.39533],[-93.34747,37.40053],[-93.34962,37.40197],[-93.34966,37.40495],[-93.3504,37.40203],[-93.35587,37.40329],[-93.38926,37.40405],[-93.39488,37.40315],[-93.40585,37.39841],[-93.41283,37.39872],[-93.41757,37.39755],[-93.429,37.39779],[-93.42898,37.40872],[-93.44585,37.40919],[-93.45038,37.40596],[-93.45513,37.4057],[-93.46507,37.40821],[-93.46949,37.4084],[-93.47226,37.40999],[-93.48744,37.41098],[-93.49205,37.41031],[-93.54971,37.41116]]}},{"type":"Feature","properties":{"_gpxType":"trk","name":"Holiday Inn Express Marshfield, an IHG Hotel, Banning Street, Marshfield, MO - Fair Grove, MO - Walnut Grove, MO - 310 E Parkway St","coordinateProperties":{},"id":42},"geometry":{"type":"LineString","coordinates":[[-93.54971,37.41116],[-93.57621,37.41186],[-93.57673,37.39098],[-93.57713,37.38999],[-93.58052,37.38819],[-93.5814,37.38699],[-93.58407,37.31647],[-93.57977,37.31539]]}},{"type":"Feature","properties":{"_gpxType":"trk","name":"310 E Parkway St - 2481 Thorn Rd - 204 Main St","coordinateProperties":{},"id":43},"geometry":{"type":"LineString","coordinates":[[-93.57977,37.31539],[-93.58157,37.31546],[-93.58308,37.31459],[-93.58677,37.31622],[-93.59253,37.3194],[-93.59554,37.32346],[-93.60242,37.32764],[-93.60974,37.32823],[-93.61228,37.33085],[-93.61538,37.33222],[-93.61986,37.33205],[-93.63158,37.32953],[-93.6423,37.32992],[-93.66849,37.34146],[-93.67133,37.34187],[-93.70424,37.34243],[-93.70655,37.33887],[-93.70705,37.33517],[-93.73604,37.3352],[-93.73973,37.33367],[-93.74742,37.32754],[-93.75583,37.32514],[-93.78245,37.32603],[-93.78766,37.32926],[-93.8312,37.32999],[-93.83317,37.33075],[-93.83391,37.32948],[-93.83398,37.32705],[-93.86217,37.32692],[-93.8667,37.33054],[-93.87611,37.33078],[-93.8797,37.32892],[-93.88459,37.32892],[-93.88825,37.32405],[-93.89283,37.32373],[-93.89467,37.32444],[-93.89539,37.32647],[-93.8977,37.32858],[-93.89815,37.33069],[-93.89906,37.3311],[-93.99104,37.33222],[-94.09926,37.33501]]}},{"type":"Feature","properties":{"_gpxType":"trk","name":"310 E Parkway St - 2481 Thorn Rd - 204 Main St","coordinateProperties":{},"id":43},"geometry":{"type":"LineString","coordinates":[[-94.09926,37.33501],[-94.10097,37.33503],[-94.0988,37.39303],[-94.09036,37.39294],[-94.08988,37.39393],[-94.0887,37.39367]]}},{"type":"Feature","properties":{"_gpxType":"trk","name":"204 Main St - Harry's Cafe, North Broadway #3919, Pittsburg, KS - La Quinta Inn & Suites by Wyndham Pittsburg, South Broadway Street, Pittsburg, KS","coordinateProperties":{},"id":44},"geometry":{"type":"LineString","coordinates":[[-94.08898,37.39358],[-94.09035,37.39393],[-94.09036,37.39294],[-94.38969,37.40045],[-94.52784,37.40468],[-94.61745,37.40609],[-94.62085,37.4067],[-94.62665,37.40988],[-94.63022,37.41083],[-94.70485,37.41108],[-94.70485,37.41154]]}},{"type":"Feature","properties":{"_gpxType":"trk","name":"204 Main St - Harry's Cafe, North Broadway #3919, Pittsburg, KS - La Quinta Inn & Suites by Wyndham Pittsburg, South Broadway Street, Pittsburg, KS","coordinateProperties":{},"id":44},"geometry":{"type":"LineString","coordinates":[[-94.70485,37.41154],[-94.70522,37.38311],[-94.7062,37.38296]]}},{"type":"Feature","properties":{"_gpxType":"trk","name":"La Quinta Inn & Suites by Wyndham Pittsburg, South Broadway Street, Pittsburg, KS - 109 N Broadway St - 1912 N Broadway St - 689 S 200th St - 107 KS-7 - 130 W 680th Ave - 16010 Elk Rd - 1710 Arolyn Drive, Chanute, KS","coordinateProperties":{},"id":45},"geometry":{"type":"LineString","coordinates":[[-94.7062,37.38296],[-94.70522,37.38311],[-94.70482,37.40824]]}},{"type":"Feature","properties":{"_gpxType":"trk","name":"La Quinta Inn & Suites by Wyndham Pittsburg, South Broadway Street, Pittsburg, KS - 109 N Broadway St - 1912 N Broadway St - 689 S 200th St - 107 KS-7 - 130 W 680th Ave - 16010 Elk Rd - 1710 Arolyn Drive, Chanute, KS","coordinateProperties":{},"id":45},"geometry":{"type":"LineString","coordinates":[[-94.70482,37.40824],[-94.7049,37.42544]]}},{"type":"Feature","properties":{"_gpxType":"trk","name":"La Quinta Inn & Suites by Wyndham Pittsburg, South Broadway Street, Pittsburg, KS - 109 N Broadway St - 1912 N Broadway St - 689 S 200th St - 107 KS-7 - 130 W 680th Ave - 16010 Elk Rd - 1710 Arolyn Drive, Chanute, KS","coordinateProperties":{},"id":45},"geometry":{"type":"LineString","coordinates":[[-94.7049,37.42544],[-94.74164,37.42581],[-94.74167,37.42735]]}},{"type":"Feature","properties":{"_gpxType":"trk","name":"La Quinta Inn & Suites by Wyndham Pittsburg, South Broadway Street, Pittsburg, KS - 109 N Broadway St - 1912 N Broadway St - 689 S 200th St - 107 KS-7 - 130 W 680th Ave - 16010 Elk Rd - 1710 Arolyn Drive, Chanute, KS","coordinateProperties":{},"id":45},"geometry":{"type":"LineString","coordinates":[[-94.74167,37.42735],[-94.74185,37.46945],[-94.83436,37.47]]}},{"type":"Feature","properties":{"_gpxType":"trk","name":"La Quinta Inn & Suites by Wyndham Pittsburg, South Broadway Street, Pittsburg, KS - 109 N Broadway St - 1912 N Broadway St - 689 S 200th St - 107 KS-7 - 130 W 680th Ave - 16010 Elk Rd - 1710 Arolyn Drive, Chanute, KS","coordinateProperties":{},"id":45},"geometry":{"type":"LineString","coordinates":[[-94.83436,37.47],[-94.83474,37.46949],[-94.85123,37.46996],[-94.85189,37.49249],[-94.85172,37.55117],[-94.85087,37.60123],[-94.83276,37.60121],[-94.83252,37.60009]]}},{"type":"Feature","properties":{"_gpxType":"trk","name":"La Quinta Inn & Suites by Wyndham Pittsburg, South Broadway Street, Pittsburg, KS - 109 N Broadway St - 1912 N Broadway St - 689 S 200th St - 107 KS-7 - 130 W 680th Ave - 16010 Elk Rd - 1710 Arolyn Drive, Chanute, KS","coordinateProperties":{},"id":45},"geometry":{"type":"LineString","coordinates":[[-94.83252,37.60009],[-94.83252,37.6012],[-94.89919,37.60183],[-95.16049,37.602],[-95.28835,37.60104],[-95.31916,37.60115],[-95.33708,37.60194],[-95.4519,37.60163],[-95.45255,37.60164],[-95.45255,37.60242]]}},{"type":"Feature","properties":{"_gpxType":"trk","name":"La Quinta Inn & Suites by Wyndham Pittsburg, South Broadway Street, Pittsburg, KS - 109 N Broadway St - 1912 N Broadway St - 689 S 200th St - 107 KS-7 - 130 W 680th Ave - 16010 Elk Rd - 1710 Arolyn Drive, Chanute, KS","coordinateProperties":{},"id":45},"geometry":{"type":"LineString","coordinates":[[-95.45255,37.60242],[-95.45264,37.64579],[-95.47086,37.64574],[-95.47095,37.67312],[-95.47499,37.67341]]}},{"type":"Feature","properties":{"_gpxType":"trk","name":"1710 Arolyn Dr, Chanute, KS 66720 - 2017 S Plummer Ave - 2000 Rd - KS-39 - Unnamed Road - Lizard Lips Grill & Deli, U.S. 54, Toronto, KS - 200 W River St","coordinateProperties":{},"id":46},"geometry":{"type":"LineString","coordinates":[[-95.47499,37.67341],[-95.47095,37.67312],[-95.47121,37.66044]]}},{"type":"Feature","properties":{"_gpxType":"trk","name":"1710 Arolyn Dr, Chanute, KS 66720 - 2017 S Plummer Ave - 2000 Rd - KS-39 - Unnamed Road - Lizard Lips Grill & Deli, U.S. 54, Toronto, KS - 200 W River St","coordinateProperties":{},"id":46},"geometry":{"type":"LineString","coordinates":[[-95.47121,37.66044],[-95.47797,37.6598],[-95.61711,37.66023]]}},{"type":"Feature","properties":{"_gpxType":"trk","name":"1710 Arolyn Dr, Chanute, KS 66720 - 2017 S Plummer Ave - 2000 Rd - KS-39 - Unnamed Road - Lizard Lips Grill & Deli, U.S. 54, Toronto, KS - 200 W River St","coordinateProperties":{},"id":46},"geometry":{"type":"LineString","coordinates":[[-95.61711,37.66023],[-95.73243,37.661],[-95.73266,37.64926],[-95.73335,37.6462],[-95.73969,37.63521],[-95.74449,37.63199],[-95.7921,37.61906],[-95.79871,37.61788],[-95.87678,37.61799]]}},{"type":"Feature","properties":{"_gpxType":"trk","name":"1710 Arolyn Dr, Chanute, KS 66720 - 2017 S Plummer Ave - 2000 Rd - KS-39 - Unnamed Road - Lizard Lips Grill & Deli, U.S. 54, Toronto, KS - 200 W River St","coordinateProperties":{},"id":46},"geometry":{"type":"LineString","coordinates":[[-95.87678,37.61799],[-95.87839,37.61799],[-95.87826,37.63033]]}},{"type":"Feature","properties":{"_gpxType":"trk","name":"1710 Arolyn Dr, Chanute, KS 66720 - 2017 S Plummer Ave - 2000 Rd - KS-39 - Unnamed Road - Lizard Lips Grill & Deli, U.S. 54, Toronto, KS - 200 W River St","coordinateProperties":{},"id":46},"geometry":{"type":"LineString","coordinates":[[-95.87826,37.63033],[-95.87831,37.63967],[-95.88267,37.63987],[-95.88267,37.64844],[-95.88459,37.65037],[-95.88538,37.65287],[-95.88755,37.65468],[-95.88772,37.66858],[-95.89683,37.66891],[-95.89687,37.68233],[-95.89779,37.68458],[-95.89688,37.69076],[-95.90609,37.69925],[-95.9072,37.78068],[-95.90845,37.78264],[-95.92087,37.79366],[-95.92881,37.79774],[-95.95238,37.79828],[-95.9523,37.82337],[-95.94934,37.82947],[-95.94884,37.83602]]}},{"type":"Feature","properties":{"_gpxType":"trk","name":"1710 Arolyn Dr, Chanute, KS 66720 - 2017 S Plummer Ave - 2000 Rd - KS-39 - Unnamed Road - Lizard Lips Grill & Deli, U.S. 54, Toronto, KS - 200 W River St","coordinateProperties":{},"id":46},"geometry":{"type":"LineString","coordinates":[[-95.94884,37.83602],[-95.99904,37.83701],[-96.07549,37.83718],[-96.10395,37.83915],[-96.11668,37.83779],[-96.18047,37.83871],[-96.18604,37.83758],[-96.22965,37.8177],[-96.29583,37.81783]]}},{"type":"Feature","properties":{"_gpxType":"trk","name":"200 W River St, Eureka, KS 67045 - Cassoday Country Store, Kansas 177, Cassoday, KS - 118 N Walnut St - 303 West Broadway Street, Newton, KS","coordinateProperties":{},"id":47},"geometry":{"type":"LineString","coordinates":[[-96.29554,37.81811],[-96.2987,37.8177],[-96.30442,37.81488],[-96.31591,37.81391],[-96.32652,37.8108],[-96.33117,37.81015],[-96.45116,37.81025],[-96.46994,37.81483],[-96.47502,37.81542],[-96.49381,37.81237],[-96.52018,37.81215],[-96.54264,37.80968],[-96.554,37.81024],[-96.62006,37.81032],[-96.62062,37.83732],[-96.62071,37.96982],[-96.63901,37.9705],[-96.63926,38.0418],[-96.6393,38.04484],[-96.6399,38.04533]]}},{"type":"Feature","properties":{"_gpxType":"trk","name":"200 W River St, Eureka, KS 67045 - Cassoday Country Store, Kansas 177, Cassoday, KS - 118 N Walnut St - 303 West Broadway Street, Newton, KS","coordinateProperties":{},"id":47},"geometry":{"type":"LineString","coordinates":[[-96.6399,38.04533],[-96.63928,38.04287],[-96.87851,38.04198],[-97.15277,38.04403],[-97.32151,38.04254],[-97.33893,38.04281],[-97.33894,38.04341]]}},{"type":"Feature","properties":{"_gpxType":"trk","name":"200 W River St, Eureka, KS 67045 - Cassoday Country Store, Kansas 177, Cassoday, KS - 118 N Walnut St - 303 West Broadway Street, Newton, KS","coordinateProperties":{},"id":47},"geometry":{"type":"LineString","coordinates":[[-97.33894,38.04341],[-97.33897,38.04989],[-97.34895,38.04953]]}},{"type":"Feature","properties":{"_gpxType":"trk","name":"303 West Broadway Street, Newton, KS - 5629 NW 12th St - 371 N Old 81 Hwy - Mustard Seed, North Main Street, Buhler, KS - 2119 E 95th Ave - 501 39th Ct - 3109 Farmington Rd - 100 W 26th Ave - Harley's Bicycles, North Main Street, Hutchinson, KS","coordinateProperties":{},"id":48},"geometry":{"type":"LineString","coordinates":[[-97.34895,38.04953],[-97.37196,38.0502],[-97.37195,38.05746],[-97.42251,38.05756]]}},{"type":"Feature","properties":{"_gpxType":"trk","name":"303 West Broadway Street, Newton, KS - 5629 NW 12th St - 371 N Old 81 Hwy - Mustard Seed, North Main Street, Buhler, KS - 2119 E 95th Ave - 501 39th Ct - 3109 Farmington Rd - 100 W 26th Ave - Harley's Bicycles, North Main Street, Hutchinson, KS","coordinateProperties":{},"id":48},"geometry":{"type":"LineString","coordinates":[[-97.42251,38.05756],[-97.42731,38.05754],[-97.427,38.13567],[-97.43266,38.13906],[-97.43496,38.14123]]}},{"type":"Feature","properties":{"_gpxType":"trk","name":"303 West Broadway Street, Newton, KS - 5629 NW 12th St - 371 N Old 81 Hwy - Mustard Seed, North Main Street, Buhler, KS - 2119 E 95th Ave - 501 39th Ct - 3109 Farmington Rd - 100 W 26th Ave - Harley's Bicycles, North Main Street, Hutchinson, KS","coordinateProperties":{},"id":48},"geometry":{"type":"LineString","coordinates":[[-97.43496,38.14123],[-97.43786,38.14484],[-97.77067,38.14476],[-97.77057,38.13643]]}},{"type":"Feature","properties":{"_gpxType":"trk","name":"303 West Broadway Street, Newton, KS - 5629 NW 12th St - 371 N Old 81 Hwy - Mustard Seed, North Main Street, Buhler, KS - 2119 E 95th Ave - 501 39th Ct - 3109 Farmington Rd - 100 W 26th Ave - Harley's Bicycles, North Main Street, Hutchinson, KS","coordinateProperties":{},"id":48},"geometry":{"type":"LineString","coordinates":[[-97.77057,38.13643],[-97.77067,38.14476],[-97.82761,38.14462],[-97.8291,38.14533],[-97.83014,38.1475],[-97.8318,38.14848],[-97.84111,38.1485],[-97.84554,38.15034],[-97.84849,38.15403],[-97.84873,38.15931],[-97.89207,38.15933]]}},{"type":"Feature","properties":{"_gpxType":"trk","name":"303 West Broadway Street, Newton, KS - 5629 NW 12th St - 371 N Old 81 Hwy - Mustard Seed, North Main Street, Buhler, KS - 2119 E 95th Ave - 501 39th Ct - 3109 Farmington Rd - 100 W 26th Ave - Harley's Bicycles, North Main Street, Hutchinson, KS","coordinateProperties":{},"id":48},"geometry":{"type":"LineString","coordinates":[[-97.89207,38.15933],[-97.92213,38.15918],[-97.9221,38.11747],[-97.92269,38.11562],[-97.92207,38.11362],[-97.92204,38.09772]]}},{"type":"Feature","properties":{"_gpxType":"trk","name":"303 West Broadway Street, Newton, KS - 5629 NW 12th St - 371 N Old 81 Hwy - Mustard Seed, North Main Street, Buhler, KS - 2119 E 95th Ave - 501 39th Ct - 3109 Farmington Rd - 100 W 26th Ave - Harley's Bicycles, North Main Street, Hutchinson, KS","coordinateProperties":{},"id":48},"geometry":{"type":"LineString","coordinates":[[-97.92204,38.09772],[-97.92205,38.09216],[-97.92412,38.09204],[-97.92869,38.08877]]}},{"type":"Feature","properties":{"_gpxType":"trk","name":"303 West Broadway Street, Newton, KS - 5629 NW 12th St - 371 N Old 81 Hwy - Mustard Seed, North Main Street, Buhler, KS - 2119 E 95th Ave - 501 39th Ct - 3109 Farmington Rd - 100 W 26th Ave - Harley's Bicycles, North Main Street, Hutchinson, KS","coordinateProperties":{},"id":48},"geometry":{"type":"LineString","coordinates":[[-97.92869,38.08877],[-97.93115,38.08648],[-97.93565,38.08648],[-97.93554,38.08314],[-97.93509,38.08319]]}},{"type":"Feature","properties":{"_gpxType":"trk","name":"303 West Broadway Street, Newton, KS - 5629 NW 12th St - 371 N Old 81 Hwy - Mustard Seed, North Main Street, Buhler, KS - 2119 E 95th Ave - 501 39th Ct - 3109 Farmington Rd - 100 W 26th Ave - Harley's Bicycles, North Main Street, Hutchinson, KS","coordinateProperties":{},"id":48},"geometry":{"type":"LineString","coordinates":[[-97.93509,38.08319],[-97.93545,38.06076],[-97.93215,38.06075]]}},{"type":"Feature","properties":{"_gpxType":"trk","name":"Zion Lutheran Church, North Washington Street, Hutchinson, KS - Nickerson, KS - NE 140th St - Super 8 by Wyndham Great Bend, 911 Grant St, Great Bend, KS 67530","coordinateProperties":{},"id":50},"geometry":{"type":"LineString","coordinates":[[-97.93391,38.0647],[-97.95893,38.06496],[-97.9591,38.06306],[-97.96233,38.06475],[-97.9975,38.08848],[-97.99788,38.08968],[-97.99663,38.09274],[-98.00122,38.09435],[-98.01006,38.10025],[-98.02422,38.10739],[-98.02771,38.11115],[-98.02849,38.11515],[-98.03672,38.11544],[-98.03778,38.11601],[-98.08364,38.14726]]}},{"type":"Feature","properties":{"_gpxType":"trk","name":"Zion Lutheran Church, North Washington Street, Hutchinson, KS - Nickerson, KS - NE 140th St - Super 8 by Wyndham Great Bend, 911 Grant St, Great Bend, KS 67530","coordinateProperties":{},"id":50},"geometry":{"type":"LineString","coordinates":[[-98.08364,38.14726],[-98.08234,38.14638],[-98.08564,38.14338],[-98.08822,38.14472],[-98.19919,38.14461],[-98.20277,38.1466],[-98.20607,38.15484],[-98.20672,38.16625],[-98.23373,38.16578],[-98.23454,38.16467],[-98.23466,38.15937],[-98.23606,38.15858],[-98.36253,38.15911],[-98.49132,38.1581],[-98.74502,38.15916]]}},{"type":"Feature","properties":{"_gpxType":"trk","name":"Zion Lutheran Church, North Washington Street, Hutchinson, KS - Nickerson, KS - NE 140th St - Super 8 by Wyndham Great Bend, 911 Grant St, Great Bend, KS 67530","coordinateProperties":{},"id":50},"geometry":{"type":"LineString","coordinates":[[-98.74502,38.15916],[-98.74813,38.15918],[-98.74795,38.25622],[-98.74913,38.25849],[-98.755,38.26349],[-98.75601,38.26571],[-98.75621,38.32477],[-98.75742,38.32714],[-98.76517,38.33405],[-98.7651,38.36138],[-98.78883,38.3618],[-98.7892,38.36081]]}},{"type":"Feature","properties":{"_gpxType":"trk","name":"Super 8 by Wyndham Great Bend, Grant Street, Great Bend, KS - Derrick Inn Motel, East Sycamore Street, Ness City, KS","coordinateProperties":{},"id":51},"geometry":{"type":"LineString","coordinates":[[-98.7892,38.36081],[-98.78883,38.3618],[-98.79796,38.36179],[-98.82098,38.38379],[-98.8669,38.41161],[-98.93229,38.43962],[-98.97328,38.44624],[-99.0421,38.46252],[-99.05197,38.46415],[-99.34464,38.46612],[-99.35028,38.46705],[-99.43355,38.47326],[-99.47793,38.468],[-99.50056,38.47008],[-99.52524,38.4685],[-99.53755,38.46907],[-99.59382,38.46263],[-99.63467,38.4553],[-99.64162,38.45277],[-99.65249,38.45359],[-99.67254,38.45127],[-99.88292,38.45054],[-99.89418,38.4526],[-99.90005,38.45277]]}},{"type":"Feature","properties":{"_gpxType":"trk","name":"Derrick Inn Motel, East Sycamore Street, Ness City, KS - Scott County Fitness Center, South Washington Street, Scott City, KS","coordinateProperties":{},"id":52},"geometry":{"type":"LineString","coordinates":[[-99.90014,38.45277],[-99.91734,38.45294],[-99.92145,38.45224],[-99.96201,38.45179],[-99.98395,38.45025],[-100.03102,38.44955],[-100.22245,38.45095],[-100.22804,38.45277],[-100.26179,38.47819],[-100.2676,38.47984],[-100.45605,38.48205],[-100.57298,38.48177],[-100.775,38.48316],[-100.90558,38.48248],[-100.90559,38.4862]]}},{"type":"Feature","properties":{"_gpxType":"trk","name":"Scott County Fitness Center, South Washington Street, Scott City, KS - Greeley County Swimming Pool, Fairgrounds Road, Tribune, KS","coordinateProperties":{},"id":53},"geometry":{"type":"LineString","coordinates":[[-100.90559,38.4862],[-100.90558,38.48248],[-101.03822,38.48261],[-101.49765,38.48104],[-101.52515,38.47518],[-101.5426,38.4723],[-101.67321,38.45388],[-101.67889,38.45424],[-101.74447,38.46549],[-101.75239,38.46578],[-101.75244,38.47452],[-101.75465,38.47453]]}},{"type":"Feature","properties":{"_gpxType":"trk","name":"Greeley County Swimming Pool, Fairgrounds Road, Tribune, KS - Cobblestone Inn & Suites - Eads, East Lowell Street, Eads, CO","coordinateProperties":{},"id":54},"geometry":{"type":"LineString","coordinates":[[-101.75465,38.47453],[-101.75268,38.47452],[-101.75242,38.47387],[-101.75239,38.46578],[-102.03621,38.46557],[-102.04025,38.4664],[-102.05095,38.47097],[-102.05746,38.47192],[-102.25543,38.47081],[-102.28231,38.46763],[-102.28959,38.46611],[-102.29789,38.46574],[-102.46417,38.44533],[-102.50403,38.43764],[-102.51969,38.43968],[-102.56278,38.43282],[-102.5736,38.43357],[-102.5856,38.44083],[-102.58823,38.44366],[-102.59197,38.4526],[-102.59407,38.4544],[-102.5965,38.45524],[-102.62226,38.45763],[-102.64747,38.46436],[-102.77132,38.47721],[-102.77643,38.47739],[-102.77592,38.47637]]}},{"type":"Feature","properties":{"_gpxType":"trk","name":"Cobblestone Inn & Suites - Eads, East Lowell Street, Eads, CO - Colorado 81063","coordinateProperties":{},"id":55},"geometry":{"type":"LineString","coordinates":[[-102.77592,38.47637],[-102.77643,38.47739],[-102.78999,38.47804],[-102.79954,38.48013],[-102.9145,38.49187],[-102.9272,38.49257],[-102.94157,38.49463],[-103.02469,38.50257],[-103.03655,38.50425],[-103.04421,38.50477],[-103.0503,38.50381],[-103.05688,38.50071],[-103.07025,38.48792],[-103.07531,38.48484],[-103.15404,38.45705],[-103.16048,38.45351],[-103.16706,38.45265],[-103.18268,38.44738],[-103.19382,38.44804],[-103.20569,38.44995],[-103.21081,38.44919],[-103.29562,38.40593],[-103.29815,38.40374],[-103.33054,38.3637],[-103.34229,38.33893],[-103.34437,38.33287],[-103.34696,38.31985],[-103.34842,38.31704],[-103.3638,38.30096],[-103.37873,38.29123],[-103.38198,38.29028],[-103.44632,38.28119],[-103.46124,38.27397],[-103.65311,38.23584],[-103.65888,38.23352],[-103.66294,38.23331],[-103.66355,38.23445],[-103.74616,38.21778],[-103.75597,38.21806]]}},{"type":"Feature","properties":{"_gpxType":"trk","name":"Hotel Ordway, Colorado Avenue, Ordway, CO - Great Divide Ski Bike & Hike, North Santa Fe Avenue, Pueblo, CO","coordinateProperties":{},"id":56},"geometry":{"type":"LineString","coordinates":[[-103.75834,38.21634],[-103.75798,38.21488],[-103.75872,38.21451],[-103.76658,38.2126],[-103.82485,38.2013],[-103.98422,38.15469],[-104.02184,38.15499],[-104.03629,38.15819],[-104.08113,38.17098],[-104.10066,38.17428],[-104.10332,38.17608],[-104.1074,38.17715],[-104.13568,38.18921],[-104.15505,38.19374],[-104.17416,38.20469],[-104.20002,38.22114],[-104.22303,38.23865],[-104.22937,38.24084],[-104.23927,38.24643],[-104.26192,38.24873],[-104.27112,38.25054],[-104.33515,38.25902],[-104.36147,38.26439],[-104.36335,38.264],[-104.36699,38.26147],[-104.3737,38.26634],[-104.37712,38.2675],[-104.47208,38.27591],[-104.53608,38.27429],[-104.54396,38.27304],[-104.54952,38.27128],[-104.55409,38.27286],[-104.55742,38.27573],[-104.56028,38.27359],[-104.56449,38.27186],[-104.60688,38.27068]]}},{"type":"Feature","properties":{"_gpxType":"trk","name":"Great Divide Ski Bike & Hike, North Santa Fe Avenue, Pueblo, CO - Union - Abriendo Library - Cleveland - Abriendo - 4551 Goodnight Ave - 729 County Road 395, Wetmore, CO","coordinateProperties":{},"id":60},"geometry":{"type":"LineString","coordinates":[[-104.60688,38.27068],[-104.61163,38.27066],[-104.61182,38.26582],[-104.61857,38.26039],[-104.62052,38.26002]]}},{"type":"Feature","properties":{"_gpxType":"trk","name":"Great Divide Ski Bike & Hike, North Santa Fe Avenue, Pueblo, CO - Union - Abriendo Library - Cleveland - Abriendo - 4551 Goodnight Ave - 729 County Road 395, Wetmore, CO","coordinateProperties":{},"id":60},"geometry":{"type":"LineString","coordinates":[[-104.62052,38.26002],[-104.62167,38.26015],[-104.63318,38.26901],[-104.63417,38.26901]]}},{"type":"Feature","properties":{"_gpxType":"trk","name":"Great Divide Ski Bike & Hike, North Santa Fe Avenue, Pueblo, CO - Union - Abriendo Library - Cleveland - Abriendo - 4551 Goodnight Ave - 729 County Road 395, Wetmore, CO","coordinateProperties":{},"id":60},"geometry":{"type":"LineString","coordinates":[[-104.63417,38.26901],[-104.64034,38.26404],[-104.65312,38.26419],[-104.65763,38.26318],[-104.66234,38.26385],[-104.67905,38.2637],[-104.6803,38.26276]]}},{"type":"Feature","properties":{"_gpxType":"trk","name":"Great Divide Ski Bike & Hike, North Santa Fe Avenue, Pueblo, CO - Union - Abriendo Library - Cleveland - Abriendo - 4551 Goodnight Ave - 729 County Road 395, Wetmore, CO","coordinateProperties":{},"id":60},"geometry":{"type":"LineString","coordinates":[[-104.6803,38.26276],[-104.6805,38.259],[-104.6852,38.2586],[-104.68981,38.25716],[-104.69797,38.25666],[-104.70893,38.25962],[-104.71519,38.25776],[-104.72043,38.25284],[-104.72376,38.24577],[-104.73182,38.23416],[-104.73704,38.23066],[-104.74303,38.22926],[-104.77062,38.22941],[-104.77683,38.23059],[-104.79456,38.24203],[-104.81249,38.25569],[-104.81711,38.25765],[-104.82168,38.25832],[-104.87247,38.25821],[-104.88539,38.2594],[-104.90108,38.25841],[-104.92918,38.25819],[-104.9325,38.25729],[-104.93863,38.25296],[-104.94192,38.25218],[-105.02832,38.25147],[-105.03085,38.25076],[-105.03444,38.24688],[-105.05027,38.23782],[-105.0529,38.23832],[-105.05504,38.24218],[-105.05726,38.24333],[-105.07891,38.24327],[-105.08036,38.24283],[-105.08199,38.23943],[-105.08487,38.23741]]}},{"type":"Feature","properties":{"_gpxType":"trk","name":"729 County Road 395, Wetmore, CO - Antler Liquor Store & Motel, South 6th Street, Westcliffe, CO","coordinateProperties":{},"id":61},"geometry":{"type":"LineString","coordinates":[[-105.08487,38.23741],[-105.08456,38.23776],[-105.0856,38.23828],[-105.08687,38.23773],[-105.09081,38.23031],[-105.09486,38.21157],[-105.10232,38.19803],[-105.10446,38.19261],[-105.10492,38.18482],[-105.10666,38.18243],[-105.11247,38.17903],[-105.1155,38.1781],[-105.1218,38.17757],[-105.12657,38.17584],[-105.14057,38.17642],[-105.14443,38.1733],[-105.14778,38.17494],[-105.15217,38.17503],[-105.15903,38.17106],[-105.16238,38.17156],[-105.16767,38.17465],[-105.16913,38.17392],[-105.17225,38.17514],[-105.17489,38.17285],[-105.17749,38.17298],[-105.17904,38.17114],[-105.18457,38.17065],[-105.18606,38.16909],[-105.18816,38.16849],[-105.1901,38.16473],[-105.19116,38.16426],[-105.20144,38.16658],[-105.20728,38.16582],[-105.21814,38.16729],[-105.22409,38.16471],[-105.24342,38.16308],[-105.25966,38.15991],[-105.26739,38.16202],[-105.27374,38.16465],[-105.2871,38.16455],[-105.3078,38.15676],[-105.31462,38.15293],[-105.3193,38.14823],[-105.32427,38.14534],[-105.32897,38.14392],[-105.3338,38.14351],[-105.33736,38.1447],[-105.34344,38.1409],[-105.34683,38.14172],[-105.35105,38.1444],[-105.3515,38.14574],[-105.35083,38.14937],[-105.3514,38.15076],[-105.35671,38.15205],[-105.35974,38.15158],[-105.36357,38.14833],[-105.37845,38.14092],[-105.38842,38.13755],[-105.4173,38.13502],[-105.44615,38.13635],[-105.46375,38.13578]]}},{"type":"Feature","properties":{"_gpxType":"trk","name":"Antler Liquor Store & Motel, South 6th Street, Westcliffe, CO - The Salida Hostel, Colorado 291, Salida, CO","coordinateProperties":{},"id":62},"geometry":{"type":"LineString","coordinates":[[-105.46375,38.13578],[-105.46737,38.13604],[-105.46796,38.13862],[-105.47441,38.14403],[-105.48435,38.1635],[-105.49065,38.16813],[-105.50003,38.16996],[-105.50198,38.17093],[-105.51122,38.18426],[-105.53759,38.20342],[-105.54581,38.21159],[-105.55083,38.21746],[-105.55199,38.22317],[-105.55494,38.22811],[-105.55438,38.23084],[-105.55565,38.23361],[-105.56414,38.23846],[-105.56797,38.24474],[-105.57501,38.24898],[-105.58065,38.25094],[-105.59978,38.26287],[-105.60251,38.2636],[-105.60896,38.262],[-105.61181,38.26331],[-105.61615,38.2769],[-105.61562,38.28575],[-105.62061,38.29051],[-105.62017,38.30905],[-105.62569,38.31098],[-105.63128,38.30946],[-105.63905,38.30912],[-105.65782,38.31242],[-105.66189,38.31686],[-105.66952,38.3227],[-105.67407,38.32569],[-105.6802,38.32748],[-105.68369,38.33983],[-105.68346,38.34244],[-105.68417,38.3453],[-105.69005,38.35248],[-105.69157,38.36558],[-105.68836,38.3696],[-105.68891,38.37096],[-105.69375,38.37197],[-105.69823,38.37132],[-105.70665,38.3665],[-105.71122,38.36776],[-105.71528,38.36714],[-105.72345,38.36271],[-105.72663,38.35947],[-105.72861,38.35845],[-105.73094,38.3588],[-105.73395,38.36105],[-105.73912,38.36025],[-105.74162,38.36075],[-105.76116,38.37362],[-105.76731,38.38241],[-105.77684,38.39292],[-105.77895,38.40089],[-105.78301,38.40593],[-105.80942,38.42702],[-105.8156,38.42954],[-105.82709,38.43032],[-105.83132,38.43122],[-105.83326,38.43236],[-105.83719,38.43665],[-105.84021,38.45043],[-105.84332,38.45845],[-105.84597,38.46115],[-105.84885,38.46269],[-105.86196,38.4649],[-105.8649,38.46737],[-105.86565,38.4714],[-105.86663,38.47238],[-105.86809,38.47216],[-105.86998,38.46966],[-105.87188,38.46937],[-105.87342,38.47222],[-105.87753,38.47219],[-105.88166,38.47522],[-105.88599,38.47533],[-105.89454,38.47916],[-105.9077,38.4819],[-105.91922,38.48888],[-105.91953,38.49038],[-105.91719,38.49536],[-105.91769,38.49696],[-105.91893,38.49775],[-105.92323,38.49748],[-105.92597,38.49813],[-105.93037,38.49983],[-105.93441,38.50256],[-105.94463,38.50241],[-105.94882,38.50565],[-105.95642,38.50493],[-105.96595,38.50968],[-105.97538,38.5112],[-105.9771,38.51253],[-105.98472,38.52354],[-105.98493,38.5323],[-105.99285,38.53691],[-105.99838,38.54193],[-106.00094,38.54223]]}},{"type":"Feature","properties":{"_gpxType":"trk","name":"225 Grand Ave - 8380 Co Rd 144 - 9399 Co Rd 120 - Forest Rd 200 - Tomichi Creek Trading Post, 71420 US-50, Sargents, CO 81248","coordinateProperties":{},"id":63},"geometry":{"type":"LineString","coordinates":[[-106.00092,38.54245],[-106.00486,38.54204],[-106.00427,38.54072],[-106.0199,38.5421],[-106.02414,38.54011]]}},{"type":"Feature","properties":{"_gpxType":"trk","name":"225 Grand Ave - 8380 Co Rd 144 - 9399 Co Rd 120 - Forest Rd 200 - Tomichi Creek Trading Post, 71420 US-50, Sargents, CO 81248","coordinateProperties":{},"id":63},"geometry":{"type":"LineString","coordinates":[[-106.02414,38.54011],[-106.02423,38.53509],[-106.03345,38.5352],[-106.03405,38.52513],[-106.04946,38.52013]]}},{"type":"Feature","properties":{"_gpxType":"trk","name":"225 Grand Ave - 8380 Co Rd 144 - 9399 Co Rd 120 - Forest Rd 200 - Tomichi Creek Trading Post, 71420 US-50, Sargents, CO 81248","coordinateProperties":{},"id":63},"geometry":{"type":"LineString","coordinates":[[-106.04946,38.52013],[-106.05563,38.51861],[-106.06168,38.51817],[-106.06273,38.51766],[-106.06289,38.51665],[-106.07657,38.51457],[-106.07696,38.50846],[-106.07929,38.50464],[-106.07991,38.50105],[-106.07791,38.50055],[-106.07702,38.49821],[-106.0779,38.49813],[-106.08027,38.49618],[-106.08041,38.49523],[-106.08147,38.495],[-106.08327,38.49111],[-106.08437,38.49085],[-106.08719,38.48317],[-106.08695,38.481],[-106.08841,38.47827],[-106.08821,38.47583],[-106.09565,38.46628],[-106.10025,38.455],[-106.10202,38.45264],[-106.10633,38.44988],[-106.10732,38.44795],[-106.1207,38.43793],[-106.12225,38.43514],[-106.12668,38.4306],[-106.12913,38.42686],[-106.12958,38.4244],[-106.12904,38.42205],[-106.13133,38.41811],[-106.13712,38.41509],[-106.13821,38.41536],[-106.13774,38.41629],[-106.13333,38.41836]]}},{"type":"Feature","properties":{"_gpxType":"trk","name":"225 Grand Ave - 8380 Co Rd 144 - 9399 Co Rd 120 - Forest Rd 200 - Tomichi Creek Trading Post, 71420 US-50, Sargents, CO 81248","coordinateProperties":{},"id":63},"geometry":{"type":"LineString","coordinates":[[-106.13333,38.41836],[-106.13181,38.42038],[-106.13256,38.42133],[-106.14145,38.42266],[-106.14108,38.42377],[-106.13617,38.42464],[-106.13528,38.42643],[-106.13227,38.42716],[-106.13226,38.42932],[-106.1394,38.43105],[-106.13894,38.43207],[-106.13687,38.43188],[-106.13535,38.43256],[-106.1363,38.43419],[-106.13748,38.43428],[-106.14151,38.43151],[-106.14605,38.43026],[-106.14966,38.42819],[-106.15034,38.42834],[-106.15116,38.43023],[-106.15363,38.42972],[-106.15588,38.43036],[-106.15781,38.42917],[-106.16151,38.42986],[-106.16278,38.43147],[-106.16487,38.43054],[-106.17083,38.43147],[-106.17135,38.43074],[-106.1704,38.4295],[-106.17034,38.42804],[-106.17297,38.42678],[-106.17408,38.42435],[-106.17598,38.42273],[-106.17631,38.42046],[-106.17734,38.41932],[-106.17741,38.4177],[-106.17649,38.41644],[-106.17714,38.41316],[-106.17854,38.4108],[-106.18167,38.41031],[-106.183,38.40802],[-106.18535,38.40689],[-106.18691,38.40748],[-106.18901,38.40557],[-106.19423,38.40464],[-106.1991,38.40503],[-106.20072,38.40177],[-106.20421,38.40021],[-106.20694,38.39984],[-106.20822,38.39861],[-106.21314,38.40091],[-106.21543,38.39723],[-106.21793,38.39681],[-106.22097,38.39771],[-106.22499,38.39482],[-106.22931,38.3958],[-106.23056,38.39705],[-106.23401,38.39563],[-106.24647,38.39555],[-106.24786,38.3948],[-106.24714,38.39236],[-106.248,38.39169],[-106.25264,38.39548],[-106.25601,38.39649],[-106.25698,38.39857],[-106.25817,38.39929],[-106.25977,38.39905],[-106.26202,38.40006],[-106.26485,38.39931],[-106.269,38.40308],[-106.27113,38.40412],[-106.27824,38.39599],[-106.27858,38.39255],[-106.27131,38.3899],[-106.26994,38.39027],[-106.26825,38.39217],[-106.26684,38.39029],[-106.26329,38.39254],[-106.26183,38.39182],[-106.26671,38.38606],[-106.27843,38.38475],[-106.28281,38.38521],[-106.28456,38.38406],[-106.28464,38.38314],[-106.28121,38.38056],[-106.27609,38.37897],[-106.2763,38.37803],[-106.28007,38.37745],[-106.28182,38.37921],[-106.28426,38.38035],[-106.28988,38.38208],[-106.29215,38.38166],[-106.29957,38.37647],[-106.30282,38.37261],[-106.30497,38.37231],[-106.30677,38.37091],[-106.30855,38.36705],[-106.30762,38.36383],[-106.31058,38.36085],[-106.31592,38.35993],[-106.32132,38.36058],[-106.32657,38.35944],[-106.32924,38.3604],[-106.32989,38.36228],[-106.33233,38.36236],[-106.33683,38.36671],[-106.34015,38.36772],[-106.34393,38.37023],[-106.3466,38.37013],[-106.35363,38.37487],[-106.35844,38.37485],[-106.36393,38.37272],[-106.3666,38.37255],[-106.38035,38.37337],[-106.38387,38.37463],[-106.38687,38.37769],[-106.39234,38.38757],[-106.3956,38.39639],[-106.39873,38.40013],[-106.40357,38.40358],[-106.40807,38.40569],[-106.41409,38.40713],[-106.41681,38.40661]]}},{"type":"Feature","properties":{"_gpxType":"trk","name":"Tomichi Creek Trading Post, U.S. 50, Sargents, CO - Unnamed Road","coordinateProperties":{},"id":64},"geometry":{"type":"LineString","coordinates":[[-106.41681,38.40661],[-106.4203,38.40517],[-106.42217,38.40337],[-106.42279,38.40174],[-106.42273,38.39672],[-106.42351,38.39539],[-106.436,38.38974],[-106.44272,38.3899],[-106.45165,38.38899],[-106.46245,38.39466],[-106.46879,38.39648],[-106.4807,38.39766],[-106.49038,38.39719],[-106.49377,38.39951],[-106.49679,38.4042],[-106.50432,38.41146],[-106.52145,38.41727],[-106.52337,38.41918],[-106.52587,38.42578],[-106.54103,38.43452],[-106.56994,38.43897],[-106.58361,38.44201],[-106.66122,38.47554],[-106.66579,38.47906],[-106.67722,38.48596],[-106.69119,38.48922],[-106.69975,38.49025],[-106.70545,38.49245],[-106.71323,38.49433],[-106.72468,38.49873],[-106.73419,38.50949],[-106.73872,38.51211],[-106.7527,38.51323],[-106.7684,38.51901],[-106.78444,38.52311],[-106.81076,38.52494],[-106.82386,38.53096],[-106.83411,38.53279],[-106.84326,38.5365],[-106.85257,38.53741],[-106.85452,38.53856],[-106.85917,38.54346],[-106.86222,38.54469],[-106.87499,38.54472],[-106.88173,38.544],[-106.88582,38.54456],[-106.9374,38.54433],[-106.93866,38.54353],[-106.94068,38.53795],[-106.94257,38.53633],[-106.97604,38.52283],[-106.99107,38.52256],[-107.01919,38.51608],[-107.02432,38.51098],[-107.02675,38.50712],[-107.0271,38.50548],[-107.02607,38.49995],[-107.02708,38.49728],[-107.03379,38.49279],[-107.03551,38.48958],[-107.04026,38.48908],[-107.04283,38.48625],[-107.04705,38.48717],[-107.05156,38.48607],[-107.05452,38.48907],[-107.05642,38.48974],[-107.06106,38.48918],[-107.0661,38.48672],[-107.0789,38.48891],[-107.09035,38.48845],[-107.11765,38.48158],[-107.12158,38.47977],[-107.12825,38.47524],[-107.13121,38.47413],[-107.1468,38.47298],[-107.16351,38.47005],[-107.16359,38.46861],[-107.1667,38.46571],[-107.17085,38.4658],[-107.17229,38.46637],[-107.17249,38.46732],[-107.17563,38.46746]]}},{"type":"Feature","properties":{"_gpxType":"trk","name":"Elk Creek Campground, Elk Creek, Gunnison, CO - Pleasant Valley, U.S. 50, Cimarron, CO","coordinateProperties":{},"id":65},"geometry":{"type":"LineString","coordinates":[[-107.17224,38.46776],[-107.1719,38.4659],[-107.1667,38.46571],[-107.16252,38.47015],[-107.1468,38.47298],[-107.13094,38.47419],[-107.11674,38.48183],[-107.08909,38.4886],[-107.07774,38.48882],[-107.06635,38.48671],[-107.06412,38.48721],[-107.06116,38.48914],[-107.05631,38.48969],[-107.05462,38.48914],[-107.05156,38.48607],[-107.04745,38.48716],[-107.04272,38.48628],[-107.04004,38.48919],[-107.03527,38.48974],[-107.03351,38.49305],[-107.02708,38.49728],[-107.02607,38.49995],[-107.0271,38.50548],[-107.02675,38.50712],[-107.02407,38.51127],[-107.01925,38.51605],[-106.99107,38.52256],[-106.97582,38.5229],[-106.9425,38.53638],[-106.94049,38.53822],[-106.93881,38.54328],[-106.9374,38.54433],[-106.92692,38.54441],[-106.92701,38.56294],[-106.92234,38.56911],[-106.92173,38.5885],[-106.90685,38.59832],[-106.898,38.60822],[-106.87746,38.6206],[-106.87588,38.6274],[-106.86673,38.64182],[-106.86701,38.64441],[-106.86613,38.6468],[-106.86087,38.6528],[-106.85564,38.65563],[-106.85391,38.6602],[-106.84836,38.66133],[-106.84799,38.66334],[-106.84602,38.66558],[-106.84558,38.67029],[-106.85175,38.67782],[-106.85248,38.67993],[-106.85191,38.68408],[-106.8522,38.69206],[-106.84939,38.69559],[-106.84873,38.713],[-106.84728,38.71614],[-106.84803,38.72285],[-106.85207,38.7325],[-106.85601,38.73871],[-106.85692,38.74458],[-106.8601,38.75166],[-106.87189,38.78602],[-106.87629,38.79438],[-106.87898,38.79688],[-106.8966,38.80839],[-106.93249,38.83585],[-106.94023,38.84081],[-106.94675,38.84768],[-106.95236,38.85148],[-106.97304,38.86143],[-106.98023,38.86653],[-106.98082,38.86794],[-106.99111,38.86792],[-106.99315,38.87015],[-106.99576,38.86924],[-107.00073,38.87073],[-107.00608,38.86959],[-107.00983,38.87005],[-107.01373,38.86904],[-107.01924,38.86931],[-107.03715,38.863],[-107.04564,38.86284],[-107.04801,38.86079],[-107.04989,38.86031],[-107.0541,38.85616],[-107.05923,38.85692],[-107.0655,38.85558],[-107.07185,38.85596],[-107.07879,38.85431],[-107.08345,38.85416],[-107.08917,38.85464],[-107.09537,38.85756],[-107.09671,38.85676],[-107.09704,38.85337],[-107.10014,38.84984],[-107.10437,38.8498],[-107.11096,38.85622],[-107.1144,38.86169],[-107.11536,38.86169],[-107.11571,38.85999],[-107.11665,38.85999],[-107.11742,38.86269],[-107.12089,38.86464],[-107.12182,38.86452],[-107.12421,38.86159],[-107.12709,38.8605],[-107.13123,38.8571],[-107.14067,38.85639],[-107.14524,38.85719],[-107.14711,38.85638],[-107.15165,38.85694],[-107.15718,38.86032],[-107.16413,38.86292],[-107.16467,38.8651],[-107.16635,38.86683],[-107.16779,38.86711],[-107.17089,38.87147],[-107.17397,38.87335],[-107.17725,38.87793],[-107.1812,38.87996],[-107.18224,38.88286],[-107.18511,38.88423],[-107.18873,38.88419],[-107.18846,38.88691],[-107.19334,38.89049],[-107.19769,38.89604],[-107.20085,38.89775],[-107.21002,38.89779],[-107.21437,38.89586],[-107.21847,38.89605],[-107.221,38.8977],[-107.22168,38.89982],[-107.22487,38.9028],[-107.22469,38.90577],[-107.23097,38.90939],[-107.23242,38.91133],[-107.23741,38.90939],[-107.24327,38.9101],[-107.24381,38.91126],[-107.24598,38.91234],[-107.24848,38.91232],[-107.24932,38.913],[-107.24974,38.91493],[-107.25407,38.91701],[-107.25699,38.91943],[-107.26057,38.92087],[-107.26517,38.92117],[-107.26671,38.92189],[-107.26893,38.92468],[-107.27495,38.92424],[-107.27785,38.92503],[-107.28024,38.92384],[-107.28663,38.92672],[-107.29032,38.92584],[-107.29478,38.92579],[-107.29569,38.92784],[-107.29471,38.92961],[-107.29353,38.92962],[-107.29227,38.93113],[-107.29361,38.93324],[-107.2928,38.93479],[-107.29373,38.93685],[-107.29319,38.93878],[-107.2929,38.93946],[-107.29009,38.93988],[-107.28875,38.94095],[-107.28743,38.94569],[-107.2843,38.94763],[-107.27931,38.94929],[-107.27711,38.94934],[-107.27395,38.9507],[-107.27344,38.9516],[-107.27143,38.95175],[-107.26779,38.95487],[-107.27126,38.95395],[-107.27303,38.95508],[-107.27713,38.95335],[-107.28169,38.95285],[-107.29677,38.94906],[-107.31139,38.93914],[-107.3176,38.93582],[-107.31997,38.93515],[-107.3271,38.93496],[-107.33618,38.9328],[-107.34291,38.92813],[-107.34457,38.92823],[-107.35604,38.93672],[-107.35848,38.9405],[-107.36376,38.94137],[-107.36726,38.94072],[-107.37196,38.93852],[-107.3752,38.93802],[-107.38135,38.93864],[-107.39772,38.93426],[-107.40198,38.93373],[-107.40866,38.93102],[-107.41846,38.93007],[-107.42251,38.92814],[-107.42673,38.9277],[-107.43181,38.92534],[-107.4396,38.92763],[-107.4464,38.92845],[-107.45054,38.9297],[-107.45903,38.92831],[-107.46461,38.9287],[-107.46699,38.92645],[-107.46872,38.92593],[-107.47229,38.92813],[-107.47718,38.92778],[-107.48011,38.92549],[-107.48579,38.9234],[-107.49068,38.91938],[-107.49596,38.91762],[-107.50275,38.918],[-107.51519,38.92315],[-107.52308,38.92284],[-107.53452,38.92105],[-107.5404,38.91662],[-107.55642,38.91178],[-107.5612,38.90588],[-107.56398,38.90093],[-107.57614,38.89314],[-107.58315,38.88976],[-107.59261,38.88208],[-107.59711,38.88063],[-107.60316,38.87611],[-107.60875,38.87351],[-107.61119,38.86993],[-107.61614,38.86556],[-107.62312,38.86143],[-107.63955,38.85852],[-107.65351,38.85436],[-107.65949,38.85026],[-107.66264,38.84723],[-107.67101,38.84442],[-107.68395,38.83095],[-107.69362,38.81537],[-107.7008,38.81077],[-107.70316,38.80802],[-107.70971,38.80467],[-107.71487,38.79902],[-107.72593,38.79897],[-107.7282,38.79807],[-107.73237,38.79812],[-107.73382,38.79882],[-107.73645,38.802],[-107.73786,38.8024],[-107.74799,38.79975],[-107.8149,38.80038],[-107.82934,38.79695],[-107.85657,38.79918],[-107.86822,38.80201],[-107.88046,38.80284],[-107.90977,38.80049],[-107.91246,38.7994],[-107.92067,38.79346],[-107.92377,38.79196],[-107.93839,38.79083],[-107.94028,38.78919],[-107.94115,38.78446],[-107.94354,38.7819],[-107.95662,38.77795],[-107.9623,38.77546],[-107.97119,38.76797],[-107.97602,38.76625],[-107.97609,38.75546],[-107.98077,38.75537],[-107.98065,38.74132],[-107.99008,38.74053],[-107.99013,38.72648],[-108.00879,38.72647],[-108.00885,38.6985],[-108.01021,38.69746],[-108.01939,38.69741],[-108.02244,38.69569],[-108.01829,38.69297],[-108.01275,38.68774],[-107.99375,38.66072],[-107.98901,38.64523],[-107.98618,38.63266],[-107.98459,38.61969],[-107.97408,38.60797],[-107.97244,38.59486],[-107.95087,38.55405],[-107.93626,38.53122],[-107.92384,38.52001],[-107.91389,38.51215],[-107.8895,38.48946],[-107.88414,38.48925],[-107.88051,38.49153],[-107.8791,38.49168],[-107.87089,38.48896],[-107.86736,38.48588],[-107.86293,38.48782],[-107.84829,38.48879],[-107.80423,38.48859],[-107.79749,38.4891],[-107.76641,38.4886],[-107.75536,38.48767],[-107.7353,38.4887],[-107.73122,38.48827],[-107.72778,38.48702],[-107.69246,38.46734],[-107.68913,38.4645],[-107.68545,38.46259],[-107.68228,38.46186],[-107.67574,38.4585],[-107.66881,38.45857],[-107.66436,38.45619],[-107.66012,38.45172],[-107.65558,38.45223],[-107.65215,38.45087],[-107.6467,38.45016],[-107.64431,38.44763],[-107.63614,38.44242],[-107.63404,38.44231],[-107.6288,38.4437],[-107.62184,38.4469],[-107.61996,38.44601],[-107.61901,38.44347],[-107.61779,38.44265],[-107.61192,38.44352],[-107.59138,38.43795],[-107.58646,38.43834],[-107.58296,38.44158],[-107.58106,38.44235],[-107.56936,38.44082],[-107.56082,38.44262],[-107.55714,38.44258],[-107.55274,38.43909],[-107.54599,38.4364],[-107.53998,38.43155],[-107.53431,38.42549],[-107.53309,38.42247],[-107.52627,38.41376],[-107.52053,38.4109]]}},{"type":"Feature","properties":{"_gpxType":"trk","name":"Pleasant Valley, U.S. 50, Cimarron, CO - South Rim Campground, South Rim Road, Montrose, CO","coordinateProperties":{},"id":66},"geometry":{"type":"LineString","coordinates":[[-107.52053,38.4109],[-107.5263,38.41392],[-107.53301,38.42235],[-107.5342,38.42533],[-107.53998,38.43155],[-107.54599,38.4364],[-107.55313,38.4393],[-107.55679,38.44245],[-107.56076,38.44263],[-107.56936,38.44082],[-107.58095,38.44236],[-107.58277,38.44172],[-107.58627,38.43841],[-107.59181,38.43795],[-107.61183,38.44351],[-107.61768,38.44261],[-107.61896,38.44341],[-107.62005,38.44611],[-107.62154,38.44686],[-107.62371,38.44653],[-107.6288,38.4437],[-107.63365,38.44238],[-107.63627,38.44246],[-107.64409,38.44745],[-107.6467,38.45016],[-107.6523,38.45091],[-107.65527,38.45221],[-107.66024,38.45176],[-107.66465,38.45641],[-107.66929,38.45878],[-107.67513,38.45836],[-107.68217,38.46182],[-107.68512,38.46243],[-107.68879,38.46429],[-107.69232,38.46726],[-107.72838,38.48731],[-107.73355,38.48864],[-107.74058,38.48849],[-107.73818,38.49287],[-107.73778,38.50081],[-107.72951,38.50158],[-107.72972,38.50969],[-107.72405,38.51279],[-107.72019,38.51733],[-107.72035,38.52128],[-107.72112,38.52274],[-107.72075,38.52643],[-107.71805,38.53028],[-107.71375,38.5325],[-107.71667,38.53318],[-107.71633,38.53448],[-107.70718,38.53651],[-107.7033,38.53825],[-107.70059,38.5405],[-107.69324,38.54117],[-107.6904,38.54025],[-107.68828,38.5419],[-107.68881,38.54406],[-107.68958,38.54364]]}},{"type":"Feature","properties":{"_gpxType":"trk","name":"South Rim Campground, South Rim Road, Montrose, CO - Red Arrow Inn & Suites - Pet Friendly Hotel - Montrose Colorado, East Main Street, Montrose, CO","coordinateProperties":{},"id":67},"geometry":{"type":"LineString","coordinates":[[-107.68958,38.54364],[-107.6887,38.54333],[-107.6883,38.54182],[-107.6904,38.54025],[-107.6929,38.54106],[-107.70105,38.54046],[-107.70316,38.53832],[-107.70718,38.53651],[-107.71633,38.53448],[-107.7168,38.53369],[-107.71633,38.53285],[-107.71446,38.53302],[-107.71378,38.53223],[-107.71658,38.53146],[-107.71805,38.53028],[-107.72075,38.52643],[-107.72112,38.52274],[-107.72041,38.52143],[-107.72019,38.51733],[-107.72405,38.51279],[-107.72971,38.50972],[-107.7294,38.50168],[-107.73778,38.50081],[-107.73818,38.49287],[-107.74045,38.48878],[-107.74952,38.48795],[-107.7497,38.48478],[-107.77404,38.48104],[-107.77424,38.47986],[-107.77619,38.47931],[-107.78216,38.47911],[-107.78658,38.47971],[-107.80277,38.48574],[-107.80343,38.48862],[-107.81152,38.48865],[-107.82936,38.48167],[-107.85614,38.48176],[-107.85712,38.48277],[-107.85712,38.48661],[-107.8591,38.48661],[-107.85907,38.48758],[-107.8599,38.48803],[-107.86172,38.48791]]}},{"type":"Feature","properties":{"_gpxType":"trk","name":"293 S Laura St, Ridgway, CO 81432 - 220 Surprise Ave, Placerville, CO 81320","coordinateProperties":{},"id":70},"geometry":{"type":"LineString","coordinates":[[-107.75916,38.14947],[-107.76015,38.14947],[-107.76014,38.15126],[-107.76501,38.15164],[-107.76797,38.15446],[-107.76918,38.15678],[-107.77302,38.15906],[-107.79413,38.15939],[-107.8047,38.15859],[-107.80767,38.15607],[-107.81065,38.14756],[-107.81528,38.14044],[-107.82209,38.13596],[-107.83472,38.12304],[-107.83728,38.12194],[-107.84279,38.1215],[-107.85492,38.11641],[-107.85703,38.11642],[-107.86354,38.11857],[-107.86612,38.11775],[-107.86678,38.11555],[-107.86415,38.11232],[-107.86434,38.11026],[-107.87094,38.10036],[-107.87692,38.09807],[-107.88152,38.09402],[-107.88986,38.09504],[-107.9078,38.09988],[-107.91357,38.10006],[-107.92351,38.1023],[-107.92972,38.10274],[-107.93556,38.10408],[-107.93939,38.10616],[-107.94855,38.10632],[-107.96239,38.10277],[-107.97297,38.09792],[-107.98256,38.09805],[-107.98595,38.09636],[-107.99157,38.09518],[-107.99761,38.09044],[-108.00103,38.08905],[-108.00762,38.08426],[-108.01553,38.07763],[-108.01817,38.0743],[-108.02304,38.07137],[-108.02572,38.06774],[-108.02805,38.05976],[-108.03282,38.05271],[-108.04188,38.03553],[-108.04582,38.03211],[-108.05031,38.02581],[-108.05596,38.02202],[-108.06103,38.02063],[-108.05957,38.01922],[-108.05443,38.01759],[-108.05165,38.01424],[-108.0509,38.01491]]}},{"type":"Feature","properties":{"_gpxType":"trk","name":"220 Surprise Ave, Placerville, CO 81320 - Town Park, East Colorado Avenue, Telluride, CO","coordinateProperties":{},"id":71},"geometry":{"type":"LineString","coordinates":[[-108.0509,38.01491],[-108.05165,38.01424],[-108.05296,38.01552],[-108.05151,38.01334],[-108.04515,38.008],[-108.03885,38.00482],[-108.03277,37.99656],[-108.0281,37.99403],[-108.02114,37.99401],[-108.01537,37.99277],[-108.00328,37.99453],[-107.99943,37.99434],[-107.99456,37.99209],[-107.99298,37.99022],[-107.98642,37.9774],[-107.97454,37.96918],[-107.96936,37.96687],[-107.95425,37.96465],[-107.94842,37.96199],[-107.94487,37.95849],[-107.93324,37.95603],[-107.92193,37.94853],[-107.90093,37.94687],[-107.89429,37.9478],[-107.88789,37.94752],[-107.87547,37.95037],[-107.85775,37.95136],[-107.84725,37.9483],[-107.83343,37.94635],[-107.82647,37.94434],[-107.81793,37.93901],[-107.80682,37.93612],[-107.80669,37.93523],[-107.8051,37.93422],[-107.8065,37.93374]]}},{"type":"Feature","properties":{"_gpxType":"trk","name":"Town Park, East Colorado Avenue, Telluride, CO - Priest Gulch Campground & RV, Colorado 145, Dolores, CO","coordinateProperties":{},"id":72},"geometry":{"type":"LineString","coordinates":[[-107.8065,37.93374],[-107.80508,37.93382],[-107.80513,37.93429],[-107.8076,37.93633],[-107.81793,37.93901],[-107.82607,37.94419],[-107.83343,37.94635],[-107.84778,37.94841],[-107.85775,37.95136],[-107.87127,37.9505],[-107.87261,37.94598],[-107.87819,37.94569],[-107.88175,37.94351],[-107.87908,37.94041],[-107.88002,37.93757],[-107.87968,37.93316],[-107.88384,37.92166],[-107.88312,37.91516],[-107.88415,37.91336],[-107.89028,37.90827],[-107.8912,37.90637],[-107.89081,37.89786],[-107.88821,37.88868],[-107.88902,37.88517],[-107.88766,37.88259],[-107.88764,37.88101],[-107.88565,37.87928],[-107.88359,37.87288],[-107.8797,37.86826],[-107.87163,37.8639],[-107.86978,37.8613],[-107.87033,37.85993],[-107.87132,37.85959],[-107.87956,37.86082],[-107.88339,37.85796],[-107.88531,37.85499],[-107.88273,37.85134],[-107.88253,37.84502],[-107.88603,37.84042],[-107.88669,37.83563],[-107.88803,37.83247],[-107.8937,37.82794],[-107.89596,37.82252],[-107.89839,37.82005],[-107.90034,37.81588],[-107.91274,37.80864],[-107.91679,37.80708],[-107.92066,37.80698],[-107.92402,37.8057],[-107.92531,37.80227],[-107.92755,37.79968],[-107.93232,37.79679],[-107.93675,37.79598],[-107.94138,37.79257],[-107.94437,37.78775],[-107.94343,37.78468],[-107.94354,37.7824],[-107.94462,37.78055],[-107.94707,37.77993],[-107.95214,37.7803],[-107.95614,37.77977],[-107.97355,37.77249],[-107.98103,37.77236],[-107.98497,37.77131],[-108.00663,37.75537],[-108.01474,37.7468],[-108.02045,37.74272],[-108.02136,37.7393],[-108.02815,37.73269],[-108.02954,37.73053],[-108.03028,37.7232],[-108.03324,37.71769],[-108.03461,37.71353],[-108.03416,37.70625],[-108.03197,37.7031],[-108.03218,37.70018],[-108.03084,37.69695],[-108.03161,37.6946],[-108.03138,37.68872],[-108.03366,37.6848],[-108.03412,37.67932],[-108.03576,37.67582],[-108.03629,37.66959],[-108.03579,37.66689],[-108.03641,37.66462],[-108.03871,37.65933],[-108.04706,37.65124],[-108.04776,37.64642],[-108.05024,37.64341],[-108.06518,37.63602],[-108.06562,37.63036],[-108.06773,37.62268],[-108.0688,37.62115],[-108.07264,37.61933],[-108.0807,37.61773],[-108.08629,37.61208],[-108.09146,37.6093],[-108.1072,37.60454],[-108.11079,37.60137],[-108.11581,37.60014],[-108.11978,37.59711],[-108.12205,37.59353],[-108.12394,37.59229],[-108.12667,37.59201],[-108.13433,37.59356],[-108.14334,37.59177],[-108.14945,37.58812],[-108.15595,37.58784],[-108.16202,37.58557]]}},{"type":"Feature","properties":{"_gpxType":"trk","name":"Priest Gulch Campground & RV, Colorado 145, Dolores, CO - The Views RV Park & Campground, Colorado 184, Dolores, CO","coordinateProperties":{},"id":73},"geometry":{"type":"LineString","coordinates":[[-108.16202,37.58557],[-108.16822,37.58247],[-108.17206,37.58228],[-108.17593,37.58097],[-108.18099,37.57713],[-108.18496,37.5756],[-108.19001,37.57659],[-108.20215,37.5765],[-108.21164,37.57894],[-108.23646,37.577],[-108.25238,37.57071],[-108.26211,37.56999],[-108.26851,37.56789],[-108.27627,37.56726],[-108.28578,37.56966],[-108.2948,37.57818],[-108.29993,37.58476],[-108.30706,37.58941],[-108.31146,37.59001],[-108.32194,37.58918],[-108.3306,37.58723],[-108.33379,37.5872],[-108.34634,37.59057],[-108.3584,37.58839],[-108.36105,37.58538],[-108.36584,37.57434],[-108.36963,37.56845],[-108.37168,37.56223],[-108.37603,37.55649],[-108.37859,37.55116],[-108.38029,37.53826],[-108.38401,37.52658],[-108.38699,37.52018],[-108.3886,37.51404],[-108.39062,37.51004],[-108.3936,37.50614],[-108.39931,37.50335],[-108.40906,37.4953],[-108.42021,37.4877],[-108.42656,37.47792],[-108.4313,37.47521],[-108.47939,37.47736],[-108.50776,37.47253],[-108.51031,37.47165],[-108.52024,37.46535],[-108.53392,37.46366],[-108.53603,37.46272],[-108.53743,37.4635],[-108.53851,37.46685],[-108.53796,37.47048],[-108.54597,37.47373],[-108.55076,37.47773],[-108.55797,37.48636],[-108.57879,37.48724],[-108.59208,37.49057],[-108.59362,37.49015],[-108.59455,37.48856]]}},{"type":"Feature","properties":{"_gpxType":"trk","name":"The Views RV Park & Campground, Colorado 184, Dolores, CO - Country Inn Motel, U.S. 491, Dove Creek, CO","coordinateProperties":{},"id":74},"geometry":{"type":"LineString","coordinates":[[-108.59455,37.48856],[-108.59286,37.4905],[-108.59787,37.48933],[-108.60179,37.48948],[-108.61776,37.48416],[-108.63131,37.4821],[-108.66218,37.48295],[-108.6671,37.49559],[-108.66922,37.49821],[-108.73728,37.54534],[-108.78819,37.62478],[-108.80787,37.64759],[-108.80845,37.64953],[-108.80827,37.66979],[-108.80912,37.67246],[-108.8111,37.67421],[-108.81714,37.6761],[-108.81977,37.67801],[-108.82582,37.688],[-108.8323,37.69311],[-108.84281,37.71017],[-108.85388,37.71885],[-108.88616,37.75662],[-108.88924,37.7584],[-108.91127,37.76543]]}},{"type":"Feature","properties":{"_gpxType":"trk","name":"Country Inn Motel, U.S. 491, Dove Creek, CO - The Atomic Blue Motor Inn, North Main Street, Monticello, UT","coordinateProperties":{},"id":76},"geometry":{"type":"LineString","coordinates":[[-108.91127,37.76543],[-108.96365,37.78215],[-108.96603,37.7835],[-108.97658,37.79299],[-109.00579,37.80603],[-109.13732,37.84384],[-109.26265,37.8726],[-109.34291,37.87264],[-109.34292,37.87587]]}},{"type":"Feature","properties":{"_gpxType":"trk","name":"The Atomic Blue Motor Inn, North Main Street, Monticello, UT - Blue Mountain RV & Trading, South Main Street, Blanding, UT","coordinateProperties":{},"id":77},"geometry":{"type":"LineString","coordinates":[[-109.34292,37.87587],[-109.34284,37.86518],[-109.33832,37.86036],[-109.33688,37.8563],[-109.337,37.80572],[-109.33763,37.80214],[-109.34133,37.79223],[-109.34301,37.79024],[-109.34745,37.78756],[-109.35343,37.7777],[-109.35835,37.77341],[-109.36411,37.77102],[-109.37796,37.76796],[-109.39275,37.76144],[-109.39723,37.75741],[-109.39869,37.75456],[-109.40126,37.74385],[-109.40599,37.73636],[-109.41925,37.71926],[-109.4208,37.71518],[-109.42123,37.7088],[-109.42654,37.70184],[-109.43173,37.68962],[-109.43235,37.68115],[-109.43046,37.67574],[-109.43021,37.67288],[-109.43078,37.66988],[-109.43308,37.66523],[-109.4366,37.66131],[-109.44443,37.65607],[-109.44848,37.65483],[-109.45611,37.6544],[-109.45873,37.65302],[-109.46629,37.63589],[-109.47352,37.62631],[-109.47757,37.62541],[-109.47805,37.61777],[-109.47887,37.61547],[-109.47856,37.59751]]}},{"type":"Feature","properties":{"_gpxType":"trk","name":"Blue Mountain RV & Trading, South Main Street, Blanding, UT - Bridge View Dr - Natural Bridges National Monument Campground, Lake Powell, UT","coordinateProperties":{},"id":78},"geometry":{"type":"LineString","coordinates":[[-109.47856,37.59751],[-109.47821,37.57697],[-109.47933,37.57498],[-109.48146,37.57383],[-109.48746,37.57279],[-109.48935,37.57361],[-109.4981,37.57363],[-109.50205,37.57461],[-109.50501,37.57665],[-109.50731,37.5762],[-109.51385,37.57835],[-109.51898,37.5772],[-109.5533,37.5738],[-109.55461,37.57244],[-109.55715,37.5719],[-109.55912,37.56268],[-109.563,37.55816],[-109.57192,37.55791],[-109.578,37.55941],[-109.58088,37.56185],[-109.58317,37.56266],[-109.58912,37.56167],[-109.59466,37.56295],[-109.59814,37.56184],[-109.61382,37.54698],[-109.6217,37.53323],[-109.63168,37.5231],[-109.63365,37.51839],[-109.63675,37.49769],[-109.63891,37.49518],[-109.64229,37.49434],[-109.64563,37.49526],[-109.64763,37.49736],[-109.64864,37.50742],[-109.65049,37.51008],[-109.65407,37.5115],[-109.66065,37.5115],[-109.66359,37.51226],[-109.66541,37.51388],[-109.66768,37.51833],[-109.67019,37.52129],[-109.67353,37.52376],[-109.6779,37.52576],[-109.69321,37.52914],[-109.70618,37.53395],[-109.71105,37.53404],[-109.7234,37.53225],[-109.7273,37.53273],[-109.74948,37.54182],[-109.76502,37.5453],[-109.78266,37.55553],[-109.81049,37.56471],[-109.81519,37.56508],[-109.83863,37.56379],[-109.86721,37.56659],[-109.87036,37.56811],[-109.89602,37.58632],[-109.89965,37.58663],[-109.91423,37.58153],[-109.91488,37.58652],[-109.92045,37.59166],[-109.92414,37.59386],[-109.93216,37.59625],[-109.94012,37.59588],[-109.94166,37.59749],[-109.94137,37.60017],[-109.94282,37.60135],[-109.94598,37.60265],[-109.95145,37.60349],[-109.95614,37.60547],[-109.96247,37.60596],[-109.96782,37.60888],[-109.97356,37.60966],[-109.97934,37.60816],[-109.98634,37.60875],[-109.99474,37.61613],[-109.99858,37.61839],[-109.99949,37.61814],[-110.00033,37.61622],[-110.00302,37.61524],[-110.00353,37.61365],[-110.00179,37.61283],[-110.00421,37.61156],[-110.00939,37.61317],[-110.01275,37.61294],[-110.01621,37.6116],[-110.01632,37.61049],[-110.01479,37.61008],[-110.01448,37.60916],[-110.01686,37.60794],[-110.01702,37.60693],[-110.01494,37.60403],[-110.02208,37.60402],[-110.02144,37.60265],[-110.02488,37.60118],[-110.02358,37.59967],[-110.02641,37.59803],[-110.02249,37.59825]]}},{"type":"Feature","properties":{"_gpxType":"trk","name":"Blue Mountain RV & Trading, South Main Street, Blanding, UT - Bridge View Dr - Natural Bridges National Monument Campground, Lake Powell, UT","coordinateProperties":{},"id":78},"geometry":{"type":"LineString","coordinates":[[-110.02249,37.59825],[-110.01901,37.59969],[-110.01692,37.59973],[-110.01379,37.59909],[-110.01142,37.59718],[-110.01056,37.59344],[-110.00902,37.59177],[-110.01363,37.58725],[-110.01343,37.58517],[-110.01157,37.58765],[-110.0069,37.5902],[-109.99937,37.59119],[-109.99756,37.59386],[-109.99726,37.59683],[-109.99574,37.59925],[-109.99443,37.60025],[-109.9911,37.60058],[-109.98898,37.60155],[-109.98866,37.60311],[-109.98652,37.60575],[-109.98645,37.60844],[-109.98361,37.60856],[-109.98382,37.60945],[-109.98474,37.6093]]}},{"type":"Feature","properties":{"_gpxType":"trk","name":"Natural Bridges National Monument Campground, Lake Powell, UT - Hite Marina Campground, Hite, UT","coordinateProperties":{},"id":79},"geometry":{"type":"LineString","coordinates":[[-109.98474,37.6093],[-109.98008,37.60814],[-109.97381,37.60965],[-109.96819,37.60897],[-109.96274,37.60604],[-109.95683,37.60562],[-109.95145,37.60349],[-109.94638,37.60277],[-109.94193,37.60087],[-109.94126,37.59988],[-109.94161,37.59725],[-109.9404,37.596],[-109.93039,37.59588],[-109.92308,37.59336],[-109.91843,37.58986],[-109.91655,37.5831],[-109.9171,37.58006],[-109.93446,37.55586],[-109.94193,37.54859],[-109.94614,37.54554],[-109.95256,37.54256],[-109.95955,37.54089],[-109.96688,37.54057],[-109.97398,37.54159],[-109.98256,37.54486],[-110.00021,37.55653],[-110.01104,37.56198],[-110.01503,37.56276],[-110.02322,37.56244],[-110.02613,37.56326],[-110.03434,37.56837],[-110.03664,37.57083],[-110.03965,37.58266],[-110.03996,37.58647],[-110.04311,37.59327],[-110.04929,37.59725],[-110.06509,37.60479],[-110.06896,37.60506],[-110.07429,37.60305],[-110.07765,37.60371],[-110.07895,37.60534],[-110.08689,37.6274],[-110.08856,37.62986],[-110.09202,37.63208],[-110.10596,37.63645],[-110.11396,37.64609],[-110.12176,37.65093],[-110.13011,37.65281],[-110.13502,37.65499],[-110.13903,37.65473],[-110.14124,37.65283],[-110.14404,37.64601],[-110.14941,37.63679],[-110.15304,37.63555],[-110.15909,37.63692],[-110.17497,37.65583],[-110.1826,37.65868],[-110.20487,37.67297],[-110.21832,37.68068],[-110.22405,37.68891],[-110.22965,37.69372],[-110.23234,37.69965],[-110.24136,37.70662],[-110.24249,37.71091],[-110.24582,37.71595],[-110.2467,37.72038],[-110.24921,37.72334],[-110.24951,37.72812],[-110.25033,37.72963],[-110.2599,37.73345],[-110.26423,37.73361],[-110.27184,37.73666],[-110.27658,37.74079],[-110.28028,37.74261],[-110.28083,37.74397],[-110.28034,37.75285],[-110.28869,37.77465],[-110.29393,37.78404],[-110.30662,37.80018],[-110.30894,37.80176],[-110.31964,37.80621],[-110.32495,37.80733],[-110.33084,37.80985],[-110.34023,37.81135],[-110.34202,37.8125],[-110.34762,37.8189],[-110.35467,37.82116],[-110.35794,37.8238],[-110.35869,37.82765],[-110.35317,37.8544],[-110.35462,37.85895],[-110.35324,37.86059],[-110.34791,37.86208],[-110.34379,37.86542],[-110.3415,37.86897],[-110.3421,37.87142],[-110.34665,37.87299],[-110.35117,37.87767],[-110.35471,37.88023],[-110.36615,37.87955],[-110.36916,37.88013],[-110.3744,37.87935],[-110.37957,37.87714],[-110.38414,37.87679],[-110.38772,37.87535],[-110.38968,37.87355],[-110.39252,37.87314]]}},{"type":"Feature","properties":{"_gpxType":"trk","name":"Hite Marina Campground, Hite, UT - Whispering Sands Motel, Utah 95, Hanksville, UT","coordinateProperties":{},"id":80},"geometry":{"type":"LineString","coordinates":[[-110.39252,37.87314],[-110.38938,37.87369],[-110.38772,37.87535],[-110.38414,37.87679],[-110.37979,37.87708],[-110.37406,37.87941],[-110.36916,37.88013],[-110.36396,37.87958],[-110.35492,37.88023],[-110.36514,37.88596],[-110.36928,37.88944],[-110.37229,37.89357],[-110.37875,37.89595],[-110.37988,37.89842],[-110.37887,37.90161],[-110.37927,37.90373],[-110.38771,37.91294],[-110.38887,37.91967],[-110.39216,37.92155],[-110.39581,37.92104],[-110.39796,37.91874],[-110.398,37.9138],[-110.4006,37.90717],[-110.3998,37.90086],[-110.39705,37.89298],[-110.39767,37.89176],[-110.40029,37.89019],[-110.41383,37.88967],[-110.41503,37.88817],[-110.41446,37.88588],[-110.41511,37.8846],[-110.41855,37.88234],[-110.42122,37.88188],[-110.42647,37.88409],[-110.42851,37.88669],[-110.43276,37.88905],[-110.43646,37.89287],[-110.44532,37.89451],[-110.4493,37.8998],[-110.45081,37.90373],[-110.45639,37.90717],[-110.46007,37.91509],[-110.46295,37.91847],[-110.46317,37.92188],[-110.46491,37.92503],[-110.4647,37.93012],[-110.46758,37.93445],[-110.47052,37.9438],[-110.47582,37.94765],[-110.4761,37.95239],[-110.48028,37.95458],[-110.48062,37.9583],[-110.48149,37.95952],[-110.49137,37.96312],[-110.49247,37.96431],[-110.49152,37.96771],[-110.49131,37.97264],[-110.49143,37.97593],[-110.49248,37.97927],[-110.4921,37.98192],[-110.49318,37.98699],[-110.49575,37.99075],[-110.49715,37.99145],[-110.50034,37.99148],[-110.50361,37.99388],[-110.50669,37.99351],[-110.50884,37.99408],[-110.51086,37.99638],[-110.51149,37.99887],[-110.51869,38.00741],[-110.52472,38.00944],[-110.52814,38.01317],[-110.53111,38.01511],[-110.54472,38.02032],[-110.55163,38.02112],[-110.55739,38.02029],[-110.56415,38.02338],[-110.56986,38.02472],[-110.57241,38.02759],[-110.57838,38.04109],[-110.58196,38.0466],[-110.58873,38.05399],[-110.59583,38.0598],[-110.60669,38.07059],[-110.62277,38.09945],[-110.62458,38.1099],[-110.62388,38.11525],[-110.62194,38.11955],[-110.61085,38.13278],[-110.60957,38.13715],[-110.60981,38.14074],[-110.61199,38.14398],[-110.6183,38.14841],[-110.62021,38.15147],[-110.62686,38.18501],[-110.64787,38.23605],[-110.67333,38.3141],[-110.67468,38.32111],[-110.68135,38.33203],[-110.69049,38.34026],[-110.70354,38.37149],[-110.70426,38.37146]]}},{"type":"Feature","properties":{"_gpxType":"trk","name":"Whispering Sands Motel, Utah 95, Hanksville, UT - Sleepy Hollow Campground, Utah 24, Torrey, UT","coordinateProperties":{},"id":81},"geometry":{"type":"LineString","coordinates":[[-110.70426,38.37146],[-110.70354,38.37149],[-110.7045,38.37297],[-110.70739,38.37433],[-110.72834,38.37468],[-110.73261,38.37779],[-110.73453,38.37833],[-110.74116,38.37672],[-110.74905,38.37088],[-110.75539,38.3723],[-110.76119,38.3713],[-110.77009,38.37182],[-110.78604,38.36729],[-110.79133,38.36647],[-110.81296,38.36494],[-110.8169,38.36755],[-110.82589,38.36899],[-110.8487,38.3694],[-110.85171,38.36858],[-110.8653,38.36195],[-110.86908,38.36122],[-110.8736,38.35915],[-110.87624,38.36026],[-110.8775,38.36342],[-110.87926,38.36479],[-110.88423,38.36502],[-110.88952,38.36679],[-110.89392,38.36684],[-110.90078,38.36519],[-110.90712,38.36624],[-110.91072,38.36584],[-110.96257,38.34864],[-110.96713,38.34782],[-110.97619,38.34763],[-110.98211,38.34643],[-110.99762,38.34044],[-111.00684,38.33868],[-111.01418,38.33409],[-111.02252,38.3342],[-111.02997,38.33269],[-111.03174,38.33065],[-111.03559,38.3193],[-111.0366,38.31369],[-111.04051,38.30632],[-111.04267,38.29529],[-111.04394,38.29363],[-111.0475,38.29138]]}},{"type":"Feature","properties":{"_gpxType":"trk","name":"Sleepy Hollow Campground, Utah 24, Torrey, UT - Sandcreek RV Park, Utah 24, Torrey, UT","coordinateProperties":{},"id":82},"geometry":{"type":"LineString","coordinates":[[-111.0475,38.29138],[-111.04718,38.28868],[-111.04827,38.28428],[-111.05457,38.27612],[-111.05788,38.27424],[-111.07661,38.26794],[-111.07997,38.26856],[-111.08262,38.27228],[-111.08503,38.27354],[-111.09565,38.27584],[-111.10166,38.27428],[-111.10511,38.27442],[-111.10658,38.27498],[-111.10913,38.278],[-111.11426,38.27776],[-111.11609,38.27902],[-111.11577,38.28231],[-111.11755,38.28308],[-111.11904,38.28496],[-111.12409,38.28541],[-111.12753,38.2837],[-111.13685,38.28179],[-111.13902,38.28295],[-111.13967,38.28614],[-111.14121,38.28727],[-111.1431,38.28715],[-111.14715,38.28443],[-111.14858,38.28421],[-111.15304,38.28528],[-111.15521,38.28745],[-111.15852,38.28775],[-111.16101,38.28942],[-111.16268,38.28835],[-111.16512,38.28323],[-111.16888,38.28342],[-111.1732,38.28123],[-111.17726,38.28282],[-111.18035,38.28],[-111.19005,38.27736],[-111.19323,38.27915],[-111.19482,38.28451],[-111.19598,38.28521],[-111.19961,38.28349],[-111.20732,38.28387],[-111.21228,38.28335],[-111.21579,38.28203],[-111.21876,38.2837],[-111.22295,38.28834],[-111.22648,38.28789],[-111.22908,38.28873],[-111.23544,38.28898],[-111.23956,38.28768],[-111.24632,38.28741],[-111.25202,38.28952],[-111.25608,38.28994],[-111.25825,38.29114],[-111.26169,38.29175],[-111.2691,38.29567],[-111.28149,38.30735],[-111.29737,38.30902],[-111.30055,38.31226],[-111.30606,38.31624],[-111.32148,38.32156],[-111.33273,38.32297],[-111.33619,38.32231],[-111.3439,38.32294],[-111.35726,38.32618],[-111.36218,38.32537],[-111.3661,38.32654],[-111.38376,38.31878],[-111.38849,38.30966],[-111.39284,38.30527],[-111.3918,38.29952],[-111.39558,38.29746],[-111.39773,38.29724],[-111.40238,38.29892],[-111.43332,38.29936]]}},{"type":"Feature","properties":{"_gpxType":"trk","name":"Sandcreek RV Park, Utah 24, Torrey, UT - 1280 S Lower Boulder Rd, Boulder, UT 84716","coordinateProperties":{},"id":83},"geometry":{"type":"LineString","coordinates":[[-111.43332,38.29936],[-111.43311,38.30024],[-111.43236,38.30019],[-111.43235,38.29947],[-111.42925,38.29906],[-111.40242,38.29892],[-111.40106,38.29605],[-111.39786,38.29356],[-111.39481,38.2897],[-111.39561,38.28337],[-111.38896,38.28048],[-111.37613,38.27097],[-111.37464,38.26572],[-111.37663,38.25771],[-111.3789,38.25254],[-111.37688,38.24528],[-111.37659,38.24028],[-111.37019,38.23589],[-111.36057,38.23123],[-111.35641,38.22803],[-111.34996,38.22815],[-111.3477,38.22744],[-111.34273,38.22207],[-111.34288,38.22063],[-111.34506,38.21836],[-111.34805,38.21296],[-111.3475,38.20741],[-111.35165,38.19767],[-111.35049,38.19318],[-111.3527,38.18933],[-111.35295,38.18752],[-111.34967,38.18389],[-111.34935,38.18146],[-111.34677,38.1791],[-111.34687,38.17683],[-111.34238,38.16886],[-111.33737,38.16634],[-111.33492,38.16289],[-111.33511,38.16151],[-111.33288,38.15652],[-111.33336,38.15456],[-111.3321,38.15194],[-111.33242,38.14961],[-111.3271,38.14726],[-111.32673,38.1464],[-111.32797,38.14468],[-111.32934,38.1397],[-111.32888,38.13662],[-111.32697,38.13224],[-111.32853,38.13047],[-111.32943,38.12545],[-111.3306,38.12388],[-111.32984,38.12216],[-111.32585,38.11959],[-111.32585,38.11855],[-111.32934,38.11624],[-111.33017,38.11235],[-111.32923,38.11094],[-111.32962,38.11004],[-111.3338,38.10994],[-111.33525,38.10854],[-111.33891,38.10695],[-111.33889,38.10557],[-111.3366,38.10367],[-111.33734,38.10046],[-111.33983,38.09788],[-111.3453,38.09442],[-111.3458,38.09221],[-111.3433,38.08971],[-111.34379,38.08706],[-111.33882,38.08637],[-111.33697,38.08507],[-111.33683,38.08402],[-111.33985,38.08018],[-111.33822,38.0727],[-111.33499,38.06975],[-111.33159,38.06966],[-111.33024,38.06851],[-111.32839,38.06191],[-111.32795,38.05738],[-111.32529,38.05384],[-111.32797,38.05133],[-111.32903,38.04862],[-111.32896,38.04753],[-111.32665,38.04416],[-111.33148,38.03493],[-111.33823,38.03257],[-111.34179,38.03051],[-111.34408,38.02704],[-111.34958,38.02576],[-111.35225,38.02272],[-111.35294,38.01919],[-111.35519,38.01818],[-111.35777,38.01454],[-111.35998,38.01319],[-111.36419,38.01286],[-111.36858,38.01138],[-111.37328,38.01304],[-111.37731,38.01006],[-111.38097,38.0104],[-111.38371,38.00953],[-111.38823,38.00952],[-111.39009,38.00764],[-111.39286,38.00638],[-111.39916,38.00909],[-111.4033,38.00839],[-111.40486,38.00749],[-111.40571,38.00418],[-111.40808,38.00289],[-111.41241,37.9987],[-111.41661,37.99763],[-111.41887,37.99317],[-111.42073,37.99178],[-111.4229,37.99136],[-111.42719,37.99266],[-111.42892,37.99482],[-111.4301,37.99411],[-111.42938,37.98922],[-111.43036,37.98698],[-111.4316,37.96794],[-111.43512,37.95988],[-111.43558,37.95567],[-111.43265,37.94725],[-111.43312,37.94239],[-111.43079,37.93347],[-111.42509,37.92128],[-111.42426,37.91084],[-111.42509,37.90126],[-111.41784,37.90103],[-111.4178,37.89859],[-111.41547,37.88984],[-111.41376,37.88934],[-111.41372,37.88375]]}},{"type":"Feature","properties":{"_gpxType":"trk","name":"1280 S Lower Boulder Rd - Escalante Outfitters, West Main Street, Escalante, UT","coordinateProperties":{},"id":84},"geometry":{"type":"LineString","coordinates":[[-111.41372,37.8838],[-111.41376,37.88934],[-111.41516,37.88956],[-111.41571,37.89074],[-111.41791,37.90083],[-111.41856,37.90102],[-111.4367,37.90098],[-111.43912,37.89839],[-111.44662,37.89704],[-111.44782,37.89562],[-111.44588,37.89148],[-111.44849,37.88861],[-111.44949,37.88877],[-111.45185,37.89159],[-111.45576,37.89419],[-111.4568,37.8943],[-111.45869,37.89203],[-111.45742,37.89033],[-111.4581,37.88779],[-111.45685,37.87983],[-111.4427,37.87021],[-111.43985,37.86405],[-111.42864,37.84913],[-111.42703,37.84547],[-111.42221,37.84201],[-111.42068,37.83793],[-111.4165,37.83419],[-111.41455,37.83054],[-111.41203,37.8277],[-111.41016,37.82311],[-111.4123,37.82045],[-111.41222,37.81939],[-111.40843,37.81295],[-111.404,37.80959],[-111.40109,37.80537],[-111.40284,37.80334],[-111.40579,37.803],[-111.40827,37.79727],[-111.41179,37.79638],[-111.41173,37.79536],[-111.41531,37.79027],[-111.41567,37.78787],[-111.41792,37.7855],[-111.41893,37.78226],[-111.41806,37.78063],[-111.41953,37.77646],[-111.41545,37.7744],[-111.41508,37.77269],[-111.41767,37.77148],[-111.42186,37.77273],[-111.42477,37.77084],[-111.43449,37.75622],[-111.4367,37.75388],[-111.4427,37.75077],[-111.4434,37.74952],[-111.44595,37.75027],[-111.44966,37.74658],[-111.452,37.74582],[-111.45029,37.74486],[-111.44799,37.74468],[-111.44739,37.74332],[-111.45376,37.74193],[-111.45471,37.74427],[-111.45437,37.74682],[-111.45598,37.74806],[-111.45685,37.74998],[-111.45816,37.75057],[-111.46667,37.75064],[-111.49015,37.74867],[-111.49747,37.74573],[-111.52264,37.72744],[-111.52764,37.72667],[-111.53334,37.72858],[-111.54638,37.73732],[-111.55939,37.743],[-111.5642,37.74781],[-111.57105,37.75649],[-111.58095,37.76265],[-111.59084,37.76663],[-111.59592,37.77023],[-111.60648,37.7704]]}},{"type":"Feature","properties":{"_gpxType":"trk","name":"Escalante Outfitters, West Main Street, Escalante, UT - Ruby's Inn RV Park & Campground, 300 S Main St, Bryce Canyon City, UT 84764","coordinateProperties":{},"id":85},"geometry":{"type":"LineString","coordinates":[[-111.60648,37.7704],[-111.60989,37.77069],[-111.62028,37.77687],[-111.62254,37.77759],[-111.62777,37.77748],[-111.63283,37.77585],[-111.63896,37.77569],[-111.65031,37.77246],[-111.65847,37.77221],[-111.67512,37.76598],[-111.68418,37.76464],[-111.69675,37.76046],[-111.70123,37.75438],[-111.70684,37.74322],[-111.70995,37.74105],[-111.7133,37.74009],[-111.7166,37.7402],[-111.72001,37.74188],[-111.72236,37.74212],[-111.73061,37.73883],[-111.74379,37.73783],[-111.76067,37.73008],[-111.77256,37.72681],[-111.77754,37.72433],[-111.77977,37.72243],[-111.78605,37.71372],[-111.79207,37.69852],[-111.79376,37.69619],[-111.82825,37.67285],[-111.83404,37.66049],[-111.84498,37.64716],[-111.84451,37.64097],[-111.84373,37.63838],[-111.84207,37.63668],[-111.84387,37.63595],[-111.84579,37.63181],[-111.84771,37.6305],[-111.85258,37.62406],[-111.86145,37.62159],[-111.86687,37.62179],[-111.87002,37.62117],[-111.88571,37.61578],[-111.89384,37.61637],[-111.89822,37.61104],[-111.91041,37.60419],[-111.91579,37.60318],[-111.92099,37.59616],[-111.92927,37.59206],[-111.94164,37.59454],[-111.96209,37.60268],[-111.96739,37.60221],[-111.97827,37.5964],[-111.97998,37.59482],[-111.99142,37.56389],[-111.99282,37.56258],[-112.0104,37.56266],[-112.01395,37.56164],[-112.01774,37.55914],[-112.02038,37.55883],[-112.03476,37.56327],[-112.04664,37.56556],[-112.05603,37.57011],[-112.05698,37.5721],[-112.05664,37.57979],[-112.05755,37.5857],[-112.06127,37.59024],[-112.06222,37.59292],[-112.06063,37.6031],[-112.06087,37.60866],[-112.06412,37.61226],[-112.07526,37.61501],[-112.0766,37.61663],[-112.07783,37.62013],[-112.08171,37.62289],[-112.0819,37.63831],[-112.08054,37.64661],[-112.08177,37.651],[-112.08464,37.65394],[-112.09653,37.65939],[-112.10041,37.66281],[-112.10552,37.6622],[-112.10853,37.66365],[-112.11016,37.66615],[-112.10983,37.66969],[-112.11253,37.67287],[-112.11205,37.67599],[-112.11338,37.67872],[-112.11318,37.68145],[-112.11509,37.68474],[-112.11738,37.68503],[-112.12893,37.68251],[-112.15276,37.6926],[-112.15218,37.69023],[-112.15792,37.66831],[-112.15943,37.66722],[-112.16037,37.66746],[-112.16055,37.66824]]}},{"type":"Feature","properties":{"_gpxType":"trk","name":"Ruby's Inn RV Park & Campground, South Main Street, Bryce Canyon City, UT - Aspen Cove Resort, North Shore Road, Panguitch, UT","coordinateProperties":{},"id":87},"geometry":{"type":"LineString","coordinates":[[-112.16055,37.66824],[-112.16024,37.66728],[-112.1592,37.66729],[-112.15768,37.66944],[-112.15222,37.69005],[-112.15254,37.69275],[-112.19063,37.69901],[-112.19663,37.70132],[-112.20855,37.70899],[-112.23197,37.71615],[-112.26322,37.72086],[-112.27201,37.72898],[-112.27705,37.73011],[-112.28768,37.73642],[-112.29177,37.73739],[-112.29642,37.74014],[-112.29936,37.7409],[-112.302,37.7446],[-112.30943,37.74388],[-112.31253,37.74474],[-112.31637,37.74438],[-112.32344,37.74734],[-112.32574,37.74646],[-112.32792,37.74439],[-112.33448,37.74328],[-112.35986,37.74848],[-112.37641,37.74982],[-112.37735,37.7523],[-112.39173,37.77169],[-112.39333,37.78646],[-112.39753,37.79475],[-112.40061,37.80308],[-112.40436,37.81796],[-112.40752,37.82135],[-112.41186,37.82289],[-112.43563,37.82275],[-112.43529,37.80271],[-112.43736,37.79934],[-112.43693,37.79218],[-112.43937,37.78926],[-112.43989,37.78289],[-112.44466,37.77309],[-112.44792,37.77056],[-112.45134,37.76904],[-112.45568,37.76846],[-112.46008,37.7664],[-112.4636,37.76779],[-112.46674,37.76733],[-112.47554,37.76826],[-112.49927,37.76435],[-112.50681,37.76062],[-112.51053,37.76163],[-112.51395,37.76098],[-112.51888,37.76256],[-112.52682,37.76257],[-112.53468,37.76731],[-112.54857,37.76762],[-112.55068,37.76684],[-112.55895,37.76112],[-112.56422,37.75378],[-112.56898,37.75094],[-112.57054,37.74887],[-112.58639,37.74594],[-112.59007,37.74322],[-112.59107,37.7383],[-112.59409,37.73574],[-112.60123,37.73663],[-112.60516,37.73583],[-112.60682,37.73302],[-112.60589,37.73121],[-112.60651,37.72968],[-112.6101,37.72749],[-112.61578,37.72253],[-112.61906,37.72207],[-112.62479,37.72348],[-112.62145,37.72563],[-112.6215,37.72711],[-112.61995,37.72829],[-112.62364,37.72871],[-112.6245,37.72961],[-112.62554,37.72841],[-112.62968,37.72638],[-112.63247,37.72655],[-112.63229,37.72565],[-112.63522,37.72254],[-112.64547,37.72228],[-112.64891,37.7256]]}},{"type":"Feature","properties":{"_gpxType":"trk","name":"Aspen Cove Resort, North Shore Road, Panguitch, UT - 594 S 515 W, Cedar City, UT 84720","coordinateProperties":{},"id":88},"geometry":{"type":"LineString","coordinates":[[-112.64891,37.7256],[-112.64523,37.72217],[-112.63522,37.72254],[-112.63232,37.7256],[-112.63247,37.72655],[-112.62926,37.72656],[-112.62554,37.72841],[-112.6245,37.72961],[-112.62306,37.72858],[-112.61998,37.7286],[-112.62134,37.72738],[-112.62164,37.72548],[-112.62386,37.72453],[-112.62435,37.72355],[-112.6192,37.72208],[-112.61578,37.72253],[-112.6064,37.72982],[-112.60591,37.73134],[-112.6068,37.73323],[-112.605,37.73593],[-112.60153,37.73662],[-112.59436,37.73564],[-112.59118,37.73809],[-112.59007,37.74322],[-112.58595,37.74618],[-112.57986,37.74671],[-112.57619,37.74816],[-112.57068,37.74878],[-112.56911,37.75085],[-112.56434,37.75365],[-112.55895,37.76112],[-112.54915,37.76749],[-112.53485,37.76734],[-112.52701,37.76261],[-112.51868,37.76254],[-112.5143,37.76104],[-112.51053,37.76163],[-112.5065,37.76063],[-112.4998,37.76422],[-112.47522,37.76831],[-112.46674,37.76733],[-112.46365,37.7678],[-112.4596,37.76646],[-112.45568,37.76846],[-112.45155,37.76895],[-112.44495,37.77272],[-112.43979,37.78314],[-112.43941,37.7891],[-112.43688,37.79233],[-112.43739,37.79917],[-112.4353,37.80252],[-112.43575,37.83184],[-112.43754,37.83467],[-112.43934,37.84702],[-112.43655,37.88375],[-112.42729,37.91677],[-112.42713,37.9251],[-112.42583,37.93546],[-112.41228,37.96522],[-112.42316,37.96617],[-112.4385,37.97003],[-112.44267,37.97003],[-112.44777,37.97196],[-112.45089,37.9713],[-112.4628,37.96543],[-112.46877,37.96495],[-112.47645,37.9682],[-112.48088,37.97142],[-112.48827,37.9844],[-112.49065,37.98598],[-112.49999,37.98957],[-112.50283,37.99327],[-112.50807,37.99688],[-112.50945,38.00205],[-112.50871,38.00881],[-112.50999,38.02209],[-112.51125,38.02449],[-112.5137,38.02553],[-112.51753,38.02546],[-112.52113,38.02382],[-112.52311,38.02666],[-112.52512,38.0273],[-112.52764,38.02431],[-112.53146,38.02285],[-112.53192,38.02364],[-112.53066,38.03206],[-112.53151,38.03366],[-112.53318,38.03406],[-112.53566,38.03347],[-112.53945,38.03457],[-112.55257,38.04163],[-112.55631,38.04243],[-112.56246,38.04203],[-112.5664,38.04333],[-112.59639,38.06574],[-112.59883,38.06577],[-112.60228,38.06292],[-112.60582,38.0624],[-112.6102,38.0605],[-112.62561,38.0611],[-112.6333,38.05943],[-112.63742,38.06008],[-112.65301,38.05894],[-112.68938,38.07205],[-112.69299,38.06408],[-112.77354,37.91511],[-112.77769,37.9086],[-112.78303,37.90222],[-112.8257,37.86115],[-112.83762,37.85234],[-112.84955,37.84644],[-112.89531,37.82998],[-112.91643,37.82046],[-112.97154,37.78742],[-113.00514,37.76914],[-113.02509,37.75503],[-113.03768,37.74382],[-113.06414,37.71652],[-113.07026,37.70897],[-113.0741,37.70256],[-113.07844,37.69112],[-113.08006,37.67963],[-113.08115,37.67921],[-113.08123,37.68082],[-113.07778,37.68083],[-113.07709,37.66659],[-113.07022,37.66657]]}},{"type":"Feature","properties":{"_gpxType":"trk","name":"594 South 515 West, Cedar City, UT - 451 N Main St - Travelodge by Wyndham Milford, Utah 21, Milford, UT","coordinateProperties":{},"id":90},"geometry":{"type":"LineString","coordinates":[[-113.07022,37.66657],[-113.06392,37.66616],[-113.0621,37.66821],[-113.06187,37.68508]]}},{"type":"Feature","properties":{"_gpxType":"trk","name":"594 South 515 West, Cedar City, UT - 451 N Main St - Travelodge by Wyndham Milford, Utah 21, Milford, UT","coordinateProperties":{},"id":90},"geometry":{"type":"LineString","coordinates":[[-113.06187,37.68508],[-113.06203,37.69266],[-113.06395,37.70106],[-113.05951,37.71732],[-113.05842,37.71876],[-113.0508,37.72276],[-113.04989,37.72419],[-113.05042,37.72662],[-113.05472,37.72961],[-113.05523,37.73134],[-113.05524,37.77962],[-113.05456,37.78163],[-113.05176,37.7844],[-113.05073,37.78674],[-113.05026,37.83448],[-113.04891,37.83732],[-113.03421,37.8518],[-113.03167,37.85664],[-113.03139,37.9265],[-113.00854,37.96115],[-112.99785,38.00253],[-112.99838,38.03347],[-112.99775,38.03601],[-112.98534,38.04855],[-112.97227,38.05429],[-112.96837,38.05748],[-112.96241,38.06646],[-112.96082,38.07268],[-112.95797,38.07597],[-112.95657,38.08362],[-112.95084,38.09275],[-112.94893,38.10138],[-112.9465,38.10836],[-112.94814,38.11124],[-112.95113,38.11291],[-112.95197,38.11418],[-112.95139,38.12239],[-112.95644,38.12644],[-112.95959,38.13196],[-112.96015,38.13615],[-112.95943,38.15132],[-112.9527,38.17039],[-112.94751,38.17824],[-112.93885,38.18816],[-112.93225,38.1998],[-112.92469,38.2079],[-112.92382,38.2099],[-112.92408,38.21989],[-112.92681,38.2224],[-112.93733,38.23874],[-112.94852,38.25416],[-112.96674,38.28748],[-112.9681,38.29317],[-112.97104,38.32271],[-112.97469,38.33602],[-113.00659,38.38547],[-113.00821,38.38658],[-113.01312,38.38684],[-113.01419,38.38771],[-113.01432,38.38873],[-113.01179,38.39251],[-113.01079,38.39706],[-113.02075,38.39683]]}},{"type":"Feature","properties":{"_gpxType":"trk","name":"Travelodge by Wyndham Milford, Utah 21, Milford, UT - Whispering Elms Motel & RV Park, Baker Avenue, Baker, NV","coordinateProperties":{},"id":91},"geometry":{"type":"LineString","coordinates":[[-113.02075,38.39683],[-113.03029,38.39889],[-113.05443,38.40764],[-113.10618,38.42277],[-113.1148,38.4246],[-113.1333,38.43347],[-113.14455,38.43698],[-113.17119,38.44243],[-113.21955,38.45676],[-113.22494,38.45712],[-113.23127,38.45877],[-113.23583,38.46106],[-113.24956,38.46128],[-113.25785,38.45695],[-113.25914,38.4552],[-113.25991,38.45002],[-113.26289,38.44606],[-113.27022,38.4391],[-113.2759,38.43593],[-113.28219,38.43417],[-113.287,38.43393],[-113.30738,38.43683],[-113.32814,38.4448],[-113.50709,38.50302],[-113.52625,38.51241],[-113.53267,38.51386],[-113.53938,38.51777],[-113.54358,38.51713],[-113.54958,38.51742],[-113.5675,38.51391],[-113.58032,38.51276],[-113.58516,38.511],[-113.591,38.507],[-113.59582,38.50557],[-113.61152,38.50648],[-113.79495,38.57405],[-113.80361,38.57779],[-113.80958,38.58189],[-113.83278,38.60205],[-113.83432,38.60426],[-113.83645,38.61143],[-113.84549,38.61837],[-113.8519,38.6281],[-113.92219,38.71934],[-113.92631,38.72306],[-113.93405,38.72675],[-113.93618,38.72859],[-113.98529,38.81813],[-113.99297,38.84512],[-113.99782,38.86894],[-114.00335,38.87424],[-114.00455,38.8768],[-114.00544,38.88177],[-114.01021,38.88747],[-114.01258,38.89265],[-114.01307,38.89873],[-114.02758,38.91538],[-114.03315,38.93282],[-114.0335,38.93805],[-114.0349,38.94106],[-114.03789,38.94346],[-114.10738,38.98134],[-114.11411,38.98866],[-114.12183,39.0034],[-114.12292,39.00679],[-114.12335,39.01345]]}},{"type":"Feature","properties":{"_gpxType":"trk","name":"Whispering Elms Motel & RV Park, Baker Avenue, Baker, NV - 843 Murry St, Ely, NV 89301","coordinateProperties":{},"id":92},"geometry":{"type":"LineString","coordinates":[[-114.12335,39.01345],[-114.17309,39.06788],[-114.17249,39.06986],[-114.17316,39.07041],[-114.20001,39.08414],[-114.22364,39.08831],[-114.22791,39.08965],[-114.24075,39.09771],[-114.25265,39.10119],[-114.26599,39.10999],[-114.27672,39.11558],[-114.28372,39.11722],[-114.29007,39.12111],[-114.30368,39.12187],[-114.31145,39.12347],[-114.31626,39.12666],[-114.32324,39.13313],[-114.33399,39.14059],[-114.33932,39.14641],[-114.34415,39.14925],[-114.34999,39.15713],[-114.35755,39.16249],[-114.36424,39.16618],[-114.37031,39.17162],[-114.37431,39.17342],[-114.3881,39.1763],[-114.39347,39.17551],[-114.39764,39.17319],[-114.41124,39.15703],[-114.42148,39.12743],[-114.44692,39.07486],[-114.44987,39.07127],[-114.45312,39.06905],[-114.58193,39.02508],[-114.58544,39.02501],[-114.59845,39.02732],[-114.59944,39.02853],[-114.59982,39.03211],[-114.60663,39.03567],[-114.61234,39.04216],[-114.6127,39.04653],[-114.61485,39.04749],[-114.61892,39.04722],[-114.62169,39.04576],[-114.62428,39.04552],[-114.62837,39.04272],[-114.63428,39.04303],[-114.64258,39.0393],[-114.65098,39.03778],[-114.65642,39.03357],[-114.66009,39.03308],[-114.6663,39.03034],[-114.66902,39.02648],[-114.67311,39.02393],[-114.68339,39.02088],[-114.68664,39.02115],[-114.689,39.02277],[-114.6927,39.02892],[-114.69475,39.03091],[-114.70599,39.03491],[-114.71619,39.04108],[-114.72206,39.0466],[-114.80143,39.15821],[-114.8047,39.16121],[-114.81686,39.16793],[-114.82026,39.17069],[-114.85314,39.21425],[-114.86883,39.24311],[-114.87915,39.23996],[-114.8899,39.2395],[-114.89199,39.23817],[-114.8943,39.2342],[-114.89624,39.23228],[-114.89406,39.2375],[-114.89408,39.24309]]}},{"type":"Feature","properties":{"_gpxType":"trk","name":"843 Murry St, Ely, NV 89301 - Illipah Campground, Ely, NV","coordinateProperties":{},"id":93},"geometry":{"type":"LineString","coordinates":[[-114.89408,39.24309],[-114.89492,39.24355],[-114.89497,39.24773],[-114.90549,39.24659],[-114.90864,39.24966],[-114.91534,39.25399],[-114.92054,39.25521],[-114.94011,39.26281],[-114.94891,39.2651],[-114.95898,39.27218],[-114.96331,39.27824],[-114.96425,39.28587],[-114.96699,39.29039],[-114.98723,39.30513],[-114.99208,39.31012],[-115.01394,39.3275],[-115.0368,39.34845],[-115.06648,39.38088],[-115.08197,39.39251],[-115.08324,39.39481],[-115.08342,39.39691],[-115.08239,39.4026],[-115.07801,39.40975],[-115.07793,39.41164],[-115.07897,39.41344],[-115.08211,39.41506],[-115.08739,39.41472],[-115.09029,39.4154],[-115.09605,39.42142],[-115.10341,39.42596],[-115.11226,39.42988],[-115.12808,39.43016],[-115.13793,39.4294],[-115.14392,39.42749],[-115.15023,39.42724],[-115.18437,39.42926],[-115.18779,39.42887],[-115.19836,39.42238],[-115.2237,39.41349],[-115.32085,39.36223],[-115.32762,39.35977],[-115.33316,39.35654],[-115.34022,39.35521],[-115.34514,39.35548],[-115.34826,39.3565],[-115.35074,39.35907],[-115.35232,39.35925],[-115.35732,39.35569],[-115.35954,39.35309],[-115.36402,39.35136],[-115.36806,39.35207],[-115.37641,39.35135],[-115.37896,39.34926],[-115.38314,39.34969],[-115.38692,39.34795],[-115.39158,39.34913],[-115.39458,39.35345],[-115.39646,39.35334],[-115.39319,39.34813],[-115.39244,39.34114],[-115.38944,39.33636],[-115.38999,39.33542]]}},{"type":"Feature","properties":{"_gpxType":"trk","name":"Illipah Campground, Ely, NV - Eureka Gold Country Inn, North Main Street, Eureka, NV","coordinateProperties":{},"id":94},"geometry":{"type":"LineString","coordinates":[[-115.38999,39.33542],[-115.38944,39.33636],[-115.39237,39.3409],[-115.39307,39.34785],[-115.39644,39.35317],[-115.39458,39.35345],[-115.40288,39.36614],[-115.40566,39.36784],[-115.41484,39.37129],[-115.41883,39.37652],[-115.42519,39.38215],[-115.42778,39.38308],[-115.43801,39.38307],[-115.46497,39.39667],[-115.47375,39.39841],[-115.4784,39.39542],[-115.48447,39.39453],[-115.48716,39.39489],[-115.49054,39.39014],[-115.49195,39.38971],[-115.4952,39.3917],[-115.50273,39.39111],[-115.53891,39.39624],[-115.57661,39.40952],[-115.65642,39.42008],[-115.66124,39.41995],[-115.68939,39.41548],[-115.69284,39.41296],[-115.70438,39.40087],[-115.70956,39.39961],[-115.72433,39.39345],[-115.86885,39.36881],[-115.87328,39.3686],[-115.87815,39.36938],[-115.9144,39.38182],[-115.91858,39.38424],[-115.9212,39.38735],[-115.92223,39.39045],[-115.92218,39.39644],[-115.91782,39.40281],[-115.91728,39.40492],[-115.92089,39.41412],[-115.92056,39.43198],[-115.92239,39.4349],[-115.92735,39.43889],[-115.93064,39.4427],[-115.9347,39.45135],[-115.94498,39.46657],[-115.94552,39.47261],[-115.94357,39.47798],[-115.94361,39.48027],[-115.94808,39.48635],[-115.94975,39.49022],[-115.95742,39.49574],[-115.96196,39.51511]]}},{"type":"Feature","properties":{"_gpxType":"trk","name":"Eureka Gold Country Inn, North Main Street, Eureka, NV - Cozy Mountain Motel, Main Street, Austin, NV","coordinateProperties":{},"id":95},"geometry":{"type":"LineString","coordinates":[[-115.96196,39.51511],[-115.96921,39.53236],[-115.97584,39.54242],[-115.97954,39.54602],[-115.99115,39.5543],[-116.05938,39.57356],[-116.06448,39.5739],[-116.0725,39.57246],[-116.07687,39.57286],[-116.10357,39.58341],[-116.12214,39.58399],[-116.12943,39.58354],[-116.18137,39.57302],[-116.19738,39.56756],[-116.23694,39.55182],[-116.31663,39.53087],[-116.7202,39.45945],[-116.73461,39.45263],[-116.73944,39.44639],[-116.74667,39.44242],[-116.74933,39.43691],[-116.74976,39.43134],[-116.7552,39.42227],[-116.75766,39.41927],[-116.76443,39.41384],[-116.77525,39.40983],[-116.78686,39.4084],[-116.80058,39.40266],[-116.84563,39.38847],[-116.85096,39.38769],[-116.85591,39.38811],[-116.94957,39.40665],[-116.95213,39.40878],[-116.95581,39.41551],[-116.96397,39.41935],[-116.96715,39.42245],[-116.96817,39.42442],[-116.96862,39.42871],[-116.97097,39.43362],[-116.97701,39.4389],[-116.98388,39.44243],[-116.98572,39.44454],[-116.98761,39.44881],[-116.99135,39.45292],[-116.99229,39.45497],[-116.99818,39.45813],[-116.99926,39.46387],[-117.00262,39.46795],[-117.002,39.47412],[-117.00402,39.47719],[-117.01289,39.47853],[-117.01468,39.48076],[-117.01575,39.48111],[-117.01791,39.47825],[-117.02038,39.47775],[-117.02155,39.47679],[-117.02667,39.47729],[-117.03882,39.48232],[-117.04212,39.4824],[-117.04357,39.48362],[-117.04885,39.48357],[-117.05114,39.48554],[-117.04988,39.48871],[-117.05456,39.48863],[-117.05713,39.49104],[-117.05901,39.49149],[-117.05947,39.49312],[-117.06047,39.49306],[-117.06103,39.49168],[-117.05919,39.48853],[-117.05984,39.48799],[-117.06096,39.48928],[-117.06671,39.48931],[-117.07337,39.49403]]}},{"type":"Feature","properties":{"_gpxType":"trk","name":"40 Main St - Middlegate Station, Austin Highway, Fallon, NV","coordinateProperties":{},"id":97},"geometry":{"type":"LineString","coordinates":[[-117.07345,39.49407],[-117.08165,39.50029],[-117.08973,39.50156],[-117.11036,39.50192],[-117.32566,39.47387],[-117.33271,39.47397],[-117.33999,39.47669],[-117.40021,39.51646],[-117.40581,39.51956],[-117.48249,39.54182],[-117.49376,39.55095],[-117.49818,39.55693],[-117.50519,39.56352],[-117.51432,39.56931],[-117.51993,39.5712],[-117.52366,39.5744],[-117.53518,39.57882],[-117.54349,39.58091],[-117.55275,39.58136],[-117.60336,39.57539],[-117.71915,39.53429],[-117.79745,39.49385],[-117.80441,39.48753],[-117.83222,39.44899],[-117.83422,39.44427],[-117.84599,39.40288],[-117.85553,39.38752],[-117.86042,39.38204],[-117.95532,39.30274],[-117.96902,39.29703],[-117.97611,39.29509],[-118.02819,39.29027],[-118.02642,39.28792],[-118.02663,39.28732]]}},{"type":"Feature","properties":{"_gpxType":"trk","name":"Middlegate Station, Austin Highway, Fallon, NV - Motel 6 Fallon, NV, South Taylor Street, Fallon, NV","coordinateProperties":{},"id":98},"geometry":{"type":"LineString","coordinates":[[-118.02663,39.28732],[-118.02819,39.29027],[-118.0697,39.29115],[-118.13359,39.28657],[-118.1557,39.28701],[-118.23059,39.28273],[-118.28522,39.27794],[-118.31933,39.27227],[-118.33434,39.27489],[-118.34435,39.27487],[-118.36036,39.27164],[-118.372,39.2654],[-118.37876,39.26409],[-118.38484,39.26453],[-118.40233,39.26935],[-118.43407,39.28538],[-118.44656,39.29031],[-118.46371,39.29644],[-118.48362,39.30076],[-118.49909,39.31304],[-118.52349,39.33677],[-118.54194,39.3519],[-118.55523,39.36176],[-118.5765,39.37267],[-118.63172,39.38961],[-118.64489,39.39595],[-118.64972,39.40075],[-118.66808,39.43809],[-118.70227,39.44539],[-118.72201,39.44566],[-118.73817,39.45567],[-118.74176,39.45684],[-118.74465,39.45911],[-118.74705,39.45998],[-118.78164,39.46007],[-118.78159,39.4622]]}},{"type":"Feature","properties":{"_gpxType":"trk","name":"Motel 6 Fallon, NV, South Taylor Street, Fallon, NV - US-50 ALT - The Bike Smith, North Carson Street, Carson City, NV","coordinateProperties":{},"id":99},"geometry":{"type":"LineString","coordinates":[[-118.78159,39.4622],[-118.78164,39.46007],[-118.78467,39.45961],[-118.83179,39.46011],[-118.83554,39.4626],[-118.83784,39.46613],[-118.85094,39.47918],[-118.85233,39.48511],[-118.86645,39.48561],[-118.88588,39.48933],[-118.90628,39.50176],[-118.92991,39.50875],[-119.02732,39.5541]]}},{"type":"Feature","properties":{"_gpxType":"trk","name":"Motel 6 Fallon, NV, South Taylor Street, Fallon, NV - US-50 ALT - The Bike Smith, North Carson Street, Carson City, NV","coordinateProperties":{},"id":99},"geometry":{"type":"LineString","coordinates":[[-119.02732,39.5541],[-118.98731,39.53522],[-118.98746,39.50203],[-119.00104,39.49828],[-119.07693,39.46423],[-119.08101,39.46087],[-119.08754,39.45006],[-119.094,39.44276],[-119.09653,39.44097],[-119.10244,39.43908],[-119.15296,39.43367],[-119.16473,39.42955],[-119.17474,39.42768],[-119.19817,39.42497],[-119.20555,39.42333],[-119.47243,39.32549],[-119.48128,39.32277],[-119.5779,39.26608],[-119.58162,39.26237],[-119.58697,39.25415],[-119.58822,39.24968],[-119.58923,39.23739],[-119.59025,39.23462],[-119.59616,39.22902],[-119.60436,39.22395],[-119.60768,39.22272],[-119.6115,39.22232],[-119.61876,39.22236],[-119.6306,39.22361],[-119.63526,39.22332],[-119.66001,39.21703],[-119.67743,39.21154],[-119.6818,39.20956],[-119.68474,39.20704],[-119.68682,39.20415],[-119.68856,39.19921],[-119.69028,39.19652],[-119.69614,39.19194],[-119.73273,39.17674],[-119.7548,39.17103],[-119.76695,39.17042],[-119.76696,39.16953]]}},{"type":"Feature","properties":{"_gpxType":"trk","name":"The Bike Smith, North Carson Street, Carson City, NV - Sprouts Café, Harrison Avenue, South Lake Tahoe, CA - 1438 Matheson Drive, South Lake Tahoe, CA","coordinateProperties":{},"id":100},"geometry":{"type":"LineString","coordinates":[[-119.76696,39.16945],[-119.76656,39.16845],[-119.76445,39.16843],[-119.76453,39.15687],[-119.76554,39.1542],[-119.76708,39.15326],[-119.76726,39.14829],[-119.77194,39.12126],[-119.78347,39.11484],[-119.7871,39.11364],[-119.79323,39.11334],[-119.80162,39.11676],[-119.80375,39.1161],[-119.80531,39.11469],[-119.80759,39.11452],[-119.81163,39.11566],[-119.81735,39.12073],[-119.8189,39.12103],[-119.82253,39.12018],[-119.82519,39.12225],[-119.82725,39.12293],[-119.83243,39.12136],[-119.837,39.12254],[-119.84386,39.11771],[-119.84685,39.11766],[-119.85018,39.11634],[-119.85531,39.11678],[-119.85816,39.11534],[-119.86554,39.11424],[-119.86946,39.11516],[-119.87278,39.11934],[-119.87557,39.11984],[-119.87935,39.11686],[-119.88477,39.117],[-119.88697,39.11563],[-119.88652,39.1138],[-119.87941,39.10985],[-119.87906,39.10827],[-119.88017,39.10716],[-119.89236,39.10531],[-119.90933,39.10109],[-119.911,39.09529],[-119.91045,39.09217],[-119.91194,39.08891],[-119.91491,39.0866],[-119.91872,39.08497],[-119.92798,39.08554],[-119.93531,39.08281],[-119.94019,39.08253],[-119.94219,39.0817],[-119.9428,39.08037],[-119.94261,39.07793],[-119.94095,39.07416],[-119.94046,39.07083],[-119.94145,39.06715],[-119.94304,39.06511],[-119.94208,39.0625],[-119.94425,39.04962],[-119.94851,39.0465],[-119.94767,39.04074],[-119.94946,39.03646],[-119.94697,39.03385],[-119.94525,39.02467],[-119.94598,39.01968],[-119.94763,39.01533],[-119.94706,39.00448],[-119.94873,39.00263],[-119.95479,39.00276],[-119.95599,39.00113],[-119.9549,38.99877],[-119.94851,38.99412],[-119.94932,38.99029],[-119.94868,38.98831],[-119.93916,38.98138],[-119.93698,38.97904],[-119.93506,38.97246],[-119.93507,38.9703],[-119.94437,38.95578],[-119.94652,38.95362],[-119.96127,38.94706],[-119.96621,38.94566],[-119.97052,38.94582],[-119.97516,38.94486],[-119.97749,38.94212]]}},{"type":"Feature","properties":{"_gpxType":"trk","name":"The Bike Smith, North Carson Street, Carson City, NV - Sprouts Café, Harrison Avenue, South Lake Tahoe, CA - 1438 Matheson Drive, South Lake Tahoe, CA","coordinateProperties":{},"id":100},"geometry":{"type":"LineString","coordinates":[[-119.97749,38.94212],[-119.97774,38.93436],[-119.97344,38.93396],[-119.96422,38.92476],[-119.96404,38.9253]]}},{"type":"Feature","properties":{"_gpxType":"trk","name":"1438 Matheson Drive, South Lake Tahoe, CA - 2781 S Upper Truckee Rd - S Upper Truckee Rd - S Upper Truckee Rd - S Upper Truckee Rd - Caples Lake Resort, California 88, Kirkwood, CA","coordinateProperties":{},"id":101},"geometry":{"type":"LineString","coordinates":[[-119.96404,38.9253],[-119.96416,38.92471],[-119.96037,38.92128],[-119.95759,38.92002],[-119.96165,38.9152],[-119.96251,38.90849],[-119.96504,38.90626],[-119.96894,38.90447],[-119.9705,38.89759],[-119.97421,38.89113],[-119.97668,38.88905],[-119.98597,38.8842],[-119.98896,38.88083],[-119.99196,38.87414],[-119.99781,38.86491],[-120.00227,38.86263],[-120.00692,38.86211],[-120.01004,38.85986],[-120.01188,38.85956],[-120.0121,38.85774],[-120.01382,38.85516],[-120.02247,38.85122],[-120.02808,38.84757],[-120.02747,38.84478],[-120.02249,38.83651],[-120.02221,38.83471]]}},{"type":"Feature","properties":{"_gpxType":"trk","name":"1438 Matheson Drive, South Lake Tahoe, CA - 2781 S Upper Truckee Rd - S Upper Truckee Rd - S Upper Truckee Rd - S Upper Truckee Rd - Caples Lake Resort, California 88, Kirkwood, CA","coordinateProperties":{},"id":101},"geometry":{"type":"LineString","coordinates":[[-120.02221,38.83471],[-120.02302,38.82547],[-120.0206,38.82041],[-120.01997,38.81504],[-120.02076,38.81124],[-120.01855,38.80584],[-120.01901,38.80166],[-120.01812,38.79995],[-120.02006,38.79724],[-120.01674,38.79526],[-120.01714,38.7944],[-120.01548,38.79541]]}},{"type":"Feature","properties":{"_gpxType":"trk","name":"1438 Matheson Drive, South Lake Tahoe, CA - 2781 S Upper Truckee Rd - S Upper Truckee Rd - S Upper Truckee Rd - S Upper Truckee Rd - Caples Lake Resort, California 88, Kirkwood, CA","coordinateProperties":{},"id":101},"geometry":{"type":"LineString","coordinates":[[-120.01548,38.79541],[-120.01047,38.79817],[-120.01135,38.79545],[-120.00677,38.79731]]}},{"type":"Feature","properties":{"_gpxType":"trk","name":"1438 Matheson Drive, South Lake Tahoe, CA - 2781 S Upper Truckee Rd - S Upper Truckee Rd - S Upper Truckee Rd - S Upper Truckee Rd - Caples Lake Resort, California 88, Kirkwood, CA","coordinateProperties":{},"id":101},"geometry":{"type":"LineString","coordinates":[[-120.00677,38.79731],[-120.00422,38.79471],[-120.00373,38.79462],[-120.00405,38.79562],[-120.0016,38.79447]]}},{"type":"Feature","properties":{"_gpxType":"trk","name":"1438 Matheson Drive, South Lake Tahoe, CA - 2781 S Upper Truckee Rd - S Upper Truckee Rd - S Upper Truckee Rd - S Upper Truckee Rd - Caples Lake Resort, California 88, Kirkwood, CA","coordinateProperties":{},"id":101},"geometry":{"type":"LineString","coordinates":[[-120.0016,38.79447],[-120.0008,38.7939],[-119.99983,38.79117],[-120.00023,38.79028],[-119.99953,38.78962],[-119.99623,38.79343],[-119.99037,38.79539],[-119.9841,38.79675],[-119.97583,38.79634],[-119.96862,38.79732],[-119.95457,38.79326],[-119.9458,38.78769],[-119.94294,38.78709],[-119.93675,38.78898],[-119.92913,38.79318],[-119.9234,38.79336],[-119.92111,38.79228],[-119.92012,38.79061],[-119.91887,38.77637],[-119.92403,38.77655],[-119.93184,38.77369],[-119.93613,38.7703],[-119.94123,38.76364],[-119.94257,38.75887],[-119.94192,38.74913],[-119.95377,38.73507],[-119.95453,38.73072],[-119.95393,38.71719],[-119.95813,38.7061],[-119.96325,38.69916],[-119.96523,38.69886],[-119.96646,38.69964],[-119.96686,38.70325],[-119.9679,38.70447],[-119.97186,38.70496],[-119.97921,38.70288],[-119.98324,38.7027],[-119.98631,38.70141],[-119.98665,38.69993],[-119.98524,38.69829],[-119.98503,38.69614],[-119.98517,38.69464],[-119.98626,38.69379],[-119.98841,38.69406],[-119.99082,38.69634],[-119.99768,38.69405],[-120.00334,38.69723],[-120.00809,38.69653],[-120.01137,38.69826],[-120.02121,38.70046],[-120.02732,38.6993],[-120.03218,38.70033],[-120.03492,38.70167],[-120.04057,38.70615],[-120.04354,38.70664],[-120.0476,38.70869],[-120.04866,38.7086],[-120.04948,38.70761],[-120.05104,38.7036]]}},{"type":"Feature","properties":{"_gpxType":"trk","name":"Caples Lake Resort, California 88, Kirkwood, CA - 5881 Omo Ranch Rd - 9135 Landrum St, Plymouth, CA 95669","coordinateProperties":{},"id":102},"geometry":{"type":"LineString","coordinates":[[-120.05104,38.7036],[-120.05232,38.70411],[-120.05465,38.7035],[-120.06875,38.70369],[-120.08099,38.69995],[-120.08798,38.70283],[-120.09083,38.70346],[-120.09709,38.70322],[-120.1038,38.70575],[-120.11131,38.70514],[-120.11324,38.70261],[-120.1165,38.70043],[-120.11814,38.69775],[-120.12233,38.69663],[-120.12563,38.69437],[-120.12555,38.69331],[-120.12458,38.69291],[-120.12508,38.68924],[-120.12439,38.68663],[-120.11684,38.68082],[-120.11649,38.6795],[-120.11887,38.67424],[-120.12149,38.67096],[-120.12237,38.66651],[-120.12647,38.66476],[-120.13201,38.65989],[-120.13461,38.65461],[-120.13396,38.65302],[-120.1315,38.65082],[-120.1315,38.64911],[-120.13491,38.6456],[-120.13675,38.64147],[-120.13986,38.63804],[-120.14138,38.63765],[-120.14506,38.63969],[-120.14685,38.63936],[-120.14845,38.63747],[-120.15894,38.63263],[-120.16553,38.63284],[-120.17122,38.63198],[-120.1786,38.63348],[-120.18742,38.63114],[-120.19242,38.6312],[-120.19729,38.62929],[-120.19814,38.62806],[-120.19779,38.62622],[-120.20188,38.62464],[-120.20338,38.62501],[-120.20415,38.62671],[-120.20556,38.62755],[-120.20927,38.62876],[-120.21298,38.62905],[-120.21478,38.6283],[-120.21596,38.6266],[-120.21475,38.62421],[-120.21497,38.62315],[-120.22031,38.62137],[-120.21975,38.61897],[-120.22334,38.61692],[-120.22247,38.61531],[-120.22484,38.61324],[-120.22472,38.61142],[-120.22653,38.61027],[-120.22638,38.60796],[-120.22349,38.6039],[-120.22777,38.60096],[-120.23244,38.59994],[-120.23265,38.59382],[-120.23151,38.59195],[-120.23382,38.58808],[-120.23927,38.58633],[-120.23971,38.5873],[-120.239,38.58888],[-120.23949,38.58877],[-120.24228,38.58631],[-120.25066,38.58433],[-120.25685,38.58048],[-120.26091,38.57978],[-120.26247,38.57883],[-120.26622,38.5741],[-120.26662,38.57182],[-120.26574,38.56978],[-120.26605,38.56852],[-120.27148,38.5617],[-120.27456,38.5593],[-120.27816,38.55969],[-120.28407,38.55726],[-120.29034,38.55629],[-120.29765,38.55616],[-120.29871,38.55508],[-120.29938,38.55175],[-120.30141,38.5496],[-120.31804,38.54487],[-120.32464,38.54604],[-120.32829,38.54506],[-120.33154,38.54767],[-120.3379,38.54664],[-120.34544,38.54744],[-120.3508,38.54712],[-120.35519,38.54808],[-120.36408,38.54433],[-120.37669,38.54476],[-120.38049,38.5432],[-120.38188,38.54055],[-120.38411,38.53853],[-120.38856,38.54056],[-120.39136,38.53949],[-120.39612,38.53913],[-120.39884,38.53728],[-120.40293,38.53716],[-120.413,38.53126],[-120.42435,38.5304],[-120.42697,38.52884],[-120.42956,38.52898],[-120.43271,38.52697],[-120.43482,38.52669],[-120.43887,38.52879],[-120.4424,38.52833],[-120.44338,38.52943],[-120.44251,38.53046],[-120.44278,38.53149],[-120.44436,38.53272],[-120.45153,38.53363],[-120.45297,38.53284],[-120.45449,38.53304],[-120.45522,38.53431],[-120.46163,38.53878],[-120.46595,38.53888],[-120.46645,38.54071],[-120.47266,38.54358],[-120.47586,38.54387],[-120.48096,38.541],[-120.48147,38.54329],[-120.48289,38.54386],[-120.49021,38.54391],[-120.49244,38.5449],[-120.50461,38.54672],[-120.51348,38.55014],[-120.51653,38.55048],[-120.52418,38.54956],[-120.52706,38.54824],[-120.5323,38.54937],[-120.54279,38.55607],[-120.54777,38.56312],[-120.55176,38.56711],[-120.55356,38.57131],[-120.55537,38.57324],[-120.56077,38.57607],[-120.5638,38.57579],[-120.57019,38.57809],[-120.57446,38.58119],[-120.57872,38.58151],[-120.58226,38.57985]]}},{"type":"Feature","properties":{"_gpxType":"trk","name":"Caples Lake Resort, California 88, Kirkwood, CA - 5881 Omo Ranch Rd - 9135 Landrum St, Plymouth, CA 95669","coordinateProperties":{},"id":102},"geometry":{"type":"LineString","coordinates":[[-120.58226,38.57985],[-120.58608,38.57815],[-120.59388,38.57799],[-120.59875,38.57908],[-120.60296,38.57891],[-120.60616,38.58128],[-120.61211,38.58121],[-120.6134,38.58079],[-120.61486,38.57907],[-120.61679,38.58053],[-120.62128,38.57973],[-120.62623,38.58097],[-120.62977,38.5808],[-120.63571,38.57932],[-120.64024,38.57626],[-120.64551,38.57708],[-120.65225,38.5728],[-120.65503,38.57185],[-120.65665,38.57224],[-120.65929,38.57435],[-120.66128,38.57475],[-120.66639,38.57357],[-120.68171,38.57325],[-120.70056,38.56911],[-120.70504,38.56666],[-120.72116,38.56519],[-120.72438,38.56251],[-120.72671,38.55643],[-120.73146,38.55335],[-120.73372,38.54958],[-120.73772,38.54563],[-120.74258,38.5467],[-120.74421,38.54569],[-120.74369,38.54331],[-120.74743,38.53911],[-120.74828,38.53466],[-120.75027,38.53317],[-120.75453,38.53293],[-120.75865,38.53373],[-120.76678,38.53293],[-120.77226,38.53121],[-120.777,38.53098],[-120.78006,38.53194],[-120.78275,38.53154],[-120.78928,38.5288],[-120.80507,38.53088],[-120.81532,38.52614],[-120.81975,38.52196],[-120.82514,38.51395],[-120.8256,38.50534],[-120.82832,38.50171],[-120.82977,38.49814],[-120.8289,38.49537],[-120.83079,38.49174],[-120.83497,38.48909],[-120.8356,38.48404],[-120.83862,38.48248],[-120.8528,38.481]]}},{"type":"Feature","properties":{"_gpxType":"trk","name":"9135 Landrum St, Plymouth, CA 95669 - 4391 Scott Rd - 2500 El Vita Way, Carmichael, CA","coordinateProperties":{},"id":103},"geometry":{"type":"LineString","coordinates":[[-120.8528,38.481],[-120.85569,38.48027],[-120.86504,38.48085],[-120.86728,38.48008],[-120.87243,38.48226],[-120.88139,38.48392],[-120.88266,38.48491],[-120.88733,38.48167],[-120.8927,38.48106],[-120.89844,38.48265],[-120.90187,38.48486],[-120.90884,38.48579],[-120.92325,38.48397],[-120.92793,38.48281],[-120.93144,38.48107],[-120.93223,38.4874],[-120.93546,38.49141],[-120.9357,38.49508],[-120.94059,38.49917],[-120.94236,38.50166],[-120.94441,38.50671],[-120.9509,38.51346],[-120.95089,38.51622],[-120.95561,38.52172],[-120.95473,38.52622],[-120.95755,38.53216],[-120.96212,38.53687],[-120.96631,38.53953],[-120.97273,38.54662],[-120.97632,38.54937],[-120.98234,38.55739],[-120.98646,38.55502],[-120.99197,38.55561],[-120.99536,38.555],[-120.99694,38.55581],[-120.99887,38.55465],[-121.01224,38.55312],[-121.01575,38.55416],[-121.01705,38.55141],[-121.04046,38.54102],[-121.0439,38.54009],[-121.04878,38.54004],[-121.05522,38.54154],[-121.05666,38.54054],[-121.05693,38.53916],[-121.06458,38.53541],[-121.0676,38.53291],[-121.06887,38.53071],[-121.07218,38.52983],[-121.07247,38.5277],[-121.07352,38.52672],[-121.08031,38.52723],[-121.09169,38.52545],[-121.09457,38.52427],[-121.09916,38.51927],[-121.10405,38.51814],[-121.10397,38.5391],[-121.11026,38.5443],[-121.11609,38.55525],[-121.11775,38.55658]]}},{"type":"Feature","properties":{"_gpxType":"trk","name":"9135 Landrum St, Plymouth, CA 95669 - 4391 Scott Rd - 2500 El Vita Way, Carmichael, CA","coordinateProperties":{},"id":103},"geometry":{"type":"LineString","coordinates":[[-121.11775,38.55658],[-121.12763,38.56287],[-121.13051,38.56812],[-121.1292,38.57673],[-121.13024,38.5799],[-121.13067,38.58654],[-121.12932,38.59351],[-121.13211,38.59784],[-121.13705,38.59844],[-121.13697,38.60505],[-121.14057,38.60522],[-121.14143,38.60587],[-121.14217,38.61132],[-121.14772,38.61228],[-121.14857,38.61297],[-121.15047,38.61821],[-121.15036,38.63284],[-121.15183,38.63507],[-121.15417,38.63642],[-121.15549,38.63815],[-121.15697,38.64354],[-121.16272,38.6495],[-121.16593,38.64796],[-121.17033,38.6472],[-121.17572,38.64365],[-121.17842,38.64285],[-121.1868,38.64183],[-121.19182,38.64419],[-121.19566,38.64157],[-121.19956,38.64123],[-121.20334,38.63949],[-121.2043,38.63817],[-121.20806,38.63756],[-121.20921,38.63555],[-121.2132,38.63445],[-121.21523,38.63488],[-121.21668,38.63356],[-121.22045,38.63378],[-121.22077,38.63443],[-121.22219,38.63428],[-121.22447,38.63551],[-121.22484,38.63521],[-121.22334,38.63386],[-121.22352,38.63296],[-121.23995,38.63164],[-121.24981,38.63399],[-121.25229,38.63624],[-121.25485,38.63716],[-121.2613,38.63705],[-121.26868,38.63302],[-121.26945,38.63223],[-121.26828,38.63141],[-121.26845,38.63083],[-121.27126,38.62826],[-121.27492,38.62743],[-121.27695,38.62427],[-121.27969,38.62399],[-121.28446,38.62004],[-121.2893,38.62054],[-121.29213,38.62344],[-121.29786,38.62389],[-121.30442,38.61916],[-121.30453,38.61735],[-121.30221,38.61478],[-121.30315,38.61198],[-121.30504,38.60974],[-121.31208,38.60505],[-121.31581,38.60142],[-121.31934,38.60106],[-121.32242,38.59914],[-121.32288,38.59687],[-121.32206,38.5918],[-121.32331,38.59028],[-121.32488,38.59053],[-121.32884,38.59377],[-121.33285,38.59132],[-121.33922,38.59487],[-121.34541,38.59583],[-121.34082,38.60088],[-121.33678,38.60414],[-121.33679,38.60991],[-121.33392,38.6101]]}},{"type":"Feature","properties":{"_gpxType":"trk","name":"2500 El Vita Way, Carmichael, CA - Putah Creek Cafe, East Main Street, Winters, CA - 4127 Putah Creek Rd","coordinateProperties":{},"id":105},"geometry":{"type":"LineString","coordinates":[[-121.33392,38.6101],[-121.45739,38.61114],[-121.47226,38.60344],[-121.47269,38.60245],[-121.47185,38.59999],[-121.47355,38.60221],[-121.47293,38.60395],[-121.47349,38.60418],[-121.47756,38.60457],[-121.48288,38.60698],[-121.49107,38.60779],[-121.49243,38.60675],[-121.49245,38.60444],[-121.49631,38.60352],[-121.49806,38.60483],[-121.50062,38.60478],[-121.50466,38.60318],[-121.50511,38.60138],[-121.50784,38.60066],[-121.50516,38.59876],[-121.5069,38.5963],[-121.5048,38.58938],[-121.5053,38.58597],[-121.50857,38.5869],[-121.51003,38.58846],[-121.51342,38.58888],[-121.51573,38.58787],[-121.54497,38.59155],[-121.54867,38.58026],[-121.54872,38.57196],[-121.55086,38.57203],[-121.55333,38.57335],[-121.55459,38.57275],[-121.55719,38.57364],[-121.5638,38.57362],[-121.57408,38.57068],[-121.57837,38.5702],[-121.57724,38.57445],[-121.57546,38.57552],[-121.58313,38.57354],[-121.63836,38.56366],[-121.63847,38.56544],[-121.63799,38.56524],[-121.63823,38.56185],[-121.63886,38.56193],[-121.63876,38.56455],[-121.64004,38.56515],[-121.66978,38.55885],[-121.73263,38.54467],[-121.7396,38.53956],[-121.74199,38.54034],[-121.74459,38.53994],[-121.74722,38.53856],[-121.74895,38.5392],[-121.75483,38.5391],[-121.75557,38.5397],[-121.75604,38.54233],[-121.75868,38.54253],[-121.75955,38.54364],[-121.76886,38.54382],[-121.76895,38.54525],[-121.77061,38.54618],[-121.82238,38.54707],[-121.85479,38.54674],[-121.85586,38.54746],[-121.85599,38.54614],[-121.85479,38.54514],[-121.85122,38.53678],[-121.84946,38.53609],[-121.85045,38.53055],[-121.8512,38.53031],[-121.88614,38.53047],[-121.89959,38.52827],[-121.91982,38.52126],[-121.92491,38.52935],[-121.9325,38.53088],[-121.94347,38.52922],[-121.94859,38.52633],[-121.9642,38.52161],[-121.96721,38.51953],[-121.96894,38.52197]]}},{"type":"Feature","properties":{"_gpxType":"trk","name":"2500 El Vita Way, Carmichael, CA - Putah Creek Cafe, East Main Street, Winters, CA - 4127 Putah Creek Rd","coordinateProperties":{},"id":105},"geometry":{"type":"LineString","coordinates":[[-121.96894,38.52197],[-121.96741,38.51914],[-121.96769,38.51817],[-121.96882,38.51617],[-121.97298,38.51337],[-121.97087,38.51042],[-121.97091,38.50945],[-121.98205,38.50391],[-121.98244,38.50309],[-121.98072,38.49993],[-121.98125,38.49917],[-121.99181,38.49637]]}},{"type":"Feature","properties":{"_gpxType":"trk","name":"Lake Solano County Park, Pleasants Valley Road, Winters, CA - Larry's Produce, Suisun Valley Road, Fairfield, CA - 600 Lopes Rd - 655 Columbus Pkwy - Columbus Pkwy & Georgia St - Vallejo, 289 Mare Island Way, Vallejo, CA 94590","coordinateProperties":{},"id":106},"geometry":{"type":"LineString","coordinates":[[-122.02958,38.49303],[-122.02925,38.49245],[-122.0311,38.48709],[-122.02986,38.48346],[-122.03053,38.47815],[-122.0295,38.47722],[-122.02919,38.47499],[-122.03041,38.47208],[-122.03137,38.47163],[-122.03162,38.46991],[-122.04353,38.47],[-122.04691,38.46741],[-122.04981,38.46722],[-122.05009,38.46571],[-122.05563,38.45991],[-122.0567,38.45692],[-122.05639,38.45139],[-122.05467,38.44917],[-122.05502,38.44696],[-122.05265,38.43676],[-122.05009,38.43323],[-122.04996,38.43122],[-122.04266,38.41694],[-122.04332,38.41377],[-122.0423,38.41072],[-122.04265,38.40485],[-122.04183,38.40108],[-122.03602,38.38992],[-122.03436,38.3888],[-122.025,38.37525],[-122.0241,38.3709],[-122.02297,38.36197],[-122.02455,38.35928],[-122.0247,38.33654],[-122.02796,38.33483],[-122.02598,38.33037],[-122.02598,38.32733],[-122.02486,38.32487],[-122.0258,38.32279],[-122.03174,38.31602],[-122.03292,38.31353],[-122.03398,38.30678],[-122.03471,38.2917],[-122.04958,38.27414],[-122.05341,38.27303],[-122.05711,38.27045],[-122.06203,38.26947],[-122.07626,38.26929],[-122.08373,38.27048],[-122.09233,38.27212],[-122.09319,38.27643],[-122.10161,38.27879],[-122.10441,38.27414],[-122.11039,38.27214],[-122.11199,38.2711],[-122.11147,38.27075]]}},{"type":"Feature","properties":{"_gpxType":"trk","name":"Lake Solano County Park, Pleasants Valley Road, Winters, CA - Larry's Produce, Suisun Valley Road, Fairfield, CA - 600 Lopes Rd - 655 Columbus Pkwy - Columbus Pkwy & Georgia St - Vallejo, 289 Mare Island Way, Vallejo, CA 94590","coordinateProperties":{},"id":106},"geometry":{"type":"LineString","coordinates":[[-122.11147,38.27075],[-122.11209,38.27072],[-122.11382,38.26291],[-122.11992,38.25401],[-122.1205,38.24857],[-122.12928,38.22888],[-122.13059,38.22226],[-122.1377,38.21836],[-122.14033,38.21913],[-122.14134,38.21846],[-122.13828,38.21509],[-122.13845,38.20105],[-122.14112,38.19789]]}},{"type":"Feature","properties":{"_gpxType":"trk","name":"Lake Solano County Park, Pleasants Valley Road, Winters, CA - Larry's Produce, Suisun Valley Road, Fairfield, CA - 600 Lopes Rd - 655 Columbus Pkwy - Columbus Pkwy & Georgia St - Vallejo, 289 Mare Island Way, Vallejo, CA 94590","coordinateProperties":{},"id":106},"geometry":{"type":"LineString","coordinates":[[-122.14112,38.19789],[-122.14176,38.19722],[-122.14706,38.19863],[-122.15184,38.19889],[-122.15775,38.20208],[-122.17032,38.18977],[-122.18217,38.18456],[-122.19001,38.17857],[-122.19437,38.1736],[-122.20765,38.16439],[-122.21537,38.15438],[-122.2168,38.15111],[-122.21735,38.14402],[-122.22053,38.13936],[-122.21811,38.13767],[-122.20398,38.13636],[-122.19573,38.132],[-122.19232,38.12814],[-122.19146,38.12546],[-122.19288,38.1205]]}},{"type":"Feature","properties":{"_gpxType":"trk","name":"Lake Solano County Park, Pleasants Valley Road, Winters, CA - Larry's Produce, Suisun Valley Road, Fairfield, CA - 600 Lopes Rd - 655 Columbus Pkwy - Columbus Pkwy & Georgia St - Vallejo, 289 Mare Island Way, Vallejo, CA 94590","coordinateProperties":{},"id":106},"geometry":{"type":"LineString","coordinates":[[-122.19288,38.1205],[-122.19389,38.11866],[-122.19402,38.11596],[-122.19833,38.11228],[-122.20173,38.1115],[-122.20292,38.11057],[-122.20356,38.10535],[-122.20065,38.10041]]}},{"type":"Feature","properties":{"_gpxType":"trk","name":"Lake Solano County Park, Pleasants Valley Road, Winters, CA - Larry's Produce, Suisun Valley Road, Fairfield, CA - 600 Lopes Rd - 655 Columbus Pkwy - Columbus Pkwy & Georgia St - Vallejo, 289 Mare Island Way, Vallejo, CA 94590","coordinateProperties":{},"id":106},"geometry":{"type":"LineString","coordinates":[[-122.20065,38.10041],[-122.20271,38.09964],[-122.2063,38.10015],[-122.22445,38.09996],[-122.22851,38.1008],[-122.26183,38.1012],[-122.26273,38.10092],[-122.26235,38.10025]]}}]}