{"type":"FeatureCollection","features":[{"type":"Feature","properties":{"_gpxType":"trk","name":"Caples Lake Resort, California 88, Kirkwood, CA - 5881 Omo Ranch Rd - 9135 Landrum St, Plymouth, CA 95669","coordinateProperties":{},"id":102},"geometry":{"type":"LineString","coordinates":[[-120.05104,38.7036],[-120.05107,38.70359],[-120.05113,38.70358],[-120.05114,38.70357],[-120.05129,38.70356],[-120.05136,38.70356],[-120.05147,38.70357],[-120.05152,38.70357],[-120.05156,38.70359],[-120.05158,38.7036],[-120.05159,38.7036],[-120.05161,38.70362],[-120.05172,38.70374],[-120.05178,38.70385],[-120.05186,38.70402],[-120.05191,38.70407],[-120.05192,38.70408],[-120.05208,38.70419],[-120.05208,38.70419],[-120.05232,38.70411],[-120.0524,38.70408],[-120.0527,38.70398],[-120.05282,38.70393],[-120.05301,38.70389],[-120.05316,38.70385],[-120.05362,38.70369],[-120.05394,38.7036],[-120.0541,38.70356],[-120.05412,38.70356],[-120.05421,38.70354],[-120.0544,38.70352],[-120.05465,38.7035],[-120.0549,38.70349],[-120.05507,38.70349],[-120.05512,38.70349],[-120.0553,38.70349],[-120.05535,38.70349],[-120.0557,38.70351],[-120.05573,38.70351],[-120.05598,38.70355],[-120.05663,38.70365],[-120.05673,38.70366],[-120.05686,38.70368],[-120.05712,38.70371],[-120.05725,38.70373],[-120.05749,38.70374],[-120.05754,38.70375],[-120.05764,38.70375],[-120.05785,38.70375],[-120.05795,38.70374],[-120.058,38.70374],[-120.05803,38.70374],[-120.05817,38.70373],[-120.05832,38.7037],[-120.05875,38.70364],[-120.0597,38.70347],[-120.05992,38.70343],[-120.06005,38.70341],[-120.06034,38.70338],[-120.06058,38.70337],[-120.06079,38.70338],[-120.06091,38.70338],[-120.0612,38.7034],[-120.06271,38.70351],[-120.0628,38.70352],[-120.06303,38.70353],[-120.06325,38.70355],[-120.06326,38.70355],[-120.06349,38.70357],[-120.06369,38.70358],[-120.06407,38.70364],[-120.06416,38.70364],[-120.06418,38.70364],[-120.06429,38.70364],[-120.0644,38.70364],[-120.06441,38.70364],[-120.06454,38.70363],[-120.06471,38.70361],[-120.0653,38.70354],[-120.06552,38.7035],[-120.06575,38.70347],[-120.06597,38.70343],[-120.06614,38.70341],[-120.0662,38.7034],[-120.0663,38.70339],[-120.06643,38.70338],[-120.06644,38.70338],[-120.06656,38.70338],[-120.06666,38.70338],[-120.06668,38.70338],[-120.06681,38.70338],[-120.06689,38.70339],[-120.06692,38.70339],[-120.06703,38.70341],[-120.06725,38.70345],[-120.06767,38.70354],[-120.06807,38.70362],[-120.06823,38.70365],[-120.06826,38.70366],[-120.0684,38.70368],[-120.06846,38.70368],[-120.06848,38.70368],[-120.06856,38.70369],[-120.06866,38.70369],[-120.06875,38.70369],[-120.06887,38.70367],[-120.06899,38.70366],[-120.06911,38.70363],[-120.06914,38.70362],[-120.06922,38.7036],[-120.06932,38.70357],[-120.06936,38.70355],[-120.06942,38.70353],[-120.06952,38.70349],[-120.06955,38.70347],[-120.06959,38.70345],[-120.06975,38.70334],[-120.06999,38.70316],[-120.07006,38.7031],[-120.07012,38.70306],[-120.07019,38.70301],[-120.07024,38.70299],[-120.07026,38.70297],[-120.07033,38.70293],[-120.0704,38.7029],[-120.07047,38.70288],[-120.07055,38.70285],[-120.07071,38.7028],[-120.07084,38.70278],[-120.07094,38.70276],[-120.07108,38.70275],[-120.07252,38.70265],[-120.07275,38.70263],[-120.07291,38.70262],[-120.07301,38.7026],[-120.07308,38.70258],[-120.07316,38.70256],[-120.07322,38.70253],[-120.07326,38.70252],[-120.0733,38.7025],[-120.07336,38.70247],[-120.07342,38.70245],[-120.07355,38.70236],[-120.07358,38.70234],[-120.07377,38.70218],[-120.07383,38.70213],[-120.07395,38.70203],[-120.07405,38.70195],[-120.07415,38.70188],[-120.0743,38.70178],[-120.07449,38.70167],[-120.07466,38.70159],[-120.07481,38.70153],[-120.07484,38.70151],[-120.07486,38.70151],[-120.07519,38.70139],[-120.07566,38.70125],[-120.07582,38.7012],[-120.07673,38.70091],[-120.07714,38.70078],[-120.07742,38.7007],[-120.07775,38.70059],[-120.07783,38.70056],[-120.07798,38.70055],[-120.07823,38.70048],[-120.0792,38.7002],[-120.07959,38.70009],[-120.07974,38.70006],[-120.07994,38.70002],[-120.08008,38.7],[-120.08024,38.69998],[-120.08043,38.69996],[-120.08058,38.69995],[-120.08073,38.69995],[-120.08099,38.69995],[-120.08117,38.69996],[-120.08141,38.69998],[-120.08153,38.69999],[-120.08179,38.70003],[-120.08186,38.70004],[-120.08201,38.70007],[-120.08209,38.70009],[-120.08217,38.70011],[-120.08232,38.70016],[-120.08248,38.70021],[-120.08261,38.70026],[-120.08262,38.70026],[-120.08276,38.70031],[-120.08285,38.70035],[-120.08292,38.70038],[-120.08298,38.70041],[-120.08306,38.70045],[-120.0834,38.70062],[-120.08364,38.70074],[-120.08383,38.70084],[-120.08398,38.70092],[-120.08403,38.70094],[-120.08459,38.70123],[-120.0846,38.70123],[-120.08475,38.70131],[-120.0848,38.70133],[-120.08542,38.70166],[-120.086,38.70195],[-120.08619,38.70205],[-120.0865,38.70221],[-120.08658,38.70225],[-120.08677,38.70235],[-120.08697,38.70244],[-120.08724,38.70257],[-120.08737,38.70262],[-120.08743,38.70265],[-120.08762,38.70272],[-120.08774,38.70276],[-120.08798,38.70283],[-120.08825,38.7029],[-120.08892,38.70305],[-120.08937,38.70317],[-120.08975,38.70326],[-120.09012,38.70335],[-120.0904,38.70341],[-120.09047,38.70342],[-120.09054,38.70343],[-120.09083,38.70346],[-120.09099,38.70348],[-120.09109,38.70348],[-120.09119,38.70348],[-120.09139,38.70347],[-120.09147,38.70347],[-120.09162,38.70346],[-120.09175,38.70345],[-120.09231,38.7034],[-120.09239,38.70339],[-120.09253,38.70338],[-120.09276,38.70335],[-120.09318,38.70331],[-120.09322,38.70331],[-120.09345,38.70329],[-120.09368,38.70326],[-120.09391,38.70324],[-120.09414,38.70322],[-120.09436,38.7032],[-120.09448,38.70319],[-120.09459,38.70318],[-120.09485,38.70317],[-120.0953,38.70316],[-120.09576,38.70316],[-120.09657,38.70317],[-120.09675,38.70318],[-120.09692,38.70319],[-120.09709,38.70322],[-120.09722,38.70326],[-120.09731,38.70328],[-120.09747,38.70333],[-120.09784,38.70347],[-120.09821,38.70358],[-120.09831,38.7036],[-120.09885,38.70369],[-120.09895,38.70371],[-120.09901,38.70373],[-120.09907,38.70375],[-120.09917,38.70379],[-120.09923,38.70382],[-120.09929,38.70386],[-120.09943,38.70397],[-120.09954,38.70405],[-120.09971,38.70415],[-120.0998,38.70419],[-120.09985,38.70422],[-120.1002,38.70435],[-120.10032,38.70441],[-120.10044,38.70447],[-120.10052,38.70453],[-120.1006,38.70459],[-120.10069,38.70469],[-120.10079,38.7048],[-120.10085,38.70486],[-120.10094,38.70496],[-120.101,38.70502],[-120.10105,38.70506],[-120.10109,38.70508],[-120.10117,38.70513],[-120.10123,38.70516],[-120.10129,38.70518],[-120.10137,38.7052],[-120.10143,38.70522],[-120.10157,38.70526],[-120.10159,38.70526],[-120.10166,38.70528],[-120.10179,38.7053],[-120.10181,38.70531],[-120.10195,38.70534],[-120.10224,38.70543],[-120.10238,38.70548],[-120.10246,38.7055],[-120.10252,38.70551],[-120.10268,38.70554],[-120.10335,38.70567],[-120.10358,38.70571],[-120.1038,38.70575],[-120.10392,38.70576],[-120.10403,38.70578],[-120.10442,38.70582],[-120.10453,38.70584],[-120.10461,38.70584],[-120.10517,38.70587],[-120.10538,38.70589],[-120.1054,38.70589],[-120.10563,38.7059],[-120.10592,38.70591],[-120.10609,38.70591],[-120.10632,38.70592],[-120.10672,38.70592],[-120.10678,38.70591],[-120.10691,38.70591],[-120.10708,38.7059],[-120.10723,38.70588],[-120.10756,38.70584],[-120.10771,38.70582],[-120.10838,38.70572],[-120.10849,38.7057],[-120.10905,38.70561],[-120.11018,38.70544],[-120.11032,38.70542],[-120.11041,38.7054],[-120.11042,38.7054],[-120.1106,38.70537],[-120.11089,38.7053],[-120.11096,38.70529],[-120.11104,38.70526],[-120.11124,38.70518],[-120.11131,38.70514],[-120.11139,38.7051],[-120.11154,38.705],[-120.11167,38.7049],[-120.11174,38.70483],[-120.11179,38.70477],[-120.11192,38.70461],[-120.112,38.7045],[-120.11212,38.70433],[-120.11247,38.70371],[-120.11266,38.70336],[-120.11289,38.703],[-120.113,38.70285],[-120.11309,38.70276],[-120.11316,38.70268],[-120.11324,38.70261],[-120.11339,38.70247],[-120.11351,38.70238],[-120.11365,38.70229],[-120.11396,38.70209],[-120.11401,38.70207],[-120.11457,38.70175],[-120.11564,38.70115],[-120.11589,38.70099],[-120.11615,38.70079],[-120.11636,38.70059],[-120.11641,38.70053],[-120.1165,38.70043],[-120.11652,38.7004],[-120.11661,38.70027],[-120.11671,38.70011],[-120.11683,38.69984],[-120.11692,38.69956],[-120.11693,38.69952],[-120.11706,38.69916],[-120.11711,38.69904],[-120.11722,38.69879],[-120.1173,38.69862],[-120.11744,38.69841],[-120.11756,38.69827],[-120.11775,38.69807],[-120.11793,38.69791],[-120.118,38.69786],[-120.11814,38.69775],[-120.11816,38.69773],[-120.11828,38.69766],[-120.11841,38.69758],[-120.11872,38.69741],[-120.11876,38.69739],[-120.11949,38.69703],[-120.11949,38.69703],[-120.11963,38.69713],[-120.11966,38.69714],[-120.1197,38.69716],[-120.11974,38.69716],[-120.11978,38.69717],[-120.11985,38.69716],[-120.11989,38.69715],[-120.11992,38.69715],[-120.12011,38.69711],[-120.12046,38.69703],[-120.12144,38.69682],[-120.12233,38.69663],[-120.1224,38.69662],[-120.12251,38.69657],[-120.12257,38.69652],[-120.12263,38.69646],[-120.12266,38.69641],[-120.12269,38.69634],[-120.12287,38.69598],[-120.12291,38.6959],[-120.12297,38.69579],[-120.12302,38.69575],[-120.12313,38.69564],[-120.12317,38.69561],[-120.12333,38.69548],[-120.1234,38.69544],[-120.12364,38.69527],[-120.12409,38.69508],[-120.1245,38.69491],[-120.12511,38.69466],[-120.12536,38.69456],[-120.12549,38.69447],[-120.12563,38.69437],[-120.12573,38.69428],[-120.12578,38.69402],[-120.12578,38.69401],[-120.1258,38.69384],[-120.1258,38.69383],[-120.12578,38.6937],[-120.12577,38.69365],[-120.12573,38.69352],[-120.12555,38.69331],[-120.12546,38.69323],[-120.12541,38.6932],[-120.12531,38.69313],[-120.12522,38.6931],[-120.12511,38.69307],[-120.12501,38.69304],[-120.12479,38.69298],[-120.12475,38.69297],[-120.12458,38.69291],[-120.12456,38.6929],[-120.12451,38.69287],[-120.12449,38.69284],[-120.12448,38.69281],[-120.12447,38.69278],[-120.12447,38.69276],[-120.12446,38.69274],[-120.12447,38.6927],[-120.12448,38.69266],[-120.12452,38.69259],[-120.12454,38.69256],[-120.12471,38.69234],[-120.12475,38.69228],[-120.12476,38.69226],[-120.12479,38.69218],[-120.1248,38.69211],[-120.1248,38.69204],[-120.12484,38.69181],[-120.12485,38.69175],[-120.1249,38.69139],[-120.12499,38.69068],[-120.12504,38.69032],[-120.12509,38.68992],[-120.12509,38.68978],[-120.12508,38.6896],[-120.12508,38.68956],[-120.12508,38.68924],[-120.12509,38.68907],[-120.12509,38.68899],[-120.12506,38.68888],[-120.12497,38.68872],[-120.12488,38.68855],[-120.12486,38.68853],[-120.12478,38.68834],[-120.12476,38.68821],[-120.12466,38.68767],[-120.12457,38.68717],[-120.12449,38.68692],[-120.12445,38.68679],[-120.12444,38.68677],[-120.12439,38.68663],[-120.12431,38.68652],[-120.12425,38.68647],[-120.1242,38.68642],[-120.12409,38.68634],[-120.12405,38.68631],[-120.12376,38.6861],[-120.12325,38.68573],[-120.12283,38.68542],[-120.12274,38.68536],[-120.12223,38.68501],[-120.12205,38.68489],[-120.12188,38.68477],[-120.12183,38.68473],[-120.12173,38.68463],[-120.1216,38.68448],[-120.12139,38.68426],[-120.12134,38.68419],[-120.12122,38.68403],[-120.12111,38.68387],[-120.121,38.68372],[-120.12098,38.6837],[-120.12074,38.68342],[-120.12052,38.68317],[-120.12034,38.68303],[-120.12023,38.68297],[-120.12018,38.68295],[-120.12012,38.68293],[-120.12004,38.68293],[-120.12004,38.68293],[-120.11981,38.68271],[-120.11967,38.68259],[-120.11957,38.68251],[-120.11946,38.68243],[-120.11941,38.6824],[-120.11922,38.68228],[-120.11861,38.68191],[-120.11832,38.68174],[-120.11796,38.68153],[-120.11736,38.68116],[-120.11722,38.68108],[-120.11704,38.68097],[-120.11684,38.68082],[-120.11677,38.68075],[-120.11673,38.68071],[-120.11671,38.68067],[-120.11665,38.6806],[-120.11662,38.68056],[-120.11658,38.6805],[-120.11653,38.68044],[-120.11651,38.68039],[-120.1165,38.68037],[-120.11647,38.68031],[-120.11644,38.68022],[-120.11644,38.6802],[-120.11642,38.68008],[-120.11641,38.67998],[-120.11641,38.67978],[-120.11643,38.67971],[-120.11645,38.67963],[-120.11649,38.6795],[-120.11652,38.67939],[-120.11666,38.67906],[-120.11685,38.67865],[-120.11689,38.67856],[-120.11696,38.67841],[-120.11697,38.67839],[-120.11726,38.67774],[-120.11742,38.67739],[-120.11746,38.6773],[-120.11764,38.6769],[-120.11788,38.67642],[-120.11811,38.67592],[-120.11811,38.67591],[-120.11827,38.67558],[-120.11833,38.67545],[-120.11849,38.67508],[-120.11857,38.67491],[-120.11865,38.67474],[-120.11872,38.67456],[-120.11887,38.67424],[-120.11898,38.67403],[-120.11916,38.67375],[-120.1192,38.67369],[-120.11926,38.6736],[-120.11939,38.67345],[-120.11941,38.67343],[-120.11954,38.67328],[-120.11957,38.67324],[-120.11984,38.67295],[-120.11994,38.67284],[-120.12049,38.67226],[-120.12089,38.67186],[-120.12116,38.67156],[-120.12129,38.67137],[-120.12137,38.67122],[-120.12147,38.67101],[-120.12149,38.67096],[-120.12153,38.67083],[-120.12155,38.67077],[-120.1216,38.67055],[-120.1216,38.67054],[-120.12176,38.66988],[-120.12209,38.66855],[-120.12215,38.66821],[-120.12215,38.66819],[-120.12219,38.66799],[-120.12225,38.66769],[-120.12231,38.66738],[-120.12231,38.66738],[-120.12216,38.66736],[-120.12213,38.66735],[-120.12209,38.66733],[-120.12207,38.66731],[-120.12204,38.66728],[-120.12203,38.66725],[-120.12203,38.6672],[-120.12206,38.6671],[-120.12209,38.667],[-120.1221,38.66699],[-120.1221,38.66698],[-120.12218,38.66682],[-120.12221,38.66674],[-120.12225,38.66668],[-120.12226,38.66666],[-120.1223,38.66659],[-120.12237,38.66651],[-120.12238,38.6665],[-120.12249,38.6664],[-120.12263,38.66632],[-120.12273,38.66627],[-120.12277,38.66626],[-120.12294,38.66619],[-120.12296,38.66619],[-120.12306,38.66614],[-120.12313,38.6661],[-120.1233,38.66598],[-120.12346,38.66588],[-120.124,38.66554],[-120.12421,38.66543],[-120.12429,38.66539],[-120.12441,38.66534],[-120.12457,38.66527],[-120.12502,38.66509],[-120.12523,38.66501],[-120.12532,38.66497],[-120.12544,38.66493],[-120.12549,38.66491],[-120.1258,38.66478],[-120.12594,38.66473],[-120.12601,38.66472],[-120.12606,38.66472],[-120.12614,38.66473],[-120.12621,38.66475],[-120.12629,38.6648],[-120.12634,38.66485],[-120.12634,38.66485],[-120.12647,38.66476],[-120.12651,38.66474],[-120.12671,38.66458],[-120.12721,38.66418],[-120.12748,38.66396],[-120.12763,38.66383],[-120.12774,38.66374],[-120.12779,38.6637],[-120.12818,38.66336],[-120.12825,38.6633],[-120.12841,38.66317],[-120.12889,38.66278],[-120.12921,38.66252],[-120.12953,38.66225],[-120.1307,38.66129],[-120.13089,38.66114],[-120.13121,38.66085],[-120.13148,38.66057],[-120.13158,38.66046],[-120.13168,38.66035],[-120.13188,38.66009],[-120.13201,38.65989],[-120.13203,38.65985],[-120.13204,38.65983],[-120.13219,38.65953],[-120.1323,38.65926],[-120.1328,38.658],[-120.13306,38.65738],[-120.13328,38.65685],[-120.13332,38.65678],[-120.1334,38.65663],[-120.13352,38.65646],[-120.13368,38.65627],[-120.13387,38.65606],[-120.13414,38.65573],[-120.13425,38.65558],[-120.13429,38.65552],[-120.13438,38.65539],[-120.13439,38.65536],[-120.1345,38.65511],[-120.13457,38.65489],[-120.13457,38.65487],[-120.1346,38.65472],[-120.13461,38.65461],[-120.13461,38.65448],[-120.13461,38.65436],[-120.1346,38.65433],[-120.13459,38.65425],[-120.13457,38.6541],[-120.13453,38.65396],[-120.13446,38.65376],[-120.13437,38.65356],[-120.13431,38.65347],[-120.13426,38.65338],[-120.13413,38.65321],[-120.13396,38.65302],[-120.13383,38.65291],[-120.13374,38.65283],[-120.13365,38.65276],[-120.13346,38.65263],[-120.13322,38.65248],[-120.13267,38.65217],[-120.13251,38.65202],[-120.13224,38.65182],[-120.13211,38.65172],[-120.13195,38.65155],[-120.13184,38.65141],[-120.13169,38.6512],[-120.1315,38.65082],[-120.13145,38.65069],[-120.1314,38.65049],[-120.13136,38.65027],[-120.13134,38.64998],[-120.13134,38.64975],[-120.13136,38.6496],[-120.13138,38.64948],[-120.13142,38.64933],[-120.1315,38.64911],[-120.13153,38.64905],[-120.13162,38.64889],[-120.13165,38.64884],[-120.13181,38.64862],[-120.13181,38.64862],[-120.13193,38.64858],[-120.132,38.64856],[-120.13207,38.64853],[-120.13211,38.64852],[-120.13217,38.64849],[-120.13224,38.64846],[-120.13235,38.64839],[-120.13243,38.64833],[-120.13252,38.64827],[-120.13256,38.64823],[-120.13256,38.64822],[-120.13262,38.64816],[-120.13271,38.64803],[-120.13278,38.64791],[-120.13281,38.64785],[-120.13287,38.64774],[-120.13292,38.64766],[-120.13298,38.64759],[-120.13307,38.64747],[-120.1331,38.64744],[-120.13316,38.64738],[-120.13327,38.64731],[-120.1333,38.6473],[-120.13346,38.6472],[-120.13356,38.64714],[-120.13361,38.6471],[-120.13363,38.64709],[-120.13367,38.64704],[-120.13372,38.64696],[-120.13375,38.6469],[-120.13377,38.6468],[-120.13378,38.64675],[-120.1338,38.64669],[-120.13382,38.64662],[-120.13384,38.64658],[-120.13389,38.6465],[-120.134,38.64636],[-120.13408,38.64627],[-120.13414,38.6462],[-120.13421,38.64613],[-120.13422,38.64612],[-120.13429,38.64606],[-120.13439,38.64598],[-120.13451,38.64588],[-120.13472,38.64573],[-120.13484,38.64566],[-120.13487,38.64563],[-120.13491,38.6456],[-120.13501,38.64548],[-120.13503,38.64545],[-120.13512,38.64533],[-120.13524,38.64513],[-120.13538,38.64485],[-120.13539,38.64483],[-120.13548,38.64466],[-120.13551,38.64461],[-120.13557,38.64449],[-120.13562,38.64439],[-120.13567,38.64421],[-120.1357,38.64406],[-120.13573,38.64396],[-120.13575,38.64379],[-120.13575,38.64377],[-120.13578,38.64364],[-120.13579,38.64362],[-120.13585,38.64344],[-120.13589,38.64334],[-120.136,38.6431],[-120.13606,38.64298],[-120.13608,38.64293],[-120.13621,38.64272],[-120.13641,38.64244],[-120.13649,38.64229],[-120.13658,38.64213],[-120.13662,38.64206],[-120.13665,38.64197],[-120.13666,38.64191],[-120.13667,38.64186],[-120.13667,38.64178],[-120.13668,38.6417],[-120.13669,38.64161],[-120.13671,38.64155],[-120.13675,38.64147],[-120.13682,38.64137],[-120.13687,38.64132],[-120.13693,38.64128],[-120.13701,38.64125],[-120.13711,38.6412],[-120.13713,38.64119],[-120.13737,38.64108],[-120.13758,38.64098],[-120.13764,38.64094],[-120.13767,38.64091],[-120.13772,38.64085],[-120.13777,38.64078],[-120.13784,38.64066],[-120.13789,38.64058],[-120.13799,38.64041],[-120.13802,38.64036],[-120.1381,38.64023],[-120.13824,38.64006],[-120.13844,38.63988],[-120.13856,38.6398],[-120.1387,38.63971],[-120.13889,38.63962],[-120.13889,38.63962],[-120.13926,38.63927],[-120.13933,38.63919],[-120.13941,38.6391],[-120.13945,38.63905],[-120.13949,38.639],[-120.1395,38.63896],[-120.13952,38.63889],[-120.13953,38.63882],[-120.13953,38.63866],[-120.13953,38.63855],[-120.13955,38.63848],[-120.13957,38.6384],[-120.13961,38.63834],[-120.13965,38.63825],[-120.13973,38.63816],[-120.13978,38.6381],[-120.13985,38.63805],[-120.13986,38.63804],[-120.13994,38.638],[-120.1401,38.63794],[-120.14028,38.63789],[-120.14049,38.63783],[-120.14071,38.63777],[-120.14091,38.63771],[-120.14093,38.6377],[-120.1411,38.63767],[-120.14119,38.63766],[-120.14132,38.63765],[-120.14138,38.63765],[-120.14141,38.63766],[-120.14151,38.63767],[-120.14161,38.63769],[-120.14171,38.63772],[-120.14178,38.63775],[-120.14186,38.63779],[-120.142,38.63788],[-120.14204,38.6379],[-120.14218,38.63798],[-120.14237,38.63809],[-120.14291,38.63843],[-120.14309,38.63854],[-120.14326,38.63865],[-120.14344,38.63876],[-120.14362,38.63888],[-120.14375,38.63896],[-120.144,38.63909],[-120.14418,38.63918],[-120.14419,38.63919],[-120.14431,38.63928],[-120.1445,38.63945],[-120.14456,38.6395],[-120.14487,38.63965],[-120.14488,38.63965],[-120.14506,38.63969],[-120.1453,38.63969],[-120.14533,38.63969],[-120.14534,38.63969],[-120.14568,38.63967],[-120.14596,38.63961],[-120.14622,38.63952],[-120.14631,38.63949],[-120.14644,38.63946],[-120.1466,38.63942],[-120.14685,38.63936],[-120.14699,38.63928],[-120.14704,38.63925],[-120.1471,38.63919],[-120.14719,38.63912],[-120.14722,38.63909],[-120.14729,38.63902],[-120.14736,38.63892],[-120.14742,38.63882],[-120.14753,38.63865],[-120.14762,38.63851],[-120.14763,38.63849],[-120.14773,38.63833],[-120.14777,38.63828],[-120.14788,38.6382],[-120.14791,38.63818],[-120.14808,38.6381],[-120.14819,38.63805],[-120.14828,38.63801],[-120.14837,38.63797],[-120.14847,38.63785],[-120.14846,38.63767],[-120.14845,38.63747],[-120.14845,38.63747],[-120.14937,38.637],[-120.15115,38.63611],[-120.15135,38.63601],[-120.15193,38.63572],[-120.15222,38.63557],[-120.15367,38.63485],[-120.15478,38.6343],[-120.15581,38.63378],[-120.15633,38.63352],[-120.15702,38.63319],[-120.15735,38.63304],[-120.15767,38.63293],[-120.15792,38.63285],[-120.15799,38.63283],[-120.1583,38.63275],[-120.15843,38.63273],[-120.15865,38.63268],[-120.1587,38.63267],[-120.15894,38.63263],[-120.15913,38.63261],[-120.15927,38.6326],[-120.15946,38.63259],[-120.15974,38.63258],[-120.15997,38.63258],[-120.16015,38.63258],[-120.16034,38.63259],[-120.16077,38.63262],[-120.16094,38.63263],[-120.16117,38.63265],[-120.1615,38.63267],[-120.16278,38.63276],[-120.16356,38.63281],[-120.164,38.63284],[-120.16429,38.63285],[-120.16458,38.63286],[-120.16484,38.63286],[-120.16493,38.63286],[-120.16507,38.63286],[-120.16525,38.63285],[-120.16544,38.63284],[-120.16553,38.63284],[-120.16558,38.63283],[-120.16577,38.63282],[-120.16603,38.63279],[-120.16622,38.63277],[-120.16623,38.63277],[-120.16642,38.63275],[-120.16662,38.63272],[-120.16683,38.63269],[-120.16701,38.63266],[-120.16714,38.63264],[-120.16731,38.6326],[-120.16735,38.6326],[-120.16743,38.63258],[-120.16756,38.63255],[-120.16772,38.63251],[-120.16798,38.63244],[-120.16823,38.63238],[-120.16844,38.63232],[-120.16868,38.63226],[-120.16888,38.63221],[-120.16917,38.63214],[-120.16947,38.63207],[-120.16954,38.63206],[-120.16969,38.63203],[-120.16982,38.63201],[-120.17,38.63199],[-120.1701,38.63198],[-120.17029,38.63197],[-120.1705,38.63195],[-120.17067,38.63195],[-120.17085,38.63195],[-120.17122,38.63198],[-120.1716,38.63201],[-120.17176,38.63202],[-120.17206,38.63204],[-120.17229,38.63206],[-120.17261,38.63209],[-120.17275,38.6321],[-120.17298,38.63211],[-120.17321,38.63213],[-120.17354,38.63216],[-120.17366,38.63217],[-120.1738,38.63219],[-120.17389,38.6322],[-120.174,38.63222],[-120.17418,38.63225],[-120.17434,38.63228],[-120.17451,38.63232],[-120.17464,38.63235],[-120.17475,38.63239],[-120.1749,38.63244],[-120.17505,38.63249],[-120.17519,38.63254],[-120.17536,38.63261],[-120.17554,38.63269],[-120.17573,38.63279],[-120.17595,38.63291],[-120.17607,38.63296],[-120.1762,38.63302],[-120.17651,38.63315],[-120.17666,38.63321],[-120.17677,38.63325],[-120.17684,38.63327],[-120.17693,38.63329],[-120.17709,38.63333],[-120.17721,38.63336],[-120.17731,38.63338],[-120.17744,38.63341],[-120.17759,38.63343],[-120.17767,38.63344],[-120.17782,38.63346],[-120.17786,38.63346],[-120.17804,38.63347],[-120.17805,38.63348],[-120.1782,38.63348],[-120.17836,38.63348],[-120.1785,38.63348],[-120.17851,38.63348],[-120.1786,38.63348],[-120.17873,38.63347],[-120.17874,38.63347],[-120.17887,38.63346],[-120.17897,38.63345],[-120.17901,38.63344],[-120.17913,38.63343],[-120.1792,38.63342],[-120.17929,38.6334],[-120.17946,38.63337],[-120.17961,38.63334],[-120.17979,38.63329],[-120.17986,38.63327],[-120.17987,38.63326],[-120.17999,38.63323],[-120.18016,38.63317],[-120.18039,38.63309],[-120.18078,38.63294],[-120.18098,38.63287],[-120.18098,38.63287],[-120.18105,38.63289],[-120.18115,38.63292],[-120.18118,38.63291],[-120.1814,38.63283],[-120.18158,38.63276],[-120.18194,38.63269],[-120.18225,38.63263],[-120.18249,38.63255],[-120.1827,38.63247],[-120.18289,38.6324],[-120.1829,38.6324],[-120.18333,38.63226],[-120.18339,38.63223],[-120.18353,38.63217],[-120.18383,38.63202],[-120.18393,38.63199],[-120.18438,38.63181],[-120.18477,38.63171],[-120.18502,38.63165],[-120.18521,38.63159],[-120.18542,38.63153],[-120.18581,38.63141],[-120.18631,38.63134],[-120.18674,38.63127],[-120.18687,38.63125],[-120.18698,38.63123],[-120.18719,38.63119],[-120.18742,38.63114],[-120.18776,38.63112],[-120.18835,38.6311],[-120.18845,38.63109],[-120.18846,38.63109],[-120.18925,38.63111],[-120.18973,38.63112],[-120.18991,38.63112],[-120.18996,38.63112],[-120.19014,38.63113],[-120.19019,38.63113],[-120.19028,38.63114],[-120.19052,38.63121],[-120.19097,38.63122],[-120.19133,38.63121],[-120.19144,38.63121],[-120.19156,38.63122],[-120.19181,38.63123],[-120.19197,38.63122],[-120.19217,38.63121],[-120.19229,38.63121],[-120.19242,38.6312],[-120.19248,38.6312],[-120.19249,38.63119],[-120.1926,38.63117],[-120.19265,38.63116],[-120.1927,38.63114],[-120.19271,38.63114],[-120.19288,38.63106],[-120.1929,38.63105],[-120.19306,38.63096],[-120.19308,38.63095],[-120.19339,38.63079],[-120.19382,38.63059],[-120.19387,38.63057],[-120.19414,38.63046],[-120.19427,38.6304],[-120.19433,38.63038],[-120.19453,38.63026],[-120.19472,38.63017],[-120.19501,38.63003],[-120.19505,38.63001],[-120.19522,38.62994],[-120.19546,38.62985],[-120.19548,38.62984],[-120.19564,38.62979],[-120.19567,38.62978],[-120.19581,38.62973],[-120.19588,38.6297],[-120.19597,38.62965],[-120.19608,38.62962],[-120.19609,38.62961],[-120.1962,38.62958],[-120.1963,38.62956],[-120.19632,38.62955],[-120.19652,38.6295],[-120.19678,38.62944],[-120.19698,38.6294],[-120.1971,38.62937],[-120.19718,38.62935],[-120.19719,38.62935],[-120.19729,38.62929],[-120.1974,38.62921],[-120.19746,38.62916],[-120.19752,38.62911],[-120.19753,38.62911],[-120.19757,38.62907],[-120.19764,38.62898],[-120.19765,38.62896],[-120.1977,38.62889],[-120.19775,38.6288],[-120.19783,38.62866],[-120.19785,38.62864],[-120.19793,38.62847],[-120.19796,38.62843],[-120.19802,38.62831],[-120.1981,38.62814],[-120.19814,38.62806],[-120.19816,38.628],[-120.19817,38.62792],[-120.19816,38.62783],[-120.19814,38.62779],[-120.19812,38.62774],[-120.19808,38.62767],[-120.19804,38.62763],[-120.19797,38.62753],[-120.19792,38.62747],[-120.19786,38.62739],[-120.19776,38.62729],[-120.19768,38.62717],[-120.19763,38.6271],[-120.19758,38.62703],[-120.19757,38.62701],[-120.19754,38.62695],[-120.19751,38.62684],[-120.19751,38.62676],[-120.19752,38.62666],[-120.19753,38.62664],[-120.19756,38.62648],[-120.19757,38.62645],[-120.19761,38.62639],[-120.19767,38.62633],[-120.19772,38.62628],[-120.19779,38.62622],[-120.19783,38.6262],[-120.19794,38.62612],[-120.19801,38.62608],[-120.19804,38.62606],[-120.19819,38.62598],[-120.1982,38.62598],[-120.19832,38.62592],[-120.1984,38.62589],[-120.19843,38.62588],[-120.19854,38.62585],[-120.19861,38.62583],[-120.19865,38.62581],[-120.19881,38.62577],[-120.19883,38.62576],[-120.19889,38.62575],[-120.19896,38.62574],[-120.19905,38.62574],[-120.19925,38.62573],[-120.19928,38.62573],[-120.19941,38.62572],[-120.1996,38.62571],[-120.19973,38.6257],[-120.19995,38.62565],[-120.19996,38.62565],[-120.20013,38.6256],[-120.20018,38.62558],[-120.20029,38.62555],[-120.20042,38.62553],[-120.20051,38.62552],[-120.20061,38.62549],[-120.20071,38.62547],[-120.20079,38.62544],[-120.20089,38.62538],[-120.20102,38.62531],[-120.20112,38.62524],[-120.20119,38.62519],[-120.20122,38.62517],[-120.20135,38.62506],[-120.20136,38.62505],[-120.20148,38.62492],[-120.20149,38.62492],[-120.20159,38.62483],[-120.20164,38.62478],[-120.20166,38.62476],[-120.20173,38.6247],[-120.2018,38.62466],[-120.20181,38.62466],[-120.20188,38.62464],[-120.20196,38.62461],[-120.20205,38.6246],[-120.20215,38.62458],[-120.20232,38.62458],[-120.20246,38.62459],[-120.20264,38.62463],[-120.20282,38.62468],[-120.20299,38.62476],[-120.2031,38.62482],[-120.20315,38.62485],[-120.20328,38.62493],[-120.20331,38.62495],[-120.20338,38.62501],[-120.20343,38.62507],[-120.20345,38.62509],[-120.20352,38.62517],[-120.20356,38.62522],[-120.2036,38.62528],[-120.20365,38.62538],[-120.20366,38.62539],[-120.2037,38.62557],[-120.20377,38.62582],[-120.20378,38.62591],[-120.2038,38.62605],[-120.20381,38.62609],[-120.20384,38.62623],[-120.20387,38.62632],[-120.20391,38.62644],[-120.20398,38.62654],[-120.20399,38.62656],[-120.20415,38.62671],[-120.20423,38.62677],[-120.20436,38.62684],[-120.20437,38.62684],[-120.2045,38.62689],[-120.2047,38.62694],[-120.20479,38.62696],[-120.20479,38.62696],[-120.20488,38.62705],[-120.20495,38.62711],[-120.20501,38.62717],[-120.20513,38.62727],[-120.20527,38.62737],[-120.20547,38.6275],[-120.20556,38.62755],[-120.2057,38.62763],[-120.20584,38.6277],[-120.20596,38.62775],[-120.20606,38.62779],[-120.20637,38.62791],[-120.20651,38.62796],[-120.20661,38.62798],[-120.20671,38.62801],[-120.2068,38.62802],[-120.20681,38.62802],[-120.20689,38.62804],[-120.20698,38.62805],[-120.20704,38.62806],[-120.20708,38.62806],[-120.20725,38.62808],[-120.20739,38.62809],[-120.20764,38.62811],[-120.20799,38.62812],[-120.20799,38.62812],[-120.2081,38.62814],[-120.20818,38.62816],[-120.20833,38.62818],[-120.20844,38.62821],[-120.2085,38.62823],[-120.20853,38.62824],[-120.20856,38.62825],[-120.20857,38.62825],[-120.2086,38.62827],[-120.20864,38.6283],[-120.20871,38.62838],[-120.20873,38.6285],[-120.20883,38.62862],[-120.20894,38.62868],[-120.20896,38.62869],[-120.20912,38.62875],[-120.20914,38.62875],[-120.20927,38.62876],[-120.20937,38.62875],[-120.20944,38.62875],[-120.2096,38.62872],[-120.20963,38.62872],[-120.20984,38.6287],[-120.21017,38.62868],[-120.21065,38.62879],[-120.21127,38.62896],[-120.21143,38.62901],[-120.212,38.62908],[-120.212,38.62908],[-120.21203,38.62903],[-120.21208,38.62892],[-120.2121,38.62891],[-120.21211,38.62891],[-120.21212,38.62891],[-120.21214,38.62891],[-120.21215,38.62891],[-120.21217,38.62891],[-120.2122,38.62893],[-120.21244,38.62901],[-120.21252,38.62903],[-120.21284,38.62905],[-120.21295,38.62905],[-120.21298,38.62905],[-120.21305,38.62904],[-120.2132,38.62899],[-120.21328,38.62897],[-120.21368,38.6288],[-120.21398,38.62862],[-120.21416,38.62851],[-120.21422,38.62847],[-120.21436,38.62843],[-120.21458,38.62836],[-120.21478,38.6283],[-120.21499,38.62821],[-120.21502,38.62819],[-120.21515,38.62808],[-120.21531,38.62795],[-120.21542,38.62785],[-120.21545,38.62781],[-120.21557,38.62765],[-120.21568,38.6275],[-120.2157,38.62748],[-120.21572,38.62741],[-120.21582,38.62715],[-120.21585,38.62706],[-120.2159,38.62688],[-120.21593,38.6268],[-120.21594,38.62671],[-120.21596,38.6266],[-120.21594,38.62653],[-120.21592,38.62645],[-120.2159,38.62637],[-120.2159,38.62635],[-120.21587,38.62627],[-120.21578,38.62601],[-120.21577,38.62599],[-120.21574,38.62593],[-120.21568,38.62584],[-120.21561,38.62571],[-120.21559,38.62568],[-120.21554,38.62561],[-120.21548,38.62552],[-120.2154,38.62542],[-120.21524,38.62521],[-120.21522,38.62518],[-120.2152,38.62514],[-120.2151,38.62497],[-120.2151,38.62496],[-120.21506,38.62488],[-120.21503,38.6248],[-120.21499,38.62471],[-120.21492,38.62455],[-120.21492,38.62454],[-120.21475,38.62421],[-120.21471,38.62407],[-120.21471,38.62403],[-120.21472,38.62396],[-120.21474,38.6238],[-120.21475,38.62377],[-120.21478,38.62367],[-120.21484,38.6235],[-120.21487,38.62343],[-120.21487,38.62342],[-120.2149,38.62333],[-120.21493,38.62325],[-120.21497,38.62315],[-120.21498,38.62313],[-120.21501,38.62308],[-120.21504,38.62305],[-120.21509,38.623],[-120.21519,38.62292],[-120.21525,38.62288],[-120.21543,38.62276],[-120.21552,38.62272],[-120.21563,38.62267],[-120.21583,38.62259],[-120.21593,38.62255],[-120.21604,38.62251],[-120.21613,38.62247],[-120.21624,38.62242],[-120.21633,38.62239],[-120.21645,38.62234],[-120.2165,38.62232],[-120.21654,38.62231],[-120.21666,38.62227],[-120.21676,38.62224],[-120.21687,38.62221],[-120.21697,38.62218],[-120.21709,38.62214],[-120.21717,38.62212],[-120.21718,38.62211],[-120.21729,38.62206],[-120.21758,38.62192],[-120.21768,38.62187],[-120.21813,38.62166],[-120.21838,38.62157],[-120.21845,38.62155],[-120.2185,38.62154],[-120.21878,38.62148],[-120.21905,38.62148],[-120.21918,38.62147],[-120.21928,38.62147],[-120.21941,38.62147],[-120.21974,38.62147],[-120.21987,38.62146],[-120.21989,38.62146],[-120.21997,38.62145],[-120.22009,38.62142],[-120.22031,38.62137],[-120.22031,38.62137],[-120.22032,38.62136],[-120.22033,38.62132],[-120.22038,38.62127],[-120.22041,38.62122],[-120.22044,38.62115],[-120.22045,38.62106],[-120.22046,38.621],[-120.22043,38.62089],[-120.22042,38.62086],[-120.2204,38.62083],[-120.22038,38.62079],[-120.22034,38.62074],[-120.22029,38.62071],[-120.22028,38.6207],[-120.22023,38.62065],[-120.22018,38.62061],[-120.22015,38.62057],[-120.22011,38.62051],[-120.22005,38.62043],[-120.21997,38.6203],[-120.21993,38.62022],[-120.21992,38.62019],[-120.21993,38.62012],[-120.2198,38.62002],[-120.21978,38.61994],[-120.21973,38.61948],[-120.21972,38.61941],[-120.21971,38.61914],[-120.21973,38.61905],[-120.21975,38.61897],[-120.21976,38.61894],[-120.21979,38.61888],[-120.21983,38.61879],[-120.21984,38.61878],[-120.21989,38.61871],[-120.21997,38.61862],[-120.22013,38.6185],[-120.22022,38.61842],[-120.22046,38.61825],[-120.2207,38.61808],[-120.221,38.61785],[-120.22116,38.61778],[-120.2212,38.61776],[-120.22151,38.61761],[-120.22155,38.6176],[-120.22199,38.61749],[-120.22243,38.61739],[-120.22296,38.61727],[-120.22305,38.61723],[-120.22314,38.61718],[-120.22319,38.61713],[-120.22323,38.61708],[-120.22326,38.61706],[-120.22334,38.61692],[-120.22336,38.61686],[-120.22337,38.6168],[-120.22336,38.61674],[-120.22334,38.61668],[-120.22331,38.61663],[-120.22314,38.61648],[-120.2231,38.61646],[-120.22306,38.61645],[-120.22298,38.61641],[-120.22289,38.61633],[-120.22278,38.61623],[-120.22277,38.61621],[-120.2227,38.6161],[-120.22263,38.616],[-120.22254,38.6158],[-120.22248,38.61564],[-120.22246,38.61554],[-120.22245,38.61546],[-120.22245,38.61539],[-120.22247,38.61531],[-120.22252,38.61518],[-120.22259,38.61505],[-120.22275,38.61488],[-120.22294,38.61468],[-120.22303,38.61461],[-120.22322,38.61444],[-120.22334,38.61433],[-120.22365,38.61407],[-120.22388,38.61387],[-120.22445,38.61352],[-120.22452,38.61348],[-120.22465,38.61338],[-120.22484,38.61324],[-120.22491,38.61317],[-120.22495,38.61311],[-120.22497,38.61304],[-120.22499,38.61296],[-120.225,38.6129],[-120.225,38.61288],[-120.22499,38.61281],[-120.22498,38.61272],[-120.22496,38.61265],[-120.22481,38.61237],[-120.22476,38.61229],[-120.22472,38.6122],[-120.22468,38.61204],[-120.22464,38.61192],[-120.22462,38.61172],[-120.22465,38.61157],[-120.22472,38.61142],[-120.22485,38.61127],[-120.22519,38.61102],[-120.22546,38.61088],[-120.22602,38.61056],[-120.2262,38.61045],[-120.22634,38.61037],[-120.22653,38.61027],[-120.2266,38.61017],[-120.22666,38.61005],[-120.22668,38.60986],[-120.22666,38.60967],[-120.22656,38.60896],[-120.22651,38.60871],[-120.2265,38.60846],[-120.22649,38.60838],[-120.22648,38.60825],[-120.22647,38.6082],[-120.22646,38.60814],[-120.22643,38.60805],[-120.22638,38.60796],[-120.2263,38.60784],[-120.22619,38.60772],[-120.22605,38.60758],[-120.22591,38.60743],[-120.22551,38.607],[-120.22537,38.60685],[-120.22536,38.60684],[-120.22501,38.60646],[-120.22481,38.60624],[-120.22469,38.60613],[-120.22427,38.6057],[-120.22425,38.60569],[-120.22411,38.60549],[-120.22404,38.60539],[-120.22397,38.60527],[-120.22384,38.60506],[-120.22375,38.6049],[-120.22373,38.60487],[-120.22359,38.60461],[-120.22356,38.60457],[-120.22348,38.60439],[-120.22346,38.60425],[-120.22346,38.60417],[-120.22346,38.60409],[-120.22347,38.60404],[-120.22348,38.60399],[-120.22349,38.6039],[-120.22351,38.60384],[-120.22354,38.60379],[-120.22363,38.60371],[-120.2238,38.60368],[-120.22384,38.60366],[-120.22392,38.60364],[-120.224,38.60359],[-120.22402,38.60356],[-120.22406,38.60351],[-120.22412,38.60339],[-120.2242,38.60321],[-120.22429,38.60309],[-120.22431,38.60307],[-120.22439,38.60302],[-120.22449,38.60296],[-120.22471,38.60282],[-120.22487,38.60276],[-120.2249,38.60275],[-120.22501,38.60271],[-120.2251,38.60266],[-120.22546,38.60249],[-120.22576,38.60234],[-120.22584,38.60228],[-120.22615,38.60208],[-120.22619,38.60205],[-120.22643,38.60186],[-120.2268,38.60157],[-120.22685,38.60155],[-120.22712,38.60139],[-120.22721,38.60133],[-120.22739,38.60121],[-120.22777,38.60096],[-120.22805,38.60084],[-120.2282,38.60078],[-120.22835,38.60073],[-120.2284,38.60072],[-120.22864,38.60065],[-120.22879,38.60063],[-120.2288,38.60063],[-120.22897,38.60063],[-120.22948,38.60066],[-120.22986,38.60069],[-120.23041,38.60067],[-120.23063,38.60064],[-120.23076,38.60062],[-120.23085,38.60061],[-120.23102,38.60058],[-120.23147,38.60043],[-120.2317,38.60033],[-120.23189,38.60025],[-120.23208,38.60018],[-120.23211,38.60016],[-120.23225,38.60007],[-120.23228,38.60005],[-120.23244,38.59994],[-120.23253,38.59985],[-120.23258,38.59978],[-120.23261,38.59975],[-120.23265,38.59957],[-120.23266,38.59933],[-120.23265,38.59907],[-120.23266,38.59891],[-120.23266,38.59889],[-120.23265,38.59878],[-120.23266,38.59848],[-120.23267,38.59835],[-120.23268,38.59818],[-120.23272,38.59781],[-120.23276,38.59759],[-120.23279,38.59741],[-120.23282,38.59729],[-120.23282,38.59728],[-120.23285,38.59713],[-120.23289,38.59702],[-120.23291,38.59689],[-120.23292,38.5968],[-120.23292,38.59664],[-120.2329,38.59645],[-120.23289,38.59639],[-120.23289,38.59632],[-120.23281,38.59603],[-120.23275,38.59557],[-120.23274,38.5955],[-120.23269,38.59496],[-120.23268,38.59488],[-120.23268,38.59478],[-120.23268,38.59464],[-120.23265,38.5943],[-120.23265,38.59424],[-120.23266,38.59412],[-120.23266,38.59406],[-120.23267,38.59401],[-120.23267,38.59395],[-120.23266,38.59389],[-120.23265,38.59382],[-120.23258,38.59369],[-120.23236,38.5934],[-120.23224,38.59325],[-120.23217,38.59316],[-120.23198,38.59295],[-120.23196,38.59293],[-120.23179,38.59271],[-120.23175,38.59264],[-120.23172,38.59259],[-120.23165,38.59242],[-120.23161,38.5923],[-120.23159,38.59226],[-120.23152,38.592],[-120.23151,38.59195],[-120.23151,38.59191],[-120.23151,38.59181],[-120.23154,38.59166],[-120.23165,38.59137],[-120.23179,38.59108],[-120.23189,38.59092],[-120.23211,38.5906],[-120.23223,38.59045],[-120.23228,38.5904],[-120.23233,38.59029],[-120.23242,38.59013],[-120.23258,38.58983],[-120.2326,38.58979],[-120.23269,38.58963],[-120.23279,38.58944],[-120.2331,38.58889],[-120.23322,38.58875],[-120.2333,38.58866],[-120.23334,38.58861],[-120.23344,38.58849],[-120.23355,38.58832],[-120.23372,38.58816],[-120.23382,38.58808],[-120.23386,38.58804],[-120.234,38.58793],[-120.23415,38.58783],[-120.23424,38.58777],[-120.23434,38.58773],[-120.23442,38.5877],[-120.23458,38.58764],[-120.2351,38.58754],[-120.23522,38.58753],[-120.23537,38.58751],[-120.23568,38.58751],[-120.23569,38.58751],[-120.23611,38.58747],[-120.23636,38.58741],[-120.23648,38.58738],[-120.23677,38.58726],[-120.23697,38.58717],[-120.23711,38.5871],[-120.23717,38.58708],[-120.23744,38.58694],[-120.23792,38.58667],[-120.23811,38.58656],[-120.2382,38.58651],[-120.23831,38.58647],[-120.23832,38.58646],[-120.23848,38.58643],[-120.23862,38.58642],[-120.23877,38.58642],[-120.23889,38.58641],[-120.23898,38.58639],[-120.23902,38.58638],[-120.23927,38.58633],[-120.23936,38.58634],[-120.23942,38.58635],[-120.2395,38.5864],[-120.2396,38.58646],[-120.23967,38.5865],[-120.23968,38.58651],[-120.23975,38.58655],[-120.23982,38.5866],[-120.23985,38.58663],[-120.23987,38.58665],[-120.23991,38.58671],[-120.23993,38.58676],[-120.23994,38.58681],[-120.23993,38.58687],[-120.2399,38.58694],[-120.23989,38.58697],[-120.23971,38.5873],[-120.23963,38.58743],[-120.23958,38.58755],[-120.23954,38.58763],[-120.23952,38.58766],[-120.23932,38.58794],[-120.2392,38.5881],[-120.23916,38.58815],[-120.23908,38.5883],[-120.23903,38.58843],[-120.23903,38.58845],[-120.239,38.58858],[-120.23899,38.58861],[-120.23898,38.58873],[-120.23897,38.58879],[-120.23898,38.58884],[-120.239,38.58888],[-120.23903,38.5889],[-120.23908,38.58891],[-120.23913,38.58893],[-120.23918,38.58893],[-120.23927,38.5889],[-120.23949,38.58877],[-120.23963,38.58869],[-120.23969,38.58865],[-120.23975,38.58861],[-120.23978,38.58859],[-120.23981,38.58855],[-120.23989,38.58845],[-120.24014,38.58819],[-120.24016,38.58818],[-120.24021,38.58813],[-120.24032,38.58804],[-120.24045,38.58794],[-120.2405,38.58791],[-120.24061,38.58791],[-120.24061,38.58791],[-120.2407,38.58774],[-120.24073,38.58768],[-120.2408,38.58758],[-120.24091,38.58743],[-120.24096,38.58735],[-120.24118,38.58717],[-120.24137,38.58703],[-120.24154,38.58691],[-120.24163,38.58685],[-120.24171,38.58679],[-120.24188,38.58667],[-120.24189,38.58666],[-120.24202,38.58655],[-120.24204,38.58653],[-120.24206,38.58651],[-120.2421,38.58646],[-120.24215,38.58632],[-120.24215,38.58632],[-120.24228,38.58631],[-120.24239,38.58629],[-120.24258,38.58627],[-120.24263,38.58626],[-120.24277,38.58623],[-120.24299,38.58618],[-120.24307,38.58616],[-120.24328,38.58611],[-120.24344,38.58607],[-120.24364,38.58601],[-120.24416,38.58588],[-120.24438,38.58582],[-120.2446,38.58576],[-120.24525,38.58558],[-120.24547,38.58552],[-120.2458,38.58543],[-120.2459,38.58541],[-120.24634,38.58529],[-120.2465,38.58525],[-120.24656,38.58523],[-120.24677,38.58517],[-120.24726,38.58504],[-120.24764,38.58494],[-120.24786,38.58488],[-120.2483,38.58477],[-120.24849,38.58472],[-120.24852,38.58471],[-120.24895,38.58459],[-120.24917,38.58454],[-120.24964,38.58441],[-120.25004,38.5843],[-120.25004,38.5843],[-120.25007,38.58433],[-120.25009,38.58435],[-120.25012,38.58435],[-120.25024,38.58437],[-120.25025,38.58437],[-120.25047,38.58437],[-120.2505,38.58437],[-120.25066,38.58433],[-120.25082,38.58423],[-120.25086,38.5842],[-120.25093,38.58414],[-120.25103,38.58403],[-120.25128,38.58386],[-120.25169,38.58357],[-120.25171,38.58354],[-120.25196,38.58328],[-120.25208,38.58312],[-120.25224,38.58292],[-120.25236,38.5828],[-120.25243,38.58273],[-120.25269,38.58255],[-120.25273,38.58253],[-120.2531,38.58241],[-120.25363,38.58225],[-120.25396,38.58214],[-120.25438,38.582],[-120.25454,38.58195],[-120.25477,38.58192],[-120.25518,38.58175],[-120.25548,38.58164],[-120.25576,38.58154],[-120.256,38.5814],[-120.25604,38.58131],[-120.2561,38.58119],[-120.2562,38.58103],[-120.25623,38.58098],[-120.2564,38.58072],[-120.25677,38.58051],[-120.25685,38.58048],[-120.25719,38.58035],[-120.25749,38.58028],[-120.25785,38.5801],[-120.25795,38.58007],[-120.25802,38.58003],[-120.25815,38.57999],[-120.25834,38.57992],[-120.25859,38.57987],[-120.25862,38.57987],[-120.25874,38.57985],[-120.25898,38.57984],[-120.25927,38.57983],[-120.25947,38.57982],[-120.26019,38.57979],[-120.26042,38.57979],[-120.26054,38.57978],[-120.26073,38.57978],[-120.26091,38.57978],[-120.26098,38.57977],[-120.26104,38.57975],[-120.2612,38.57968],[-120.26129,38.57963],[-120.26132,38.5796],[-120.26144,38.5795],[-120.26156,38.57939],[-120.26177,38.57924],[-120.26194,38.57912],[-120.26195,38.57911],[-120.2622,38.57899],[-120.26247,38.57883],[-120.2625,38.57881],[-120.2626,38.57874],[-120.26279,38.57853],[-120.2628,38.57852],[-120.26292,38.57838],[-120.26299,38.57831],[-120.26306,38.57824],[-120.26319,38.5781],[-120.26334,38.57796],[-120.26334,38.57795],[-120.26347,38.57781],[-120.2637,38.57756],[-120.26388,38.57737],[-120.26416,38.57709],[-120.2642,38.57705],[-120.26431,38.57695],[-120.26446,38.57681],[-120.26454,38.57675],[-120.26477,38.57653],[-120.26488,38.57639],[-120.26499,38.57626],[-120.26509,38.57609],[-120.26526,38.57569],[-120.26532,38.57556],[-120.26555,38.57505],[-120.26565,38.57489],[-120.26573,38.57474],[-120.26574,38.57473],[-120.26587,38.57455],[-120.26601,38.57441],[-120.26617,38.57422],[-120.26622,38.5741],[-120.26633,38.57376],[-120.26634,38.57375],[-120.26637,38.57359],[-120.26643,38.57337],[-120.26653,38.57295],[-120.26657,38.5727],[-120.26658,38.57267],[-120.2666,38.57234],[-120.26661,38.5722],[-120.26662,38.57216],[-120.26663,38.57205],[-120.26664,38.57192],[-120.26662,38.57182],[-120.26661,38.57181],[-120.26659,38.57176],[-120.26652,38.57159],[-120.26628,38.57124],[-120.26623,38.57115],[-120.26615,38.57099],[-120.26607,38.57084],[-120.26592,38.57035],[-120.26585,38.57012],[-120.26579,38.56995],[-120.26574,38.56978],[-120.26573,38.56958],[-120.26573,38.56945],[-120.2658,38.56908],[-120.26588,38.56883],[-120.26605,38.56852],[-120.26616,38.56837],[-120.26647,38.56803],[-120.26675,38.56774],[-120.26682,38.56766],[-120.26711,38.56729],[-120.26726,38.56703],[-120.26732,38.56694],[-120.26735,38.56688],[-120.26735,38.56687],[-120.26736,38.56686],[-120.26736,38.56679],[-120.26738,38.5667],[-120.26739,38.56661],[-120.2674,38.56658],[-120.26745,38.56633],[-120.26749,38.56617],[-120.26749,38.56614],[-120.26752,38.56608],[-120.26753,38.56603],[-120.26755,38.566],[-120.26762,38.56592],[-120.26774,38.56584],[-120.26799,38.56573],[-120.26812,38.5657],[-120.26821,38.56565],[-120.26826,38.56562],[-120.26829,38.56559],[-120.26838,38.56553],[-120.26849,38.56544],[-120.26886,38.56514],[-120.26893,38.56508],[-120.26902,38.56501],[-120.26964,38.56452],[-120.2697,38.56442],[-120.26976,38.56433],[-120.2699,38.56411],[-120.27017,38.5636],[-120.27021,38.56353],[-120.27033,38.56335],[-120.27038,38.56327],[-120.27043,38.56319],[-120.27054,38.56303],[-120.27087,38.56258],[-120.27105,38.56233],[-120.2711,38.56227],[-120.27111,38.56225],[-120.27121,38.56209],[-120.27124,38.56204],[-120.2714,38.56183],[-120.27148,38.5617],[-120.27158,38.56157],[-120.2717,38.56148],[-120.27178,38.56143],[-120.27181,38.5614],[-120.272,38.56128],[-120.27229,38.56105],[-120.27236,38.56098],[-120.27261,38.56078],[-120.27269,38.56073],[-120.27283,38.56063],[-120.27312,38.56052],[-120.27331,38.56042],[-120.27348,38.56029],[-120.27367,38.56017],[-120.27381,38.56003],[-120.27383,38.56001],[-120.27391,38.55994],[-120.27408,38.55979],[-120.27421,38.55966],[-120.27445,38.55943],[-120.27449,38.55938],[-120.27456,38.5593],[-120.2747,38.55921],[-120.27484,38.55916],[-120.27485,38.55915],[-120.275,38.55911],[-120.27521,38.55909],[-120.27529,38.5591],[-120.27554,38.55913],[-120.27562,38.55914],[-120.27574,38.55916],[-120.27578,38.55917],[-120.27605,38.55922],[-120.27639,38.55932],[-120.27665,38.55942],[-120.27699,38.55953],[-120.27721,38.55959],[-120.27735,38.55959],[-120.27738,38.55959],[-120.27748,38.5596],[-120.27758,38.55961],[-120.2777,38.55963],[-120.2779,38.55966],[-120.27793,38.55966],[-120.27804,38.55968],[-120.27816,38.55969],[-120.27827,38.55971],[-120.27843,38.55968],[-120.27847,38.55967],[-120.27848,38.55966],[-120.27854,38.55964],[-120.2786,38.5596],[-120.27862,38.55958],[-120.27864,38.55955],[-120.27871,38.55936],[-120.27871,38.55936],[-120.27886,38.55936],[-120.27901,38.55936],[-120.27914,38.55935],[-120.27926,38.55934],[-120.27937,38.55933],[-120.27949,38.55932],[-120.2796,38.55931],[-120.27975,38.55929],[-120.27985,38.55927],[-120.27996,38.55926],[-120.28008,38.55923],[-120.2802,38.55921],[-120.28029,38.55919],[-120.28038,38.55917],[-120.28053,38.55913],[-120.28061,38.55911],[-120.28066,38.55909],[-120.28078,38.55906],[-120.28088,38.55902],[-120.28102,38.55898],[-120.28111,38.55894],[-120.28118,38.55892],[-120.28144,38.55881],[-120.28147,38.5588],[-120.28159,38.55874],[-120.28173,38.55868],[-120.28183,38.55862],[-120.28186,38.5586],[-120.28188,38.55858],[-120.2819,38.55856],[-120.28197,38.55852],[-120.2821,38.55845],[-120.28221,38.55838],[-120.28229,38.55833],[-120.28245,38.55822],[-120.28247,38.55821],[-120.28266,38.55806],[-120.28296,38.55783],[-120.28355,38.55736],[-120.28355,38.55736],[-120.28359,38.55738],[-120.28364,38.55738],[-120.28369,38.55738],[-120.28386,38.55732],[-120.28397,38.55728],[-120.28407,38.55726],[-120.2843,38.55722],[-120.28452,38.5572],[-120.28476,38.55717],[-120.28521,38.55717],[-120.28535,38.55717],[-120.28544,38.55717],[-120.28567,38.55716],[-120.2859,38.55716],[-120.28609,38.55716],[-120.28613,38.55716],[-120.28636,38.55714],[-120.28705,38.55711],[-120.28727,38.55706],[-120.28781,38.55694],[-120.28838,38.55683],[-120.28856,38.55677],[-120.28897,38.55663],[-120.28924,38.55656],[-120.28963,38.55646],[-120.29003,38.55638],[-120.29034,38.55629],[-120.29054,38.55625],[-120.29058,38.55624],[-120.2906,38.55622],[-120.29062,38.5562],[-120.29062,38.5562],[-120.29263,38.55624],[-120.29355,38.55627],[-120.29401,38.55628],[-120.29424,38.55629],[-120.29493,38.55631],[-120.29498,38.55631],[-120.29516,38.55632],[-120.29585,38.55635],[-120.29655,38.55635],[-120.29673,38.55635],[-120.29694,38.55633],[-120.2971,38.55631],[-120.29721,38.55629],[-120.29734,38.55626],[-120.2975,38.55621],[-120.29765,38.55616],[-120.29765,38.55615],[-120.29783,38.55607],[-120.298,38.55598],[-120.2981,38.5559],[-120.29819,38.55583],[-120.29828,38.55575],[-120.29835,38.55568],[-120.29841,38.55561],[-120.2985,38.5555],[-120.29857,38.55537],[-120.2986,38.55533],[-120.29863,38.55527],[-120.29866,38.55521],[-120.29871,38.55508],[-120.29874,38.55494],[-120.29876,38.55483],[-120.29878,38.55471],[-120.29879,38.55446],[-120.2988,38.55404],[-120.2988,38.55377],[-120.29879,38.55361],[-120.2988,38.55347],[-120.29881,38.55334],[-120.29882,38.55322],[-120.29885,38.55308],[-120.29887,38.55298],[-120.2989,38.55285],[-120.29896,38.55264],[-120.299,38.55254],[-120.29911,38.55227],[-120.29916,38.55216],[-120.29919,38.55209],[-120.29924,38.55198],[-120.29938,38.55175],[-120.29951,38.55156],[-120.29965,38.55136],[-120.29984,38.55112],[-120.30023,38.55068],[-120.3003,38.55059],[-120.30051,38.55036],[-120.30065,38.55021],[-120.30076,38.55009],[-120.30079,38.55007],[-120.30086,38.55],[-120.30094,38.54993],[-120.30103,38.54986],[-120.30113,38.54979],[-120.30125,38.5497],[-120.30132,38.54965],[-120.30141,38.5496],[-120.30151,38.54954],[-120.30165,38.54947],[-120.3018,38.54939],[-120.30203,38.5493],[-120.30213,38.54926],[-120.30222,38.54923],[-120.30229,38.54921],[-120.30237,38.54918],[-120.30256,38.54913],[-120.3028,38.54908],[-120.30314,38.54902],[-120.30343,38.54898],[-120.30383,38.54893],[-120.30392,38.54892],[-120.304,38.54891],[-120.30408,38.5489],[-120.30416,38.54889],[-120.30428,38.54887],[-120.30443,38.54884],[-120.30454,38.54882],[-120.30466,38.54879],[-120.30483,38.54874],[-120.30495,38.5487],[-120.30518,38.54862],[-120.30562,38.54844],[-120.30627,38.54812],[-120.3065,38.54801],[-120.3065,38.54801],[-120.30656,38.54807],[-120.30657,38.54807],[-120.30658,38.54807],[-120.30661,38.54807],[-120.30671,38.54807],[-120.30679,38.54806],[-120.30686,38.54804],[-120.30691,38.54802],[-120.30693,38.54801],[-120.30697,38.548],[-120.30715,38.54787],[-120.30747,38.54777],[-120.30773,38.54771],[-120.30775,38.5477],[-120.30794,38.54766],[-120.30803,38.54764],[-120.30852,38.54748],[-120.30881,38.54739],[-120.30882,38.54739],[-120.30917,38.5473],[-120.30939,38.54725],[-120.30943,38.54724],[-120.30983,38.54714],[-120.31032,38.54702],[-120.31048,38.54697],[-120.31058,38.54695],[-120.3107,38.54692],[-120.31082,38.54688],[-120.31092,38.54686],[-120.31114,38.54681],[-120.31136,38.54676],[-120.31158,38.5467],[-120.31198,38.5466],[-120.31229,38.54647],[-120.31243,38.54642],[-120.31262,38.54636],[-120.31264,38.54636],[-120.31273,38.54634],[-120.31286,38.54632],[-120.31307,38.5463],[-120.31332,38.54634],[-120.31335,38.54634],[-120.31364,38.5464],[-120.31365,38.5464],[-120.31377,38.5464],[-120.31385,38.54639],[-120.31398,38.54634],[-120.31404,38.54633],[-120.31407,38.54631],[-120.31419,38.54626],[-120.31443,38.54616],[-120.31481,38.54598],[-120.31497,38.54588],[-120.31505,38.54583],[-120.31516,38.54578],[-120.31572,38.54551],[-120.31596,38.54542],[-120.31617,38.54535],[-120.3164,38.54527],[-120.31659,38.54522],[-120.31669,38.5452],[-120.31747,38.54501],[-120.31757,38.54499],[-120.31804,38.54487],[-120.31844,38.54482],[-120.31878,38.54482],[-120.31882,38.54483],[-120.31916,38.54488],[-120.31951,38.54496],[-120.3197,38.54502],[-120.31979,38.54505],[-120.31983,38.54507],[-120.32007,38.54516],[-120.3203,38.54528],[-120.32033,38.5453],[-120.32059,38.5454],[-120.32101,38.54553],[-120.32161,38.54557],[-120.32162,38.54557],[-120.32184,38.5456],[-120.32194,38.54562],[-120.32204,38.54563],[-120.3225,38.54567],[-120.32262,38.5457],[-120.32289,38.54576],[-120.32297,38.54577],[-120.32338,38.54587],[-120.3235,38.54589],[-120.32363,38.54591],[-120.32379,38.54594],[-120.32418,38.546],[-120.32419,38.546],[-120.32454,38.54603],[-120.32464,38.54604],[-120.32465,38.54604],[-120.32483,38.54605],[-120.32496,38.54605],[-120.32513,38.54603],[-120.32532,38.546],[-120.32545,38.54597],[-120.32554,38.54594],[-120.32557,38.54594],[-120.3259,38.54584],[-120.32622,38.54575],[-120.32672,38.54556],[-120.32693,38.54549],[-120.32702,38.54546],[-120.32706,38.54544],[-120.32714,38.54542],[-120.32763,38.54526],[-120.32787,38.54518],[-120.32799,38.54514],[-120.32799,38.54513],[-120.32829,38.54506],[-120.32836,38.54505],[-120.32844,38.54506],[-120.32853,38.54509],[-120.32857,38.54511],[-120.32863,38.54515],[-120.32865,38.54517],[-120.32873,38.54524],[-120.32877,38.54529],[-120.32883,38.54535],[-120.32885,38.54537],[-120.32903,38.54557],[-120.32927,38.54589],[-120.32935,38.546],[-120.32944,38.54611],[-120.3297,38.54646],[-120.33001,38.5468],[-120.33011,38.5469],[-120.33043,38.54721],[-120.33044,38.54722],[-120.33051,38.54728],[-120.3306,38.54735],[-120.33075,38.54747],[-120.33093,38.54759],[-120.33114,38.54768],[-120.33121,38.54771],[-120.33123,38.54771],[-120.33136,38.54771],[-120.33154,38.54767],[-120.33176,38.54755],[-120.33177,38.54755],[-120.33185,38.54751],[-120.33194,38.54746],[-120.33196,38.54745],[-120.33216,38.54741],[-120.33236,38.54737],[-120.33253,38.54736],[-120.33273,38.54737],[-120.33345,38.54729],[-120.33355,38.54728],[-120.33367,38.54725],[-120.33389,38.54721],[-120.33391,38.5472],[-120.33415,38.54715],[-120.33434,38.54711],[-120.33455,38.54706],[-120.33478,38.54708],[-120.33479,38.54708],[-120.33502,38.54711],[-120.33528,38.54715],[-120.33557,38.54716],[-120.3357,38.54715],[-120.33579,38.54715],[-120.33595,38.54712],[-120.33614,38.54707],[-120.33624,38.54704],[-120.33636,38.54701],[-120.33646,38.54698],[-120.33703,38.54687],[-120.33742,38.54679],[-120.33747,38.54677],[-120.33779,38.54666],[-120.3379,38.54664],[-120.33799,38.54661],[-120.33809,38.54661],[-120.33818,38.54663],[-120.33828,38.54668],[-120.3384,38.54672],[-120.33855,38.54677],[-120.33865,38.54679],[-120.33886,38.54681],[-120.33899,38.54681],[-120.33909,38.54682],[-120.33945,38.54683],[-120.33949,38.54683],[-120.33974,38.54688],[-120.33989,38.54689],[-120.34021,38.54686],[-120.34043,38.54684],[-120.34054,38.54682],[-120.34065,38.54681],[-120.34078,38.5468],[-120.34081,38.54679],[-120.34093,38.54678],[-120.34104,38.54677],[-120.34108,38.54677],[-120.34118,38.54677],[-120.3413,38.54678],[-120.34141,38.54679],[-120.3415,38.54681],[-120.34155,38.54682],[-120.34172,38.54685],[-120.34187,38.54688],[-120.34202,38.54692],[-120.34215,38.54696],[-120.34228,38.54697],[-120.34239,38.54696],[-120.34247,38.54696],[-120.34296,38.54692],[-120.34331,38.5469],[-120.34344,38.5469],[-120.34357,38.5469],[-120.34365,38.54691],[-120.34378,38.54693],[-120.34392,38.54698],[-120.34408,38.54704],[-120.34487,38.54729],[-120.34508,38.54735],[-120.34509,38.54736],[-120.34525,38.5474],[-120.3453,38.54741],[-120.34544,38.54744],[-120.34565,38.54744],[-120.34584,38.5474],[-120.34597,38.54737],[-120.34607,38.54734],[-120.34642,38.54723],[-120.3467,38.54716],[-120.34695,38.54712],[-120.34707,38.54711],[-120.34713,38.5471],[-120.3473,38.54709],[-120.34745,38.54708],[-120.34778,38.5471],[-120.34815,38.54719],[-120.34819,38.54721],[-120.34861,38.54735],[-120.34864,38.54736],[-120.34883,38.54742],[-120.3489,38.54745],[-120.3492,38.54741],[-120.34927,38.5474],[-120.3495,38.54735],[-120.34962,38.54732],[-120.34971,38.54728],[-120.35,38.54715],[-120.35026,38.54709],[-120.35057,38.54711],[-120.3508,38.54712],[-120.35085,38.54712],[-120.35103,38.54714],[-120.35126,38.54716],[-120.35133,38.54717],[-120.35162,38.54724],[-120.35191,38.54733],[-120.35212,38.5474],[-120.35222,38.54743],[-120.35233,38.54747],[-120.35255,38.54755],[-120.35297,38.54767],[-120.35331,38.54777],[-120.3534,38.5478],[-120.35362,38.54785],[-120.35384,38.5479],[-120.35408,38.54795],[-120.35429,38.54799],[-120.35472,38.54806],[-120.35519,38.54808],[-120.35565,38.548],[-120.35566,38.548],[-120.35606,38.54784],[-120.35622,38.54777],[-120.35645,38.54766],[-120.35665,38.54757],[-120.35687,38.54746],[-120.35696,38.5474],[-120.35703,38.54735],[-120.35707,38.54728],[-120.35708,38.54719],[-120.35708,38.54719],[-120.35722,38.54714],[-120.35723,38.54714],[-120.35736,38.54709],[-120.35764,38.54697],[-120.35767,38.54696],[-120.35784,38.54688],[-120.35802,38.54681],[-120.35804,38.5468],[-120.35824,38.54671],[-120.35904,38.54635],[-120.35924,38.54627],[-120.35984,38.546],[-120.36048,38.54571],[-120.36068,38.54562],[-120.36128,38.54535],[-120.36252,38.54478],[-120.36267,38.54472],[-120.36278,38.54466],[-120.363,38.54458],[-120.36316,38.54452],[-120.36334,38.54447],[-120.36359,38.54441],[-120.36387,38.54436],[-120.36408,38.54433],[-120.36432,38.54431],[-120.36641,38.54421],[-120.36695,38.54418],[-120.36739,38.54415],[-120.36773,38.54414],[-120.36778,38.54414],[-120.36807,38.54413],[-120.36835,38.54414],[-120.36861,38.54415],[-120.36883,38.54417],[-120.36888,38.54417],[-120.36898,38.54419],[-120.36916,38.54421],[-120.36933,38.54423],[-120.36944,38.54425],[-120.36973,38.5443],[-120.37,38.54436],[-120.37001,38.54437],[-120.37022,38.54442],[-120.37033,38.54444],[-120.37088,38.54458],[-120.3715,38.54473],[-120.37167,38.54477],[-120.37199,38.54484],[-120.37216,38.54488],[-120.37234,38.54492],[-120.37238,38.54492],[-120.37252,38.54495],[-120.37261,38.54496],[-120.37266,38.54497],[-120.37282,38.54499],[-120.37292,38.545],[-120.37302,38.54501],[-120.3732,38.54502],[-120.37332,38.54502],[-120.37344,38.54502],[-120.37355,38.54502],[-120.37368,38.54502],[-120.37377,38.54502],[-120.37393,38.54501],[-120.37444,38.54497],[-120.37468,38.54496],[-120.37482,38.54495],[-120.3749,38.54494],[-120.37512,38.54492],[-120.3753,38.5449],[-120.37535,38.5449],[-120.37558,38.54488],[-120.37559,38.54488],[-120.37602,38.54483],[-120.37606,38.54483],[-120.37635,38.54481],[-120.37642,38.5448],[-120.37669,38.54476],[-120.37685,38.54474],[-120.37689,38.54473],[-120.37707,38.54469],[-120.37712,38.54468],[-120.37727,38.54465],[-120.37729,38.54464],[-120.37743,38.54461],[-120.37751,38.54458],[-120.37757,38.54457],[-120.37769,38.54453],[-120.3779,38.54445],[-120.37814,38.54436],[-120.37893,38.544],[-120.37913,38.5439],[-120.37915,38.54389],[-120.37967,38.54365],[-120.37989,38.54355],[-120.38008,38.54346],[-120.38022,38.54338],[-120.38033,38.54331],[-120.38041,38.54326],[-120.38049,38.5432],[-120.38056,38.54315],[-120.38062,38.5431],[-120.38072,38.54301],[-120.38076,38.54297],[-120.38078,38.54295],[-120.38081,38.54292],[-120.38089,38.54282],[-120.38095,38.54275],[-120.381,38.54268],[-120.38102,38.54264],[-120.38105,38.54261],[-120.38108,38.54255],[-120.38112,38.54249],[-120.38114,38.54244],[-120.38117,38.54239],[-120.38122,38.54228],[-120.38125,38.54219],[-120.38129,38.54208],[-120.38133,38.54194],[-120.38136,38.54183],[-120.38141,38.54161],[-120.38145,38.54148],[-120.38146,38.54144],[-120.3815,38.54129],[-120.38154,38.54116],[-120.38158,38.54105],[-120.38163,38.54095],[-120.38168,38.54084],[-120.3818,38.54066],[-120.38188,38.54055],[-120.3819,38.54052],[-120.38194,38.54046],[-120.38202,38.54037],[-120.38215,38.54021],[-120.38239,38.53991],[-120.38278,38.53943],[-120.38302,38.53914],[-120.38311,38.53905],[-120.38323,38.53894],[-120.38335,38.53884],[-120.38344,38.53878],[-120.38357,38.53871],[-120.38374,38.53863],[-120.38388,38.53859],[-120.38399,38.53856],[-120.38411,38.53853],[-120.38422,38.53852],[-120.38431,38.53851],[-120.38445,38.53851],[-120.3845,38.5385],[-120.38468,38.53851],[-120.38481,38.53852],[-120.3849,38.53854],[-120.38491,38.53854],[-120.38499,38.53855],[-120.38505,38.53857],[-120.38517,38.5386],[-120.38523,38.53862],[-120.38529,38.53864],[-120.38534,38.53867],[-120.38539,38.53869],[-120.38547,38.53873],[-120.38556,38.53878],[-120.38565,38.53884],[-120.3857,38.53888],[-120.38572,38.53889],[-120.38575,38.53892],[-120.38579,38.53895],[-120.38584,38.53899],[-120.38589,38.53904],[-120.38592,38.53908],[-120.38595,38.53912],[-120.38598,38.53916],[-120.3861,38.53931],[-120.38614,38.53937],[-120.38622,38.53947],[-120.38631,38.53958],[-120.38634,38.53962],[-120.38636,38.53964],[-120.38641,38.5397],[-120.38645,38.53974],[-120.38648,38.53976],[-120.3865,38.53978],[-120.38659,38.53985],[-120.38665,38.53989],[-120.38671,38.53993],[-120.38679,38.53997],[-120.38685,38.54],[-120.3869,38.54002],[-120.38695,38.54005],[-120.38703,38.54008],[-120.38721,38.54014],[-120.38724,38.54015],[-120.38748,38.54023],[-120.38766,38.5403],[-120.38788,38.54037],[-120.38798,38.5404],[-120.38809,38.54043],[-120.38821,38.54047],[-120.38832,38.5405],[-120.38839,38.54052],[-120.38845,38.54053],[-120.3885,38.54055],[-120.38852,38.54055],[-120.38856,38.54056],[-120.38866,38.54057],[-120.38874,38.54058],[-120.38875,38.54058],[-120.38882,38.54058],[-120.3889,38.54058],[-120.38898,38.54058],[-120.38907,38.54057],[-120.38916,38.54056],[-120.38926,38.54055],[-120.38934,38.54053],[-120.38941,38.54051],[-120.38948,38.54049],[-120.38957,38.54046],[-120.38963,38.54044],[-120.38968,38.54042],[-120.38974,38.54039],[-120.38981,38.54036],[-120.38984,38.54034],[-120.38987,38.54033],[-120.38995,38.54028],[-120.39002,38.54023],[-120.39011,38.54017],[-120.3902,38.54011],[-120.39046,38.53992],[-120.39053,38.53987],[-120.39062,38.53981],[-120.39068,38.53977],[-120.39071,38.53975],[-120.39074,38.53973],[-120.3908,38.5397],[-120.39086,38.53967],[-120.3909,38.53965],[-120.391,38.53961],[-120.39112,38.53956],[-120.39124,38.53952],[-120.39136,38.53949],[-120.39148,38.53946],[-120.39161,38.53943],[-120.39176,38.53941],[-120.39188,38.5394],[-120.39197,38.53939],[-120.39208,38.53938],[-120.3923,38.53937],[-120.3927,38.53935],[-120.39293,38.53934],[-120.39316,38.53933],[-120.39377,38.53931],[-120.39452,38.53927],[-120.39475,38.53926],[-120.39495,38.53926],[-120.39521,38.53924],[-120.39546,38.53924],[-120.39564,38.53922],[-120.39567,38.53921],[-120.39578,38.5392],[-120.3959,38.53918],[-120.39606,38.53915],[-120.39612,38.53913],[-120.39614,38.53912],[-120.3962,38.53911],[-120.39629,38.53907],[-120.39643,38.53903],[-120.39653,38.53898],[-120.3966,38.53895],[-120.3967,38.53889],[-120.39682,38.53883],[-120.3969,38.53877],[-120.39692,38.53875],[-120.39703,38.53868],[-120.39707,38.53864],[-120.39714,38.53858],[-120.39723,38.53851],[-120.39736,38.53839],[-120.39751,38.53825],[-120.39775,38.53801],[-120.39803,38.53774],[-120.39817,38.53763],[-120.39827,38.53756],[-120.39828,38.53755],[-120.39835,38.53751],[-120.39841,38.53747],[-120.39849,38.53743],[-120.39859,38.53738],[-120.3987,38.53733],[-120.39877,38.5373],[-120.39884,38.53728],[-120.39888,38.53726],[-120.39894,38.53725],[-120.399,38.53723],[-120.39907,38.53721],[-120.39916,38.53719],[-120.39925,38.53718],[-120.39934,38.53716],[-120.39949,38.53715],[-120.39959,38.53715],[-120.39972,38.53714],[-120.39995,38.53715],[-120.40009,38.53716],[-120.40023,38.53718],[-120.40036,38.5372],[-120.40085,38.53729],[-120.40088,38.53729],[-120.40124,38.53735],[-120.4013,38.53736],[-120.4014,38.53737],[-120.40153,38.53738],[-120.40163,38.53739],[-120.40173,38.5374],[-120.40196,38.53739],[-120.4021,38.53738],[-120.40222,38.53736],[-120.40231,38.53735],[-120.4024,38.53734],[-120.40248,38.53732],[-120.40257,38.5373],[-120.40265,38.53727],[-120.40271,38.53725],[-120.40282,38.53721],[-120.40286,38.53719],[-120.40293,38.53716],[-120.40306,38.53711],[-120.40326,38.53701],[-120.4034,38.53694],[-120.40346,38.53691],[-120.40365,38.53682],[-120.40381,38.53674],[-120.40424,38.53654],[-120.40443,38.53644],[-120.40456,38.53638],[-120.40463,38.53635],[-120.40482,38.53625],[-120.40483,38.53624],[-120.405,38.53615],[-120.40501,38.53615],[-120.40512,38.53608],[-120.40526,38.536],[-120.40561,38.53577],[-120.40573,38.5357],[-120.40589,38.53559],[-120.4059,38.53558],[-120.40605,38.53547],[-120.40631,38.53527],[-120.40684,38.53486],[-120.40689,38.53483],[-120.40711,38.53466],[-120.40736,38.53446],[-120.40787,38.53407],[-120.40796,38.534],[-120.40821,38.53382],[-120.40846,38.53363],[-120.40854,38.53357],[-120.40871,38.53345],[-120.40878,38.5334],[-120.40893,38.5333],[-120.40903,38.53325],[-120.40912,38.5332],[-120.40927,38.53313],[-120.40947,38.53305],[-120.40968,38.53298],[-120.40969,38.53297],[-120.40989,38.53291],[-120.40994,38.5329],[-120.41041,38.53277],[-120.41062,38.5327],[-120.41069,38.53268],[-120.41075,38.53265],[-120.41079,38.53264],[-120.41087,38.5326],[-120.41099,38.53253],[-120.41113,38.53245],[-120.41127,38.53234],[-120.4115,38.53217],[-120.41163,38.53207],[-120.41179,38.53195],[-120.41203,38.53176],[-120.41227,38.5316],[-120.41244,38.53151],[-120.41268,38.53139],[-120.413,38.53126],[-120.41309,38.53123],[-120.41315,38.53121],[-120.41331,38.53116],[-120.4135,38.5311],[-120.41351,38.5311],[-120.41371,38.53105],[-120.4138,38.53103],[-120.41392,38.53101],[-120.41412,38.53098],[-120.41431,38.53097],[-120.41448,38.53096],[-120.41464,38.53096],[-120.4148,38.53096],[-120.41491,38.53097],[-120.41504,38.53098],[-120.4151,38.53098],[-120.41533,38.53101],[-120.41536,38.53102],[-120.41555,38.53104],[-120.41578,38.53107],[-120.4158,38.53107],[-120.41623,38.53113],[-120.41626,38.53113],[-120.41645,38.53115],[-120.41646,38.53115],[-120.41659,38.53116],[-120.41671,38.53117],[-120.41687,38.53117],[-120.41692,38.53116],[-120.41704,38.53116],[-120.41717,38.53114],[-120.41733,38.53112],[-120.41737,38.53111],[-120.4175,38.53108],[-120.4176,38.53106],[-120.41771,38.53103],[-120.41803,38.53095],[-120.41825,38.53089],[-120.41847,38.53083],[-120.41855,38.53081],[-120.41876,38.53076],[-120.41888,38.53073],[-120.41901,38.53071],[-120.41914,38.5307],[-120.41916,38.5307],[-120.41933,38.53069],[-120.41937,38.53069],[-120.41954,38.53069],[-120.41959,38.53069],[-120.41982,38.5307],[-120.41984,38.5307],[-120.42005,38.53071],[-120.42028,38.53072],[-120.42035,38.53072],[-120.42051,38.53072],[-120.42062,38.53072],[-120.42074,38.53072],[-120.42083,38.53071],[-120.42091,38.5307],[-120.421,38.53068],[-120.42136,38.53062],[-120.42164,38.53056],[-120.42212,38.53046],[-120.42226,38.53044],[-120.42237,38.53042],[-120.42248,38.53041],[-120.42257,38.53041],[-120.42259,38.53041],[-120.42274,38.53041],[-120.4228,38.53041],[-120.42303,38.53041],[-120.42326,38.53041],[-120.42378,38.53042],[-120.42395,38.53041],[-120.42421,38.53041],[-120.42435,38.5304],[-120.42446,38.53038],[-120.42459,38.53036],[-120.42473,38.53032],[-120.42481,38.5303],[-120.42485,38.53029],[-120.42491,38.53027],[-120.42504,38.53021],[-120.42515,38.53016],[-120.42524,38.53011],[-120.42527,38.53009],[-120.42539,38.53001],[-120.42542,38.52999],[-120.4255,38.52992],[-120.42558,38.52986],[-120.42562,38.52983],[-120.42573,38.52971],[-120.42586,38.52958],[-120.42609,38.52935],[-120.42615,38.5293],[-120.42618,38.52927],[-120.42626,38.52919],[-120.4263,38.52916],[-120.42631,38.52916],[-120.42636,38.52912],[-120.42641,38.52909],[-120.42647,38.52904],[-120.42648,38.52904],[-120.42656,38.52899],[-120.42665,38.52895],[-120.42666,38.52894],[-120.42676,38.5289],[-120.42687,38.52887],[-120.42697,38.52884],[-120.42709,38.52881],[-120.42711,38.52881],[-120.42727,38.52879],[-120.42741,38.52878],[-120.42754,38.52878],[-120.42763,38.52879],[-120.42773,38.52881],[-120.42784,38.52883],[-120.4279,38.52884],[-120.42794,38.52885],[-120.42797,38.52886],[-120.42814,38.52891],[-120.42821,38.52893],[-120.42826,38.52895],[-120.42836,38.52898],[-120.42842,38.529],[-120.42844,38.529],[-120.4285,38.52902],[-120.42859,38.52904],[-120.42864,38.52905],[-120.42867,38.52905],[-120.42875,38.52906],[-120.42881,38.52907],[-120.42887,38.52907],[-120.42888,38.52907],[-120.42897,38.52907],[-120.42904,38.52907],[-120.42909,38.52907],[-120.4291,38.52907],[-120.42923,38.52906],[-120.42932,38.52904],[-120.4294,38.52902],[-120.42948,38.529],[-120.42956,38.52898],[-120.42965,38.52895],[-120.42988,38.52888],[-120.4299,38.52887],[-120.43024,38.52876],[-120.43042,38.52869],[-120.43049,38.52867],[-120.43051,38.52866],[-120.43058,38.52863],[-120.43067,38.52859],[-120.43071,38.52857],[-120.43075,38.52855],[-120.43083,38.5285],[-120.4309,38.52846],[-120.43094,38.52843],[-120.43099,38.5284],[-120.43104,38.52836],[-120.43106,38.52834],[-120.43109,38.52831],[-120.43115,38.52826],[-120.43121,38.5282],[-120.43125,38.52816],[-120.43147,38.52791],[-120.43148,38.52791],[-120.43158,38.52779],[-120.43161,38.52776],[-120.43168,38.52769],[-120.43184,38.52754],[-120.4319,38.52749],[-120.43197,38.52743],[-120.43205,38.52737],[-120.43213,38.52731],[-120.43223,38.52723],[-120.43226,38.52721],[-120.43232,38.52717],[-120.4324,38.52713],[-120.43241,38.52712],[-120.43242,38.52712],[-120.43254,38.52704],[-120.4326,38.52702],[-120.43271,38.52697],[-120.43279,38.52693],[-120.4328,38.52693],[-120.43283,38.52691],[-120.43291,38.52688],[-120.43299,38.52685],[-120.43306,38.52683],[-120.43315,38.5268],[-120.43321,38.52679],[-120.43322,38.52678],[-120.43327,38.52677],[-120.43332,38.52676],[-120.4334,38.52675],[-120.43343,38.52674],[-120.43358,38.52672],[-120.43379,38.5267],[-120.4339,38.52669],[-120.43402,38.52669],[-120.43425,38.52668],[-120.43435,38.52668],[-120.43436,38.52668],[-120.43446,38.52668],[-120.43458,38.52668],[-120.43459,38.52668],[-120.43466,38.52669],[-120.4348,38.52669],[-120.43481,38.52669],[-120.43482,38.52669],[-120.43491,38.52671],[-120.435,38.52672],[-120.43503,38.52673],[-120.43509,38.52674],[-120.43517,38.52676],[-120.43526,38.52679],[-120.43537,38.52683],[-120.4355,38.52688],[-120.43567,38.52695],[-120.43569,38.52696],[-120.43586,38.52704],[-120.43606,38.52713],[-120.43646,38.52732],[-120.43649,38.52733],[-120.43669,38.52741],[-120.43689,38.52749],[-120.43707,38.52757],[-120.43721,38.52762],[-120.43727,38.52765],[-120.43733,38.52768],[-120.43743,38.52772],[-120.43745,38.52774],[-120.43751,38.52777],[-120.43759,38.52781],[-120.43765,38.52786],[-120.43768,38.52788],[-120.43774,38.52792],[-120.4378,38.52797],[-120.43782,38.52798],[-120.43791,38.52807],[-120.43795,38.52811],[-120.43796,38.52812],[-120.43801,38.52817],[-120.43808,38.52826],[-120.43815,38.52834],[-120.43823,38.52841],[-120.43831,38.52849],[-120.43836,38.52852],[-120.43837,38.52853],[-120.43841,38.52856],[-120.43846,38.5286],[-120.43854,38.52865],[-120.43855,38.52865],[-120.43862,38.52869],[-120.43868,38.52872],[-120.43874,38.52874],[-120.43877,38.52875],[-120.43882,38.52877],[-120.43887,38.52879],[-120.43892,38.52881],[-120.43901,38.52883],[-120.43913,38.52885],[-120.43918,38.52886],[-120.4392,38.52886],[-120.43925,38.52887],[-120.43937,38.52888],[-120.43949,38.52888],[-120.43958,38.52888],[-120.43969,38.52888],[-120.4398,38.52887],[-120.43986,38.52886],[-120.43994,38.52885],[-120.44005,38.52883],[-120.44009,38.52882],[-120.44011,38.52881],[-120.44017,38.5288],[-120.44041,38.52874],[-120.44096,38.5286],[-120.44124,38.52852],[-120.44139,38.52848],[-120.44154,38.52843],[-120.44161,38.5284],[-120.44162,38.5284],[-120.44171,38.52836],[-120.4418,38.52831],[-120.44182,38.5283],[-120.44189,38.52827],[-120.44195,38.52822],[-120.44198,38.5282],[-120.44201,38.52818],[-120.44208,38.52812],[-120.44215,38.52805],[-120.44215,38.52805],[-120.44224,38.52814],[-120.44229,38.52819],[-120.44231,38.52822],[-120.4424,38.52833],[-120.44241,38.52835],[-120.44246,38.52843],[-120.44251,38.52852],[-120.44255,38.5286],[-120.44259,38.5287],[-120.44263,38.52879],[-120.44267,38.52885],[-120.4427,38.5289],[-120.44274,38.52895],[-120.44279,38.52899],[-120.44285,38.52903],[-120.44296,38.52909],[-120.44304,38.52913],[-120.4431,38.52916],[-120.44316,38.5292],[-120.44321,38.52924],[-120.44328,38.52929],[-120.44333,38.52934],[-120.44337,38.52939],[-120.44338,38.52943],[-120.4434,38.52947],[-120.4434,38.5295],[-120.4434,38.52954],[-120.44339,38.52957],[-120.44338,38.5296],[-120.44337,38.52961],[-120.44335,38.52964],[-120.44332,38.52967],[-120.44328,38.5297],[-120.44322,38.52974],[-120.44311,38.52979],[-120.44301,38.52983],[-120.44282,38.52991],[-120.44281,38.52991],[-120.44276,38.52994],[-120.44269,38.52998],[-120.44265,38.53002],[-120.44264,38.53003],[-120.44262,38.53005],[-120.4426,38.53009],[-120.44257,38.53015],[-120.44256,38.53019],[-120.44254,38.53029],[-120.44252,38.53037],[-120.44251,38.53046],[-120.44251,38.53066],[-120.44252,38.53073],[-120.44253,38.53078],[-120.44254,38.53083],[-120.44255,38.53085],[-120.44255,38.53087],[-120.44256,38.53091],[-120.44261,38.53107],[-120.44264,38.53116],[-120.44268,38.53127],[-120.44278,38.53149],[-120.44283,38.53159],[-120.44284,38.53161],[-120.44289,38.53169],[-120.44292,38.53174],[-120.44294,38.53177],[-120.443,38.53183],[-120.44311,38.53193],[-120.4432,38.532],[-120.44347,38.5322],[-120.44356,38.53226],[-120.44372,38.53238],[-120.44389,38.5325],[-120.4439,38.5325],[-120.44408,38.5326],[-120.44414,38.53264],[-120.44423,38.53268],[-120.44428,38.53269],[-120.44436,38.53272],[-120.44449,38.53275],[-120.44461,38.53278],[-120.44472,38.53279],[-120.44499,38.53283],[-120.44517,38.53285],[-120.4454,38.53289],[-120.44543,38.53289],[-120.44562,38.53293],[-120.44572,38.53295],[-120.44584,38.53297],[-120.44601,38.53301],[-120.44606,38.53303],[-120.44628,38.53309],[-120.44637,38.53311],[-120.44668,38.53321],[-120.4468,38.53323],[-120.44691,38.53324],[-120.44704,38.53325],[-120.44716,38.53325],[-120.44721,38.53324],[-120.44739,38.53323],[-120.44761,38.53321],[-120.44802,38.53316],[-120.44807,38.53315],[-120.4483,38.5331],[-120.44831,38.5331],[-120.44852,38.53305],[-120.44861,38.53303],[-120.44874,38.53302],[-120.44892,38.533],[-120.44897,38.533],[-120.4492,38.53301],[-120.44925,38.53302],[-120.44943,38.53303],[-120.44965,38.53306],[-120.44996,38.53314],[-120.45006,38.53317],[-120.45014,38.53321],[-120.45029,38.53327],[-120.45049,38.53336],[-120.45057,38.5334],[-120.45069,38.53345],[-120.45089,38.53354],[-120.45102,38.53359],[-120.45114,38.53362],[-120.45138,38.53363],[-120.45153,38.53363],[-120.45169,38.5336],[-120.45186,38.53356],[-120.452,38.53352],[-120.45205,38.53351],[-120.45236,38.53336],[-120.45239,38.53333],[-120.45254,38.53322],[-120.45255,38.53321],[-120.4527,38.53307],[-120.45273,38.53304],[-120.45283,38.53295],[-120.45285,38.53293],[-120.45297,38.53284],[-120.45302,38.53281],[-120.45305,38.5328],[-120.45313,38.53277],[-120.45323,38.53275],[-120.45324,38.53274],[-120.45337,38.53275],[-120.4535,38.53278],[-120.45367,38.53283],[-120.45372,38.53284],[-120.45389,38.53289],[-120.45397,38.53291],[-120.45417,38.53295],[-120.45433,38.53298],[-120.4544,38.53299],[-120.45449,38.53304],[-120.45452,38.53307],[-120.45456,38.5331],[-120.45462,38.53318],[-120.45463,38.53323],[-120.45466,38.5333],[-120.45466,38.53341],[-120.45467,38.53348],[-120.45468,38.53358],[-120.45469,38.53368],[-120.45473,38.53376],[-120.45479,38.53387],[-120.45483,38.53392],[-120.45496,38.53407],[-120.45496,38.53408],[-120.45509,38.53421],[-120.4551,38.53421],[-120.45522,38.53431],[-120.45526,38.53434],[-120.45544,38.53446],[-120.45554,38.53453],[-120.45561,38.53457],[-120.45583,38.53469],[-120.456,38.53477],[-120.45609,38.53481],[-120.4562,38.53485],[-120.45631,38.53488],[-120.45642,38.53491],[-120.45652,38.53493],[-120.45664,38.53494],[-120.45673,38.53495],[-120.45687,38.53498],[-120.45691,38.53499],[-120.45708,38.53506],[-120.45714,38.53508],[-120.45728,38.53516],[-120.45741,38.53526],[-120.45743,38.53528],[-120.45756,38.5354],[-120.45757,38.53542],[-120.45767,38.53559],[-120.45777,38.53575],[-120.45785,38.53589],[-120.45787,38.53591],[-120.45794,38.53602],[-120.45799,38.53606],[-120.45803,38.5361],[-120.45813,38.53619],[-120.45814,38.5362],[-120.45832,38.53631],[-120.45833,38.53632],[-120.45852,38.53639],[-120.45862,38.53643],[-120.45873,38.53646],[-120.4589,38.53651],[-120.45895,38.53653],[-120.45905,38.53656],[-120.45915,38.53662],[-120.45927,38.53668],[-120.45933,38.53673],[-120.45937,38.53678],[-120.45938,38.53681],[-120.45942,38.53689],[-120.45945,38.53695],[-120.45949,38.53706],[-120.45951,38.5371],[-120.45951,38.53711],[-120.45956,38.53724],[-120.45956,38.53725],[-120.45958,38.53727],[-120.45962,38.53736],[-120.45967,38.53747],[-120.45971,38.53755],[-120.45976,38.5376],[-120.45982,38.53764],[-120.46035,38.53792],[-120.46054,38.53802],[-120.46067,38.5381],[-120.46072,38.53813],[-120.4609,38.53824],[-120.46108,38.53836],[-120.46124,38.53853],[-120.46125,38.53854],[-120.46126,38.53855],[-120.46136,38.53862],[-120.4614,38.53866],[-120.46142,38.53868],[-120.46147,38.53872],[-120.46153,38.53874],[-120.46155,38.53875],[-120.46159,38.53877],[-120.46161,38.53877],[-120.46163,38.53878],[-120.46181,38.5388],[-120.46184,38.5388],[-120.46197,38.53882],[-120.46204,38.53883],[-120.46214,38.53884],[-120.4622,38.53884],[-120.46227,38.53885],[-120.46243,38.53885],[-120.46245,38.53886],[-120.4625,38.53886],[-120.46252,38.53886],[-120.46273,38.53886],[-120.46275,38.53886],[-120.46283,38.53886],[-120.46289,38.53885],[-120.46298,38.53885],[-120.46335,38.53882],[-120.46357,38.5388],[-120.4638,38.53877],[-120.4639,38.53877],[-120.46394,38.53876],[-120.46403,38.53875],[-120.4641,38.53874],[-120.46426,38.53872],[-120.46429,38.53871],[-120.46448,38.5387],[-120.46462,38.53868],[-120.46471,38.53868],[-120.46478,38.53868],[-120.46481,38.53868],[-120.46494,38.53868],[-120.46504,38.53867],[-120.46506,38.53867],[-120.46517,38.53868],[-120.46524,38.53869],[-120.4655,38.5387],[-120.46556,38.53871],[-120.46565,38.53872],[-120.46574,38.53875],[-120.46584,38.53879],[-120.46588,38.53881],[-120.46591,38.53884],[-120.46595,38.53888],[-120.46597,38.53893],[-120.46597,38.53894],[-120.46597,38.53899],[-120.46597,38.53901],[-120.46596,38.53907],[-120.46592,38.53916],[-120.4659,38.53921],[-120.46583,38.53934],[-120.46581,38.53938],[-120.46576,38.53953],[-120.46575,38.53967],[-120.46577,38.53977],[-120.46581,38.53985],[-120.46583,38.53988],[-120.46593,38.54],[-120.46594,38.54002],[-120.46597,38.54005],[-120.46602,38.54017],[-120.46603,38.5402],[-120.46607,38.54033],[-120.46608,38.54034],[-120.46608,38.54036],[-120.46612,38.54043],[-120.46617,38.54051],[-120.46618,38.54052],[-120.4662,38.54055],[-120.46634,38.54065],[-120.46645,38.54071],[-120.4667,38.54084],[-120.46671,38.54085],[-120.46672,38.54085],[-120.46704,38.54098],[-120.46711,38.54101],[-120.46713,38.54102],[-120.46734,38.54109],[-120.46741,38.54111],[-120.46772,38.54118],[-120.46776,38.54119],[-120.46778,38.5412],[-120.46799,38.54125],[-120.46812,38.54129],[-120.46828,38.54136],[-120.46838,38.54142],[-120.46839,38.54143],[-120.46847,38.54148],[-120.46854,38.54155],[-120.46869,38.54168],[-120.46875,38.54174],[-120.46885,38.54184],[-120.46891,38.54189],[-120.46899,38.54195],[-120.46903,38.54198],[-120.46909,38.54202],[-120.46917,38.54206],[-120.46924,38.5421],[-120.46937,38.54215],[-120.46939,38.54216],[-120.46942,38.54217],[-120.4695,38.54219],[-120.46959,38.54221],[-120.46962,38.54222],[-120.46978,38.54225],[-120.46981,38.54225],[-120.46984,38.54225],[-120.47004,38.54226],[-120.47007,38.54226],[-120.47027,38.54227],[-120.47053,38.54228],[-120.47059,38.54228],[-120.4707,38.5423],[-120.47073,38.54231],[-120.47075,38.54231],[-120.47087,38.54233],[-120.47095,38.54236],[-120.47097,38.54236],[-120.47104,38.54238],[-120.47113,38.54242],[-120.47116,38.54243],[-120.47118,38.54244],[-120.47126,38.54249],[-120.47132,38.54254],[-120.47133,38.54255],[-120.4714,38.54263],[-120.47145,38.5427],[-120.47153,38.54281],[-120.47156,38.54286],[-120.47158,38.54287],[-120.47167,38.54302],[-120.47168,38.54304],[-120.47174,38.54313],[-120.47178,38.54318],[-120.47179,38.54319],[-120.47185,38.54327],[-120.47192,38.54332],[-120.47195,38.54335],[-120.47205,38.54341],[-120.47209,38.54343],[-120.47226,38.54352],[-120.47229,38.54353],[-120.47231,38.54353],[-120.4724,38.54356],[-120.47251,38.54358],[-120.47253,38.54358],[-120.47266,38.54358],[-120.47274,38.54357],[-120.47276,38.54357],[-120.47294,38.54354],[-120.47296,38.54354],[-120.47314,38.54351],[-120.47319,38.5435],[-120.47321,38.5435],[-120.47332,38.54348],[-120.47342,38.54348],[-120.47344,38.54348],[-120.47346,38.54348],[-120.47363,38.5435],[-120.47364,38.5435],[-120.47379,38.54353],[-120.47403,38.54359],[-120.4741,38.54361],[-120.47417,38.54363],[-120.47476,38.54379],[-120.47497,38.54384],[-120.47509,38.54387],[-120.47519,38.5439],[-120.47536,38.54393],[-120.47547,38.54394],[-120.47558,38.54394],[-120.47572,38.54392],[-120.47586,38.54387],[-120.47593,38.54385],[-120.4761,38.54376],[-120.47623,38.5437],[-120.47625,38.54368],[-120.47631,38.54365],[-120.47636,38.54361],[-120.47648,38.54353],[-120.47656,38.54348],[-120.47662,38.54343],[-120.47692,38.54321],[-120.47696,38.54319],[-120.47699,38.54317],[-120.47712,38.5431],[-120.47715,38.54309],[-120.47718,38.54308],[-120.47735,38.54301],[-120.47736,38.54301],[-120.47739,38.543],[-120.47758,38.54296],[-120.47759,38.54295],[-120.47761,38.54295],[-120.47772,38.54296],[-120.4778,38.54295],[-120.47784,38.54295],[-120.47787,38.54295],[-120.47803,38.54294],[-120.47815,38.54292],[-120.47825,38.54288],[-120.4783,38.54287],[-120.47837,38.54282],[-120.47844,38.54278],[-120.47848,38.54275],[-120.47874,38.54251],[-120.47876,38.54249],[-120.47889,38.54238],[-120.47892,38.54235],[-120.47905,38.54224],[-120.47911,38.54218],[-120.4793,38.54206],[-120.47939,38.542],[-120.4796,38.54186],[-120.47971,38.5418],[-120.47991,38.54165],[-120.47994,38.54163],[-120.48007,38.54152],[-120.48009,38.5415],[-120.48012,38.54148],[-120.48021,38.54138],[-120.48028,38.54131],[-120.48036,38.54124],[-120.4805,38.54112],[-120.48059,38.54106],[-120.48071,38.54099],[-120.48072,38.54099],[-120.48082,38.54098],[-120.48089,38.54098],[-120.48096,38.541],[-120.48102,38.54102],[-120.48106,38.54104],[-120.48113,38.54109],[-120.48114,38.5411],[-120.48121,38.54118],[-120.48126,38.54124],[-120.48128,38.54127],[-120.48133,38.54138],[-120.48134,38.54141],[-120.48139,38.54153],[-120.4814,38.54158],[-120.48141,38.5416],[-120.48143,38.54172],[-120.48144,38.54176],[-120.48144,38.54178],[-120.48146,38.54193],[-120.48146,38.54203],[-120.48146,38.54216],[-120.48145,38.54229],[-120.48145,38.5423],[-120.48144,38.54231],[-120.48141,38.54245],[-120.4814,38.54247],[-120.48139,38.54249],[-120.48133,38.54261],[-120.48126,38.54281],[-120.48126,38.54283],[-120.48123,38.54291],[-120.48124,38.54299],[-120.48124,38.54301],[-120.48127,38.54307],[-120.4813,38.54313],[-120.48132,38.54316],[-120.48134,38.54317],[-120.48136,38.5432],[-120.48147,38.54329],[-120.48149,38.5433],[-120.48164,38.54342],[-120.48165,38.54343],[-120.48167,38.54344],[-120.4819,38.54354],[-120.48204,38.54359],[-120.48206,38.5436],[-120.48216,38.54364],[-120.48225,38.54366],[-120.4823,38.54368],[-120.48246,38.54373],[-120.48267,38.5438],[-120.48271,38.54381],[-120.48289,38.54386],[-120.48291,38.54387],[-120.48301,38.54389],[-120.48311,38.54392],[-120.48316,38.54393],[-120.48331,38.54396],[-120.48333,38.54397],[-120.48335,38.54397],[-120.48353,38.544],[-120.48355,38.544],[-120.48369,38.54402],[-120.48378,38.54403],[-120.48379,38.54404],[-120.48381,38.54404],[-120.48394,38.54405],[-120.48401,38.54405],[-120.48403,38.54405],[-120.48424,38.54406],[-120.48442,38.54407],[-120.48464,38.54407],[-120.48487,38.54408],[-120.485,38.54408],[-120.48523,38.54409],[-120.4854,38.5441],[-120.48541,38.5441],[-120.48554,38.54411],[-120.48569,38.54411],[-120.4858,38.54411],[-120.48585,38.54411],[-120.48598,38.5441],[-120.48612,38.5441],[-120.48638,38.54408],[-120.48669,38.54406],[-120.48677,38.54406],[-120.48679,38.54405],[-120.48688,38.54405],[-120.48699,38.54404],[-120.48702,38.54403],[-120.4871,38.54403],[-120.48722,38.54401],[-120.48743,38.54399],[-120.48745,38.54399],[-120.48756,38.54398],[-120.48767,38.54398],[-120.48768,38.54398],[-120.4877,38.54398],[-120.48778,38.54398],[-120.48787,38.54398],[-120.48791,38.54398],[-120.48793,38.54398],[-120.48794,38.54399],[-120.48799,38.54399],[-120.48806,38.54401],[-120.48813,38.54402],[-120.48823,38.54405],[-120.48835,38.54408],[-120.48837,38.54409],[-120.48842,38.5441],[-120.48857,38.54414],[-120.48869,38.54417],[-120.48884,38.5442],[-120.48895,38.54423],[-120.48903,38.54424],[-120.48908,38.54425],[-120.48916,38.54425],[-120.48924,38.54425],[-120.48926,38.54425],[-120.4893,38.54425],[-120.48938,38.54424],[-120.48943,38.54423],[-120.48946,38.54422],[-120.48949,38.54421],[-120.48954,38.5442],[-120.48959,38.54418],[-120.48966,38.54415],[-120.48974,38.5441],[-120.48986,38.54404],[-120.48988,38.54403],[-120.48997,38.54398],[-120.49002,38.54396],[-120.49005,38.54395],[-120.49006,38.54394],[-120.49008,38.54394],[-120.49014,38.54392],[-120.49021,38.54391],[-120.49027,38.54391],[-120.49036,38.54391],[-120.49041,38.54392],[-120.49045,38.54392],[-120.49048,38.54393],[-120.4905,38.54394],[-120.49053,38.54395],[-120.49057,38.54397],[-120.49066,38.54402],[-120.49069,38.54404],[-120.49071,38.54405],[-120.49082,38.54412],[-120.49087,38.54415],[-120.49089,38.54417],[-120.49105,38.54427],[-120.49137,38.54448],[-120.49152,38.54457],[-120.49158,38.54461],[-120.4916,38.54462],[-120.49165,38.54465],[-120.49173,38.54469],[-120.49177,38.54471],[-120.49179,38.54472],[-120.4918,38.54473],[-120.49188,38.54476],[-120.49198,38.54479],[-120.49207,38.54482],[-120.49221,38.54486],[-120.49234,38.54489],[-120.49244,38.5449],[-120.49254,38.54491],[-120.49261,38.54491],[-120.49267,38.54491],[-120.49275,38.54492],[-120.4929,38.54492],[-120.49293,38.54492],[-120.49313,38.54493],[-120.49316,38.54494],[-120.49326,38.54495],[-120.49336,38.54496],[-120.49339,38.54496],[-120.49358,38.54498],[-120.49359,38.54498],[-120.49381,38.54501],[-120.49382,38.54502],[-120.49388,38.54503],[-120.49405,38.54505],[-120.49408,38.54506],[-120.49434,38.54511],[-120.49444,38.54513],[-120.49448,38.54514],[-120.4945,38.54514],[-120.49454,38.54515],[-120.49465,38.54519],[-120.49469,38.54521],[-120.49471,38.54521],[-120.49475,38.54523],[-120.49494,38.54531],[-120.49511,38.54539],[-120.49522,38.54542],[-120.49531,38.54545],[-120.49532,38.54545],[-120.49533,38.54546],[-120.49543,38.54548],[-120.4955,38.54549],[-120.49553,38.54549],[-120.49555,38.54549],[-120.49556,38.54549],[-120.49563,38.5455],[-120.49571,38.54551],[-120.49576,38.54551],[-120.49579,38.54551],[-120.49588,38.54551],[-120.49599,38.54551],[-120.49602,38.54551],[-120.49605,38.54551],[-120.49622,38.5455],[-120.49625,38.5455],[-120.49629,38.54549],[-120.49645,38.54549],[-120.49648,38.54549],[-120.49653,38.54549],[-120.49676,38.54547],[-120.49702,38.54546],[-120.49714,38.54545],[-120.49716,38.54545],[-120.49718,38.54545],[-120.49736,38.54545],[-120.49737,38.54545],[-120.49741,38.54546],[-120.49744,38.54546],[-120.49754,38.54547],[-120.4976,38.54548],[-120.49764,38.54548],[-120.4978,38.54551],[-120.49792,38.54554],[-120.49803,38.54557],[-120.49808,38.54558],[-120.49841,38.54568],[-120.49847,38.54569],[-120.49852,38.54571],[-120.49869,38.54575],[-120.49874,38.54577],[-120.49877,38.54578],[-120.4989,38.54581],[-120.49896,38.54583],[-120.49912,38.54587],[-120.49918,38.54588],[-120.49934,38.54593],[-120.49939,38.54594],[-120.49943,38.54595],[-120.49956,38.54599],[-120.49961,38.546],[-120.49974,38.54604],[-120.49977,38.54605],[-120.49983,38.54606],[-120.49999,38.54611],[-120.50005,38.54613],[-120.50021,38.54617],[-120.50027,38.54619],[-120.50028,38.54619],[-120.50042,38.54623],[-120.50049,38.54625],[-120.50059,38.54628],[-120.50071,38.54631],[-120.50085,38.54635],[-120.50086,38.54635],[-120.50093,38.54637],[-120.50108,38.5464],[-120.50109,38.54641],[-120.50115,38.54642],[-120.50132,38.54645],[-120.5015,38.54649],[-120.50152,38.54649],[-120.5016,38.5465],[-120.50163,38.5465],[-120.50175,38.54651],[-120.50179,38.54652],[-120.50198,38.54654],[-120.50226,38.54656],[-120.50245,38.54657],[-120.50248,38.54658],[-120.50268,38.54659],[-120.50271,38.5466],[-120.503,38.54662],[-120.50314,38.54662],[-120.50319,38.54663],[-120.50329,38.54663],[-120.50337,38.54664],[-120.50341,38.54664],[-120.50348,38.54664],[-120.5036,38.54665],[-120.50364,38.54665],[-120.50384,38.54666],[-120.50402,38.54667],[-120.50406,38.54667],[-120.50408,38.54668],[-120.50416,38.54668],[-120.50429,38.54669],[-120.5043,38.54669],[-120.50435,38.54669],[-120.50461,38.54672],[-120.50474,38.54675],[-120.50493,38.54678],[-120.50505,38.54681],[-120.50507,38.54682],[-120.50529,38.54688],[-120.50544,38.54692],[-120.5055,38.54695],[-120.50558,38.54697],[-120.50571,38.54702],[-120.50576,38.54704],[-120.50588,38.54711],[-120.5059,38.54712],[-120.50609,38.54722],[-120.5061,38.54722],[-120.50627,38.54731],[-120.50628,38.54732],[-120.50647,38.54742],[-120.50663,38.54751],[-120.50666,38.54752],[-120.507,38.54769],[-120.50723,38.5478],[-120.50725,38.54781],[-120.50747,38.54791],[-120.50762,38.54798],[-120.50765,38.54799],[-120.5077,38.54801],[-120.5078,38.54805],[-120.508,38.54812],[-120.50814,38.54816],[-120.50838,38.54823],[-120.50854,38.54827],[-120.5087,38.5483],[-120.50872,38.5483],[-120.5088,38.54831],[-120.5089,38.54832],[-120.50895,38.54832],[-120.509,38.54833],[-120.50912,38.54833],[-120.50918,38.54833],[-120.50924,38.54833],[-120.50947,38.54832],[-120.50964,38.54832],[-120.5097,38.54832],[-120.5098,38.54833],[-120.50987,38.54834],[-120.50989,38.54834],[-120.50995,38.54835],[-120.51009,38.54839],[-120.51015,38.54841],[-120.51019,38.54843],[-120.51026,38.54846],[-120.51035,38.54849],[-120.51049,38.54856],[-120.51062,38.54862],[-120.51068,38.54865],[-120.51078,38.5487],[-120.51087,38.54876],[-120.51088,38.54876],[-120.51099,38.54883],[-120.51106,38.54887],[-120.51108,38.54888],[-120.5112,38.54896],[-120.51123,38.54898],[-120.51131,38.54903],[-120.51141,38.5491],[-120.51158,38.54922],[-120.51168,38.54929],[-120.51175,38.54934],[-120.51181,38.54939],[-120.51191,38.54946],[-120.512,38.54952],[-120.51231,38.54972],[-120.51244,38.5498],[-120.51245,38.5498],[-120.5126,38.54989],[-120.51264,38.54991],[-120.51271,38.54995],[-120.51281,38.54999],[-120.51283,38.55],[-120.51294,38.55004],[-120.51305,38.55007],[-120.51306,38.55007],[-120.5132,38.5501],[-120.51327,38.55011],[-120.51333,38.55012],[-120.51348,38.55014],[-120.5135,38.55014],[-120.51372,38.55015],[-120.51396,38.55017],[-120.51397,38.55017],[-120.5141,38.55018],[-120.51418,38.55019],[-120.51426,38.5502],[-120.51441,38.55022],[-120.51444,38.55022],[-120.51464,38.55025],[-120.51484,38.55028],[-120.51509,38.55032],[-120.51517,38.55033],[-120.51531,38.55035],[-120.51554,38.55038],[-120.51577,38.55042],[-120.51583,38.55043],[-120.51599,38.55045],[-120.5161,38.55046],[-120.51629,38.55048],[-120.51638,38.55048],[-120.51645,38.55048],[-120.51653,38.55048],[-120.51665,38.55047],[-120.51668,38.55047],[-120.51674,38.55046],[-120.51688,38.55045],[-120.51691,38.55044],[-120.51716,38.55042],[-120.51738,38.5504],[-120.51769,38.55035],[-120.51784,38.55033],[-120.51787,38.55033],[-120.51806,38.55029],[-120.51824,38.55026],[-120.51845,38.55021],[-120.51851,38.5502],[-120.51873,38.55015],[-120.51884,38.55012],[-120.51894,38.55009],[-120.51905,38.55006],[-120.51921,38.55003],[-120.51932,38.55],[-120.51942,38.54999],[-120.51953,38.54998],[-120.51961,38.54997],[-120.51975,38.54995],[-120.51994,38.54993],[-120.52007,38.54992],[-120.52009,38.54992],[-120.52029,38.54991],[-120.52043,38.5499],[-120.52053,38.5499],[-120.52074,38.54989],[-120.52076,38.54989],[-120.52099,38.54987],[-120.52122,38.54986],[-120.52123,38.54986],[-120.52137,38.54985],[-120.52144,38.54984],[-120.52153,38.54982],[-120.52167,38.5498],[-120.5219,38.54976],[-120.52197,38.54975],[-120.52225,38.5497],[-120.52236,38.54969],[-120.52257,38.54967],[-120.52275,38.54966],[-120.52303,38.54964],[-120.52321,38.54964],[-120.52326,38.54963],[-120.52349,38.54962],[-120.52369,38.54961],[-120.5239,38.54959],[-120.52412,38.54957],[-120.52418,38.54956],[-120.52426,38.54955],[-120.5244,38.54952],[-120.52443,38.54951],[-120.52467,38.54945],[-120.52477,38.54941],[-120.52486,38.54939],[-120.52495,38.54935],[-120.52499,38.54934],[-120.52503,38.54931],[-120.52509,38.54928],[-120.52515,38.54925],[-120.52522,38.5492],[-120.52526,38.54918],[-120.52538,38.54908],[-120.52548,38.549],[-120.52554,38.54895],[-120.52571,38.5488],[-120.5258,38.54872],[-120.52585,38.54868],[-120.52586,38.54867],[-120.52603,38.54857],[-120.52614,38.5485],[-120.52621,38.54846],[-120.52639,38.54837],[-120.52647,38.54833],[-120.52654,38.54831],[-120.52661,38.54828],[-120.52669,38.54826],[-120.52677,38.54825],[-120.52683,38.54824],[-120.52684,38.54824],[-120.52693,38.54824],[-120.52703,38.54824],[-120.52706,38.54824],[-120.5271,38.54825],[-120.52717,38.54826],[-120.52727,38.54828],[-120.52734,38.5483],[-120.5274,38.54833],[-120.52747,38.54835],[-120.52749,38.54836],[-120.5276,38.54841],[-120.5278,38.54851],[-120.52788,38.54855],[-120.52789,38.54856],[-120.52826,38.54875],[-120.52838,38.54882],[-120.52846,38.54885],[-120.52866,38.54893],[-120.52887,38.54902],[-120.52893,38.54905],[-120.52929,38.54916],[-120.52937,38.54919],[-120.5295,38.54922],[-120.52962,38.54925],[-120.52972,38.54927],[-120.52992,38.5493],[-120.52995,38.54931],[-120.53018,38.54932],[-120.53028,38.54933],[-120.53041,38.54932],[-120.53064,38.54932],[-120.53082,38.54931],[-120.53087,38.54931],[-120.5311,38.54929],[-120.53129,38.54927],[-120.53133,38.54927],[-120.53174,38.54926],[-120.53178,38.54926],[-120.53201,38.54929],[-120.53205,38.5493],[-120.5323,38.54937],[-120.53253,38.54947],[-120.53286,38.54967],[-120.53308,38.54981],[-120.53326,38.54992],[-120.53332,38.54995],[-120.53345,38.55003],[-120.53363,38.55013],[-120.53375,38.5502],[-120.53382,38.55024],[-120.53401,38.55035],[-120.53418,38.55047],[-120.53422,38.5505],[-120.53436,38.55058],[-120.53453,38.55069],[-120.53454,38.55069],[-120.53485,38.55091],[-120.53488,38.55093],[-120.53505,38.55105],[-120.53515,38.55111],[-120.53522,38.55117],[-120.53528,38.55122],[-120.53538,38.5513],[-120.53553,38.55144],[-120.53557,38.55147],[-120.53567,38.55158],[-120.53575,38.55166],[-120.53582,38.55172],[-120.53597,38.55185],[-120.536,38.55187],[-120.53621,38.55202],[-120.5364,38.55215],[-120.53666,38.55232],[-120.53673,38.55237],[-120.53682,38.55244],[-120.53683,38.55245],[-120.537,38.55257],[-120.53702,38.55259],[-120.53731,38.55279],[-120.53734,38.55281],[-120.53749,38.5529],[-120.53753,38.55292],[-120.53787,38.55312],[-120.53797,38.5532],[-120.53804,38.55327],[-120.53818,38.55341],[-120.53824,38.55347],[-120.5383,38.55352],[-120.53839,38.55359],[-120.53848,38.55365],[-120.53855,38.55369],[-120.53865,38.55374],[-120.53896,38.55388],[-120.53916,38.55397],[-120.53936,38.55406],[-120.53972,38.55421],[-120.53976,38.55423],[-120.54016,38.55441],[-120.54046,38.55454],[-120.54069,38.55466],[-120.54086,38.55474],[-120.54089,38.55476],[-120.54135,38.555],[-120.54146,38.55506],[-120.54164,38.55517],[-120.54183,38.55527],[-120.54194,38.55533],[-120.54218,38.55551],[-120.54238,38.55566],[-120.54263,38.55591],[-120.54279,38.55607],[-120.5429,38.5562],[-120.54303,38.55635],[-120.54316,38.5565],[-120.54329,38.55665],[-120.5433,38.55667],[-120.54341,38.5568],[-120.54353,38.55695],[-120.54378,38.55726],[-120.5439,38.55741],[-120.54395,38.55748],[-120.54402,38.55756],[-120.54426,38.55787],[-120.54438,38.55802],[-120.54451,38.55818],[-120.54461,38.55831],[-120.54463,38.55833],[-120.54498,38.55879],[-120.54509,38.55895],[-120.54514,38.55901],[-120.54521,38.5591],[-120.54538,38.55933],[-120.54544,38.55942],[-120.54562,38.55971],[-120.54573,38.5599],[-120.54582,38.56007],[-120.54595,38.56033],[-120.54599,38.5604],[-120.54615,38.56074],[-120.54622,38.5609],[-120.54623,38.56091],[-120.54631,38.56108],[-120.54638,38.5612],[-120.5464,38.56124],[-120.5465,38.56141],[-120.54652,38.56144],[-120.54671,38.56169],[-120.54673,38.56172],[-120.54697,38.56203],[-120.54714,38.56228],[-120.54729,38.5625],[-120.54734,38.56259],[-120.5474,38.56266],[-120.54751,38.56281],[-120.54777,38.56312],[-120.54797,38.56333],[-120.54806,38.5634],[-120.54822,38.56352],[-120.54838,38.56365],[-120.54854,38.56378],[-120.54871,38.56392],[-120.54905,38.56425],[-120.5493,38.56455],[-120.54942,38.56469],[-120.54957,38.56484],[-120.54971,38.56498],[-120.54976,38.56503],[-120.55002,38.56525],[-120.55004,38.56527],[-120.55018,38.56538],[-120.55023,38.56541],[-120.55035,38.5655],[-120.55047,38.56559],[-120.55051,38.56562],[-120.55067,38.56576],[-120.5507,38.56579],[-120.5508,38.5659],[-120.55086,38.56598],[-120.55092,38.56606],[-120.55105,38.56621],[-120.55108,38.56624],[-120.55117,38.56636],[-120.55129,38.56651],[-120.55141,38.56667],[-120.55153,38.56682],[-120.55165,38.56697],[-120.55176,38.56711],[-120.55177,38.56712],[-120.55189,38.56728],[-120.5522,38.56772],[-120.55222,38.56775],[-120.55233,38.56791],[-120.55238,38.56799],[-120.55251,38.56824],[-120.55254,38.5683],[-120.55268,38.56877],[-120.55271,38.56887],[-120.55273,38.56894],[-120.55278,38.56912],[-120.55283,38.56929],[-120.55289,38.56947],[-120.55299,38.5698],[-120.553,38.56982],[-120.55313,38.57016],[-120.55319,38.57033],[-120.55326,38.57051],[-120.55327,38.57053],[-120.55333,38.57068],[-120.55338,38.5708],[-120.5534,38.57085],[-120.55345,38.57102],[-120.55346,38.57106],[-120.55351,38.5712],[-120.55356,38.57131],[-120.55359,38.57136],[-120.55368,38.5715],[-120.55382,38.57166],[-120.55383,38.57167],[-120.55396,38.57182],[-120.55415,38.57204],[-120.55436,38.57227],[-120.55446,38.57237],[-120.55449,38.57241],[-120.55463,38.57255],[-120.5547,38.57262],[-120.55477,38.5727],[-120.55502,38.57292],[-120.55537,38.57324],[-120.55571,38.57342],[-120.5559,38.57352],[-120.55607,38.57359],[-120.55647,38.57377],[-120.55685,38.57394],[-120.55687,38.57395],[-120.55706,38.57404],[-120.5574,38.5742],[-120.55746,38.57423],[-120.5577,38.57434],[-120.558,38.57449],[-120.55801,38.57449],[-120.55826,38.57465],[-120.55837,38.57472],[-120.55839,38.57473],[-120.55854,38.57484],[-120.55871,38.57497],[-120.55887,38.57508],[-120.55888,38.57508],[-120.55901,38.57516],[-120.55906,38.57519],[-120.55925,38.57529],[-120.5593,38.57532],[-120.55933,38.57533],[-120.55944,38.57539],[-120.55952,38.57543],[-120.55978,38.57556],[-120.55998,38.57566],[-120.56005,38.57571],[-120.56016,38.57577],[-120.56017,38.57577],[-120.56026,38.57582],[-120.56035,38.57587],[-120.56048,38.57595],[-120.56053,38.57598],[-120.56056,38.57599],[-120.56063,38.57603],[-120.56069,38.57605],[-120.56074,38.57606],[-120.56077,38.57607],[-120.56085,38.57609],[-120.56091,38.5761],[-120.56096,38.5761],[-120.56097,38.57611],[-120.56104,38.57611],[-120.56109,38.57611],[-120.56119,38.5761],[-120.5612,38.5761],[-120.56129,38.57608],[-120.56142,38.57606],[-120.56165,38.57599],[-120.56194,38.57591],[-120.56205,38.57588],[-120.56207,38.57587],[-120.56219,38.57585],[-120.5623,38.57583],[-120.56244,38.57582],[-120.56253,38.57582],[-120.56257,38.57582],[-120.5626,38.57582],[-120.56274,38.57582],[-120.56279,38.57582],[-120.56289,38.57583],[-120.56294,38.57583],[-120.56298,38.57582],[-120.56303,38.57582],[-120.5631,38.57582],[-120.56316,38.57581],[-120.5632,38.57581],[-120.56334,38.5758],[-120.56344,38.57579],[-120.56357,38.57578],[-120.56359,38.57578],[-120.56369,38.57579],[-120.5638,38.57579],[-120.56393,38.57581],[-120.56402,38.57583],[-120.56407,38.57585],[-120.56415,38.57587],[-120.56439,38.57598],[-120.56471,38.57614],[-120.56475,38.57616],[-120.56481,38.57619],[-120.56503,38.5763],[-120.56525,38.57638],[-120.56551,38.5765],[-120.56576,38.5766],[-120.56579,38.57662],[-120.56611,38.57677],[-120.56619,38.57681],[-120.5663,38.57686],[-120.56632,38.57687],[-120.56638,38.5769],[-120.56655,38.57701],[-120.56669,38.57709],[-120.56673,38.57711],[-120.56681,38.57716],[-120.56686,38.57718],[-120.56705,38.57726],[-120.56708,38.57727],[-120.56724,38.57731],[-120.56728,38.57732],[-120.5675,38.57738],[-120.56752,38.57738],[-120.56775,38.57744],[-120.56796,38.5775],[-120.56815,38.57755],[-120.56849,38.57765],[-120.56858,38.57767],[-120.56881,38.57772],[-120.56922,38.57776],[-120.56926,38.57777],[-120.56944,38.57781],[-120.56969,38.57789],[-120.56981,38.57793],[-120.5699,38.57796],[-120.57,38.57799],[-120.5701,38.57805],[-120.57019,38.57809],[-120.5703,38.57814],[-120.5705,38.57823],[-120.5706,38.57828],[-120.57093,38.57844],[-120.57124,38.57861],[-120.57151,38.57879],[-120.57152,38.5788],[-120.57169,38.57892],[-120.57191,38.57909],[-120.57194,38.57911],[-120.57202,38.57917],[-120.57218,38.57929],[-120.57227,38.57936],[-120.57236,38.57943],[-120.57246,38.5795],[-120.57251,38.57954],[-120.57257,38.57959],[-120.57269,38.57972],[-120.57279,38.57983],[-120.57283,38.57987],[-120.5729,38.57995],[-120.57293,38.57997],[-120.57297,38.58001],[-120.57324,38.58029],[-120.57338,38.58043],[-120.57339,38.58043],[-120.57352,38.58057],[-120.57353,38.58057],[-120.57362,38.58067],[-120.57366,38.58071],[-120.57367,38.58071],[-120.57375,38.58081],[-120.57377,38.58083],[-120.57385,38.58096],[-120.57389,38.58102],[-120.57392,38.58104],[-120.57394,38.58106],[-120.57395,38.58107],[-120.57399,38.58109],[-120.57402,38.5811],[-120.57406,38.58111],[-120.57407,38.58112],[-120.57411,38.58113],[-120.57418,38.58115],[-120.57422,38.58116],[-120.57423,38.58116],[-120.57429,38.58117],[-120.57446,38.58119],[-120.57453,38.5812],[-120.57481,38.58124],[-120.57491,38.58127],[-120.57496,38.58128],[-120.57509,38.58131],[-120.57555,38.58144],[-120.57561,38.58145],[-120.57583,38.5815],[-120.57605,38.58156],[-120.57621,38.58159],[-120.57625,38.5816],[-120.57627,38.58161],[-120.57661,38.58168],[-120.5769,38.58173],[-120.57697,38.58172],[-120.57709,38.58172],[-120.57732,38.58169],[-120.5777,38.58164],[-120.57801,38.5816],[-120.57824,38.58158],[-120.57826,38.58158],[-120.5783,38.58157],[-120.57845,38.58155],[-120.57849,38.58155],[-120.5786,38.58153],[-120.57872,38.58151],[-120.57875,38.5815],[-120.57893,38.58146],[-120.57894,38.58146],[-120.57902,38.58144],[-120.57909,38.58143],[-120.57913,38.58142],[-120.57916,38.58141],[-120.57924,38.58139],[-120.57925,38.58139],[-120.57935,38.58136],[-120.57937,38.58135],[-120.57949,38.58131],[-120.57962,38.58126],[-120.57971,38.58122],[-120.57979,38.58119],[-120.57985,38.58116],[-120.58006,38.58106],[-120.58016,38.58101],[-120.58018,38.581],[-120.58036,38.58092],[-120.58038,38.58091],[-120.58058,38.58082],[-120.58065,38.58078],[-120.58077,38.58073],[-120.58125,38.5805],[-120.58137,38.58045],[-120.58144,38.58041],[-120.58154,38.58036],[-120.58156,38.58035],[-120.58165,38.58029],[-120.58174,38.58024],[-120.5818,38.5802],[-120.58189,38.58013],[-120.58191,38.58012],[-120.58207,38.57999],[-120.58222,38.57988],[-120.58226,38.57985]]}},{"type":"Feature","properties":{"_gpxType":"trk","name":"Caples Lake Resort, California 88, Kirkwood, CA - 5881 Omo Ranch Rd - 9135 Landrum St, Plymouth, CA 95669","coordinateProperties":{},"id":102},"geometry":{"type":"LineString","coordinates":[[-120.58226,38.57985],[-120.58237,38.57976],[-120.58238,38.57975],[-120.5826,38.57958],[-120.58276,38.57946],[-120.58292,38.57935],[-120.58301,38.57929],[-120.58312,38.57922],[-120.58324,38.57915],[-120.58326,38.57914],[-120.58342,38.57906],[-120.58362,38.57896],[-120.58365,38.57895],[-120.58388,38.57885],[-120.58405,38.57877],[-120.58412,38.57875],[-120.58454,38.57859],[-120.58476,38.5785],[-120.58494,38.57845],[-120.58511,38.57839],[-120.58537,38.57832],[-120.58554,38.57826],[-120.58567,38.57823],[-120.58583,38.57819],[-120.58594,38.57817],[-120.58608,38.57815],[-120.58621,38.57814],[-120.58628,38.57815],[-120.58633,38.57815],[-120.58645,38.57815],[-120.58656,38.57817],[-120.58693,38.57823],[-120.58712,38.57826],[-120.58737,38.5783],[-120.58752,38.57833],[-120.58761,38.57834],[-120.58771,38.57835],[-120.58802,38.57837],[-120.58821,38.57838],[-120.58826,38.57839],[-120.58855,38.57839],[-120.58867,38.57838],[-120.58878,38.57838],[-120.58889,38.57838],[-120.58897,38.57837],[-120.58912,38.57836],[-120.58935,38.57835],[-120.58938,38.57835],[-120.58949,38.57835],[-120.58958,38.57834],[-120.58981,38.57834],[-120.58986,38.57834],[-120.59004,38.57834],[-120.59035,38.57835],[-120.59054,38.57836],[-120.59073,38.57835],[-120.59074,38.57835],[-120.59096,38.57833],[-120.59097,38.57833],[-120.59119,38.5783],[-120.59134,38.57828],[-120.59142,38.57827],[-120.59209,38.57816],[-120.59217,38.57814],[-120.59226,38.57813],[-120.59273,38.57807],[-120.59277,38.57807],[-120.59296,38.57804],[-120.59316,38.57802],[-120.59323,38.57802],[-120.59342,38.578],[-120.5936,38.57799],[-120.59368,38.57799],[-120.59381,38.57799],[-120.59388,38.57799],[-120.59397,38.578],[-120.59411,38.57802],[-120.59426,38.57806],[-120.59446,38.57811],[-120.59454,38.57813],[-120.59457,38.57815],[-120.59496,38.57827],[-120.59513,38.57832],[-120.59538,38.5784],[-120.59547,38.57843],[-120.59568,38.57849],[-120.59582,38.57852],[-120.59602,38.57856],[-120.59605,38.57857],[-120.59612,38.57858],[-120.59627,38.5786],[-120.59629,38.5786],[-120.59654,38.57864],[-120.59671,38.57866],[-120.59692,38.5787],[-120.5971,38.57874],[-120.59739,38.5788],[-120.59762,38.57885],[-120.59784,38.57889],[-120.59817,38.57896],[-120.59842,38.57902],[-120.59851,38.57903],[-120.5986,38.57905],[-120.59875,38.57908],[-120.59892,38.57909],[-120.5991,38.57909],[-120.5993,38.57908],[-120.59953,38.57906],[-120.59964,38.57905],[-120.59987,38.57903],[-120.60008,38.57901],[-120.60033,38.57899],[-120.60051,38.57898],[-120.60056,38.57898],[-120.60072,38.57897],[-120.60079,38.57897],[-120.60094,38.57897],[-120.60112,38.57896],[-120.60122,38.57895],[-120.60125,38.57895],[-120.60131,38.57894],[-120.60147,38.57891],[-120.60157,38.57888],[-120.60167,38.57886],[-120.60169,38.57886],[-120.60175,38.57885],[-120.60182,38.57884],[-120.60192,38.57882],[-120.60199,38.57882],[-120.60212,38.57881],[-120.60222,38.57882],[-120.60236,38.57882],[-120.60249,38.57884],[-120.60261,38.57886],[-120.60273,38.57887],[-120.60283,38.57889],[-120.60287,38.57889],[-120.60296,38.57891],[-120.603,38.57892],[-120.60305,38.57894],[-120.60309,38.57895],[-120.60316,38.57898],[-120.60325,38.57902],[-120.60333,38.57906],[-120.60341,38.57911],[-120.60344,38.57913],[-120.60349,38.57917],[-120.6036,38.57925],[-120.6036,38.57926],[-120.60376,38.57939],[-120.60392,38.57952],[-120.60401,38.57959],[-120.60425,38.57977],[-120.60426,38.57978],[-120.60432,38.57982],[-120.60439,38.57988],[-120.60441,38.5799],[-120.60443,38.57992],[-120.60447,38.57996],[-120.60452,38.58002],[-120.60454,38.58005],[-120.60455,38.58007],[-120.60459,38.58015],[-120.60461,38.58022],[-120.60464,38.5803],[-120.60467,38.58041],[-120.60469,38.58047],[-120.60472,38.58053],[-120.60473,38.58056],[-120.60475,38.58059],[-120.60479,38.58065],[-120.60483,38.5807],[-120.60485,38.58072],[-120.60488,38.58075],[-120.60496,38.58081],[-120.60503,38.58086],[-120.60513,38.58093],[-120.60519,38.58096],[-120.60523,38.58098],[-120.60537,38.58105],[-120.60538,38.58105],[-120.60548,38.58109],[-120.60559,38.58113],[-120.60562,38.58115],[-120.60576,38.5812],[-120.6058,38.58121],[-120.60589,38.58123],[-120.60596,38.58125],[-120.60602,38.58126],[-120.60603,38.58126],[-120.60616,38.58128],[-120.60624,38.58129],[-120.60633,38.5813],[-120.60647,38.58131],[-120.60653,38.58132],[-120.6067,38.58132],[-120.60675,38.58133],[-120.60693,38.58134],[-120.60706,38.58134],[-120.60716,38.58134],[-120.60732,38.58135],[-120.60739,38.58135],[-120.60762,38.58135],[-120.60785,38.58136],[-120.60789,38.58136],[-120.60823,38.58137],[-120.60854,38.5814],[-120.60864,38.5814],[-120.60877,38.58141],[-120.60895,38.58142],[-120.609,38.58143],[-120.60908,38.58143],[-120.60918,38.58144],[-120.60923,38.58144],[-120.6093,38.58145],[-120.60939,38.58145],[-120.60946,38.58145],[-120.60953,38.58145],[-120.60964,38.58145],[-120.60969,38.58145],[-120.60975,38.58144],[-120.60988,38.58144],[-120.60992,38.58143],[-120.61,38.58142],[-120.61015,38.58141],[-120.61017,38.5814],[-120.61029,38.58139],[-120.61037,38.58137],[-120.61056,38.58134],[-120.6106,38.58134],[-120.61069,38.58132],[-120.6108,38.58131],[-120.61094,38.5813],[-120.61103,38.5813],[-120.61105,38.5813],[-120.61114,38.5813],[-120.61128,38.5813],[-120.61144,38.5813],[-120.61158,38.5813],[-120.6117,38.58129],[-120.6118,38.58127],[-120.61192,38.58125],[-120.61201,38.58123],[-120.61211,38.58121],[-120.61218,38.58118],[-120.61233,38.58114],[-120.6124,38.58112],[-120.61245,38.5811],[-120.61254,38.58107],[-120.61261,38.58104],[-120.61264,38.58103],[-120.61279,38.58098],[-120.61297,38.58094],[-120.61304,38.58091],[-120.61318,38.58088],[-120.61328,38.58085],[-120.6134,38.58079],[-120.61351,38.58072],[-120.61355,38.5807],[-120.61359,38.58067],[-120.61364,38.58063],[-120.61372,38.58055],[-120.61379,38.58047],[-120.6138,38.58046],[-120.61391,38.58032],[-120.61402,38.58016],[-120.61406,38.5801],[-120.61407,38.58009],[-120.61411,38.58003],[-120.61414,38.57997],[-120.61418,38.5799],[-120.6142,38.57983],[-120.61422,38.57977],[-120.61424,38.57969],[-120.61425,38.57965],[-120.61428,38.57948],[-120.6143,38.57941],[-120.61431,38.57936],[-120.61434,38.57931],[-120.61436,38.57927],[-120.61441,38.57922],[-120.61444,38.57919],[-120.61451,38.57914],[-120.61456,38.57911],[-120.61462,38.57909],[-120.61468,38.57908],[-120.61471,38.57907],[-120.61477,38.57907],[-120.61479,38.57907],[-120.61486,38.57907],[-120.61491,38.57908],[-120.61495,38.57908],[-120.61501,38.5791],[-120.6151,38.57912],[-120.61518,38.57915],[-120.6152,38.57917],[-120.61523,38.57918],[-120.6153,38.57923],[-120.61531,38.57924],[-120.61535,38.57928],[-120.6154,38.57933],[-120.61545,38.57938],[-120.61549,38.57944],[-120.61551,38.57946],[-120.61557,38.57954],[-120.6156,38.57958],[-120.6157,38.5797],[-120.61581,38.57982],[-120.61588,38.57989],[-120.61596,38.57998],[-120.61601,38.58003],[-120.61602,38.58004],[-120.6161,38.58012],[-120.61616,38.58017],[-120.61625,38.58026],[-120.61631,38.58031],[-120.6164,38.58039],[-120.61648,38.58043],[-120.61653,38.58046],[-120.61661,38.58048],[-120.61663,38.58049],[-120.61668,38.58051],[-120.6167,38.58052],[-120.61679,38.58053],[-120.61683,38.58053],[-120.61686,38.58054],[-120.61691,38.58054],[-120.61694,38.58054],[-120.61703,38.58053],[-120.61705,38.58053],[-120.6171,38.58052],[-120.61714,38.58051],[-120.61716,38.58051],[-120.61727,38.58048],[-120.61728,38.58048],[-120.61739,38.58045],[-120.61749,38.58042],[-120.61757,38.58039],[-120.61765,38.58036],[-120.61778,38.58032],[-120.6179,38.58028],[-120.61809,38.58022],[-120.61823,38.58018],[-120.61835,38.58015],[-120.61836,38.58015],[-120.61843,38.58013],[-120.61849,38.58012],[-120.61857,38.5801],[-120.61863,38.58009],[-120.61865,38.58009],[-120.61882,38.58006],[-120.61902,38.58003],[-120.61905,38.58002],[-120.6191,38.58001],[-120.61924,38.57999],[-120.61941,38.57997],[-120.61947,38.57996],[-120.61976,38.57992],[-120.61992,38.5799],[-120.61999,38.57989],[-120.62001,38.57989],[-120.62037,38.57982],[-120.62038,38.57982],[-120.62045,38.5798],[-120.62059,38.57976],[-120.62082,38.57974],[-120.62105,38.57972],[-120.62106,38.57972],[-120.62113,38.57972],[-120.62118,38.57972],[-120.62128,38.57973],[-120.62131,38.57973],[-120.62136,38.57974],[-120.62147,38.57974],[-120.62151,38.57975],[-120.62157,38.57976],[-120.62159,38.57976],[-120.62173,38.57979],[-120.6218,38.57981],[-120.62181,38.57981],[-120.62195,38.57985],[-120.62203,38.57987],[-120.62214,38.5799],[-120.62225,38.57992],[-120.62238,38.57996],[-120.62293,38.58011],[-120.62355,38.58028],[-120.62377,38.58034],[-120.62401,38.58041],[-120.62472,38.58061],[-120.62503,38.58069],[-120.62507,38.5807],[-120.62529,38.58075],[-120.62577,38.58087],[-120.62595,38.58091],[-120.62606,38.58094],[-120.62623,38.58097],[-120.62639,38.58099],[-120.62641,38.581],[-120.62654,38.58101],[-120.62662,38.58101],[-120.62671,38.58101],[-120.6268,38.58101],[-120.62702,38.58101],[-120.62726,38.58099],[-120.6275,38.58097],[-120.62754,38.58097],[-120.62777,38.58094],[-120.62781,38.58093],[-120.62799,38.5809],[-120.62822,38.58086],[-120.62838,38.58084],[-120.62853,38.58081],[-120.62867,38.58079],[-120.62869,38.58079],[-120.6288,38.58077],[-120.6289,38.58078],[-120.62901,38.58078],[-120.62913,38.58078],[-120.6292,38.58079],[-120.62936,38.5808],[-120.62944,38.5808],[-120.62965,38.5808],[-120.62977,38.5808],[-120.62988,38.58079],[-120.63004,38.58077],[-120.63027,38.58073],[-120.63031,38.58072],[-120.63049,38.58069],[-120.63058,38.58068],[-120.63071,38.58067],[-120.63072,38.58066],[-120.63088,38.58065],[-120.63095,38.58064],[-120.63099,38.58064],[-120.63113,38.58062],[-120.63118,38.58061],[-120.63126,38.5806],[-120.63139,38.58056],[-120.63163,38.58049],[-120.63182,38.58042],[-120.63203,38.58035],[-120.63214,38.58031],[-120.63249,38.58018],[-120.63281,38.5801],[-120.63288,38.58008],[-120.63291,38.58007],[-120.6331,38.58002],[-120.63332,38.57996],[-120.63371,38.57985],[-120.63397,38.57979],[-120.63419,38.57973],[-120.6347,38.5796],[-120.63498,38.57954],[-120.6352,38.57948],[-120.6354,38.57943],[-120.6355,38.57939],[-120.63559,38.57937],[-120.63571,38.57932],[-120.63574,38.57931],[-120.63586,38.57926],[-120.63591,38.57923],[-120.63607,38.57915],[-120.6361,38.57913],[-120.63632,38.57899],[-120.63663,38.57879],[-120.63666,38.57878],[-120.63682,38.57868],[-120.63687,38.57866],[-120.63702,38.57859],[-120.63736,38.57843],[-120.63741,38.57841],[-120.63761,38.57832],[-120.63781,38.57823],[-120.63786,38.57821],[-120.63797,38.57815],[-120.638,38.57813],[-120.63808,38.57807],[-120.63815,38.57801],[-120.63816,38.578],[-120.63825,38.57787],[-120.63826,38.57784],[-120.63841,38.5775],[-120.63842,38.57749],[-120.63854,38.57735],[-120.63867,38.57723],[-120.6387,38.57722],[-120.63887,38.5771],[-120.63892,38.57706],[-120.63915,38.57693],[-120.63934,38.57679],[-120.63954,38.57661],[-120.63958,38.57657],[-120.63967,38.5765],[-120.6397,38.57648],[-120.63986,38.5764],[-120.6399,38.57639],[-120.63998,38.57635],[-120.64008,38.57631],[-120.6401,38.5763],[-120.64024,38.57626],[-120.64038,38.57624],[-120.64053,38.57622],[-120.6408,38.57619],[-120.64095,38.57618],[-120.641,38.57617],[-120.64109,38.57616],[-120.64123,38.57614],[-120.64126,38.57614],[-120.64146,38.57612],[-120.64151,38.57612],[-120.64164,38.57611],[-120.64181,38.57611],[-120.64202,38.57614],[-120.64212,38.57617],[-120.64214,38.57618],[-120.64221,38.5762],[-120.64234,38.57626],[-120.64238,38.57627],[-120.64254,38.57635],[-120.64267,38.57639],[-120.64278,38.57642],[-120.6429,38.57645],[-120.64301,38.57648],[-120.6431,38.5765],[-120.64316,38.57653],[-120.64323,38.57656],[-120.6433,38.5766],[-120.64336,38.57664],[-120.64342,38.57669],[-120.64347,38.57675],[-120.6435,38.57679],[-120.64352,38.57681],[-120.6436,38.57692],[-120.64363,38.57694],[-120.64366,38.57698],[-120.64372,38.57704],[-120.6438,38.5771],[-120.64388,38.57714],[-120.64396,38.57718],[-120.64398,38.57719],[-120.64406,38.57722],[-120.64413,38.57724],[-120.64418,38.57724],[-120.64426,38.57725],[-120.64447,38.57726],[-120.64464,38.57725],[-120.64465,38.57725],[-120.6448,38.57723],[-120.64486,38.57723],[-120.64494,38.57722],[-120.64509,38.57719],[-120.64514,38.57718],[-120.64531,38.57714],[-120.64535,38.57713],[-120.64551,38.57708],[-120.64553,38.57707],[-120.64565,38.57704],[-120.64574,38.577],[-120.64577,38.57699],[-120.64587,38.57694],[-120.64606,38.57684],[-120.64623,38.57672],[-120.64628,38.57668],[-120.64645,38.57655],[-120.64659,38.57645],[-120.64673,38.57636],[-120.64685,38.57629],[-120.64691,38.57626],[-120.64697,38.57623],[-120.64704,38.57619],[-120.6471,38.57616],[-120.64716,38.57613],[-120.64733,38.57601],[-120.6475,38.57589],[-120.64751,38.57589],[-120.64763,38.57581],[-120.64775,38.57572],[-120.6478,38.57568],[-120.64785,38.57565],[-120.64801,38.57554],[-120.64822,38.57538],[-120.64831,38.57532],[-120.64837,38.57528],[-120.64848,38.57521],[-120.64859,38.57514],[-120.64868,38.5751],[-120.64874,38.57507],[-120.64891,38.575],[-120.64893,38.57499],[-120.64908,38.57493],[-120.64916,38.5749],[-120.64929,38.57485],[-120.64935,38.57483],[-120.64943,38.5748],[-120.64961,38.57473],[-120.64974,38.57467],[-120.64987,38.5746],[-120.64994,38.57456],[-120.64999,38.57452],[-120.65006,38.57448],[-120.65011,38.57444],[-120.65023,38.57435],[-120.65038,38.57422],[-120.65051,38.57411],[-120.65069,38.57396],[-120.65088,38.5738],[-120.65117,38.57357],[-120.65134,38.57345],[-120.65144,38.57337],[-120.65163,38.57323],[-120.65183,38.57307],[-120.65186,38.57305],[-120.65196,38.57297],[-120.652,38.57295],[-120.65205,38.57291],[-120.65216,38.57285],[-120.65218,38.57284],[-120.65225,38.5728],[-120.65235,38.57276],[-120.65238,38.57275],[-120.65246,38.57272],[-120.65254,38.5727],[-120.65259,38.57268],[-120.65263,38.57267],[-120.65275,38.57265],[-120.65289,38.57262],[-120.65302,38.57261],[-120.65304,38.57261],[-120.65323,38.57259],[-120.65327,38.57259],[-120.65339,38.57258],[-120.6535,38.57256],[-120.65355,38.57255],[-120.65367,38.57252],[-120.65372,38.5725],[-120.65381,38.57247],[-120.65391,38.57242],[-120.65391,38.57241],[-120.65401,38.57236],[-120.65408,38.57232],[-120.6541,38.57231],[-120.65415,38.57227],[-120.65422,38.57221],[-120.65429,38.57215],[-120.65438,38.57207],[-120.65449,38.572],[-120.65457,38.57195],[-120.65459,38.57193],[-120.6546,38.57193],[-120.65466,38.5719],[-120.65476,38.57186],[-120.6548,38.57186],[-120.65482,38.57185],[-120.6549,38.57184],[-120.65491,38.57184],[-120.65498,38.57184],[-120.65503,38.57185],[-120.65505,38.57185],[-120.65515,38.57186],[-120.65526,38.57188],[-120.65536,38.57189],[-120.65548,38.57191],[-120.65571,38.57194],[-120.65581,38.57195],[-120.65584,38.57195],[-120.65611,38.57201],[-120.65626,38.57205],[-120.65628,38.57206],[-120.65637,38.57209],[-120.65644,38.57212],[-120.65665,38.57224],[-120.65683,38.57236],[-120.6571,38.57257],[-120.65726,38.5727],[-120.65729,38.57273],[-120.6574,38.57284],[-120.65748,38.57293],[-120.65754,38.57299],[-120.65767,38.57313],[-120.65771,38.57318],[-120.65781,38.57328],[-120.65794,38.57342],[-120.65795,38.57344],[-120.65809,38.57356],[-120.65812,38.57359],[-120.65842,38.57382],[-120.65863,38.57398],[-120.65882,38.57412],[-120.65892,38.57418],[-120.65896,38.5742],[-120.65905,38.57425],[-120.65912,38.57428],[-120.65916,38.5743],[-120.65929,38.57435],[-120.65944,38.57438],[-120.6596,38.57441],[-120.65978,38.57444],[-120.66,38.57447],[-120.66007,38.57448],[-120.66022,38.5745],[-120.66036,38.57452],[-120.66045,38.57454],[-120.66058,38.57456],[-120.66067,38.57458],[-120.6608,38.57462],[-120.66089,38.57465],[-120.66104,38.5747],[-120.66116,38.57473],[-120.66128,38.57475],[-120.66133,38.57475],[-120.66138,38.57475],[-120.66148,38.57474],[-120.66155,38.57472],[-120.66165,38.57471],[-120.66177,38.57468],[-120.66199,38.57462],[-120.66243,38.57451],[-120.66266,38.57444],[-120.66271,38.57442],[-120.66285,38.57437],[-120.66287,38.57436],[-120.66308,38.57429],[-120.66316,38.57427],[-120.66335,38.57421],[-120.66336,38.57421],[-120.66352,38.57418],[-120.66357,38.57417],[-120.66361,38.57417],[-120.66368,38.57416],[-120.66375,38.57416],[-120.6638,38.57415],[-120.66383,38.57415],[-120.66395,38.57414],[-120.66397,38.57414],[-120.66403,38.57413],[-120.66412,38.57411],[-120.66446,38.57403],[-120.6645,38.57402],[-120.66469,38.57397],[-120.66485,38.57392],[-120.6649,38.57391],[-120.66494,38.5739],[-120.66507,38.57386],[-120.66512,38.57385],[-120.66547,38.57375],[-120.66555,38.57373],[-120.66594,38.57363],[-120.66602,38.57361],[-120.66609,38.5736],[-120.66616,38.57359],[-120.66618,38.57359],[-120.6663,38.57358],[-120.66639,38.57357],[-120.6664,38.57357],[-120.66656,38.57357],[-120.66662,38.57357],[-120.66685,38.57356],[-120.66695,38.57356],[-120.66708,38.57356],[-120.66734,38.57355],[-120.6677,38.57355],[-120.66787,38.57355],[-120.668,38.57355],[-120.66807,38.57355],[-120.66814,38.57355],[-120.66822,38.57356],[-120.66831,38.57356],[-120.66851,38.57359],[-120.6687,38.57361],[-120.66886,38.57362],[-120.66896,38.57363],[-120.66908,38.57363],[-120.66919,38.57363],[-120.66936,38.57363],[-120.66943,38.57363],[-120.66958,38.57362],[-120.66988,38.5736],[-120.67007,38.5736],[-120.67021,38.5736],[-120.67034,38.5736],[-120.67045,38.5736],[-120.67053,38.5736],[-120.67065,38.57361],[-120.67069,38.57361],[-120.67073,38.57362],[-120.67085,38.57363],[-120.67098,38.57365],[-120.6711,38.57366],[-120.6713,38.57369],[-120.67158,38.57371],[-120.67175,38.57372],[-120.67178,38.57373],[-120.67193,38.57373],[-120.67195,38.57373],[-120.67198,38.57374],[-120.67215,38.57374],[-120.67216,38.57374],[-120.67221,38.57374],[-120.67239,38.57375],[-120.67244,38.57375],[-120.6727,38.57376],[-120.67292,38.57376],[-120.67308,38.57376],[-120.67313,38.57376],[-120.67336,38.57375],[-120.67352,38.57374],[-120.6738,38.57373],[-120.67382,38.57373],[-120.674,38.57371],[-120.67412,38.57371],[-120.67423,38.5737],[-120.67443,38.57369],[-120.67451,38.57368],[-120.67469,38.57367],[-120.67474,38.57367],[-120.67487,38.57366],[-120.67522,38.57364],[-120.67555,38.57363],[-120.67561,38.57362],[-120.67581,38.57361],[-120.67584,38.57361],[-120.67592,38.5736],[-120.67607,38.57359],[-120.67612,38.57358],[-120.67623,38.57357],[-120.67629,38.57356],[-120.6764,38.57355],[-120.67668,38.57352],[-120.67672,38.57352],[-120.67675,38.57352],[-120.67697,38.5735],[-120.67698,38.5735],[-120.67714,38.57349],[-120.67727,38.57348],[-120.67759,38.57345],[-120.67785,38.57343],[-120.67806,38.57341],[-120.67819,38.5734],[-120.67835,38.57338],[-120.67847,38.57337],[-120.67851,38.57337],[-120.67866,38.57336],[-120.67874,38.57336],[-120.67882,38.57335],[-120.67895,38.57335],[-120.67908,38.57336],[-120.67926,38.57337],[-120.67943,38.57339],[-120.67946,38.57339],[-120.67955,38.5734],[-120.67963,38.5734],[-120.67966,38.5734],[-120.6797,38.5734],[-120.67983,38.5734],[-120.67989,38.5734],[-120.67995,38.5734],[-120.68006,38.57339],[-120.68012,38.57338],[-120.68018,38.57337],[-120.68025,38.57336],[-120.68045,38.57333],[-120.68062,38.5733],[-120.68063,38.5733],[-120.6807,38.57329],[-120.6808,38.57328],[-120.68086,38.57328],[-120.68097,38.57328],[-120.68103,38.57328],[-120.6812,38.57328],[-120.68138,38.57327],[-120.68154,38.57326],[-120.68155,38.57326],[-120.68171,38.57325],[-120.68194,38.57323],[-120.68217,38.5732],[-120.68226,38.57319],[-120.6824,38.57317],[-120.68248,38.57316],[-120.68263,38.57314],[-120.68269,38.57313],[-120.68276,38.57312],[-120.68299,38.57309],[-120.68337,38.57303],[-120.68403,38.5729],[-120.68408,38.57289],[-120.6847,38.57277],[-120.68515,38.57268],[-120.68524,38.57266],[-120.68533,38.57265],[-120.68546,38.57262],[-120.68559,38.5726],[-120.68568,38.57258],[-120.68574,38.57257],[-120.68581,38.57255],[-120.68591,38.57253],[-120.686,38.57251],[-120.68613,38.57248],[-120.68624,38.57246],[-120.68638,38.57243],[-120.68649,38.5724],[-120.6868,38.57233],[-120.68701,38.57228],[-120.68704,38.57228],[-120.68709,38.57226],[-120.68723,38.57223],[-120.68752,38.57216],[-120.68783,38.57208],[-120.68792,38.57206],[-120.68811,38.57202],[-120.68814,38.57201],[-120.68831,38.57198],[-120.68836,38.57197],[-120.68843,38.57195],[-120.68855,38.57193],[-120.68856,38.57193],[-120.68859,38.57193],[-120.68878,38.5719],[-120.68909,38.57186],[-120.68914,38.57185],[-120.68924,38.57184],[-120.68936,38.57182],[-120.68946,38.57181],[-120.68957,38.57179],[-120.68969,38.57178],[-120.68972,38.57177],[-120.69004,38.57173],[-120.69005,38.57173],[-120.69014,38.57172],[-120.69026,38.57171],[-120.69027,38.57171],[-120.69039,38.57169],[-120.69057,38.57167],[-120.69067,38.57165],[-120.69073,38.57164],[-120.69074,38.57164],[-120.69088,38.57161],[-120.69095,38.5716],[-120.69099,38.57159],[-120.6911,38.57155],[-120.69116,38.57153],[-120.69119,38.57151],[-120.69127,38.57148],[-120.69133,38.57144],[-120.69139,38.5714],[-120.69145,38.57137],[-120.69151,38.57133],[-120.69156,38.57129],[-120.69169,38.57118],[-120.69175,38.57114],[-120.69194,38.57101],[-120.69204,38.57095],[-120.69205,38.57094],[-120.69219,38.57087],[-120.69223,38.57085],[-120.69233,38.5708],[-120.69242,38.57076],[-120.69245,38.57074],[-120.69256,38.5707],[-120.69268,38.57066],[-120.69279,38.57063],[-120.69285,38.57061],[-120.69294,38.57059],[-120.69307,38.57056],[-120.69312,38.57055],[-120.69324,38.57053],[-120.69329,38.57052],[-120.69334,38.57051],[-120.69346,38.5705],[-120.69352,38.57049],[-120.69354,38.57049],[-120.69364,38.57049],[-120.69375,38.57048],[-120.6938,38.57048],[-120.69393,38.57048],[-120.69398,38.57048],[-120.69405,38.57048],[-120.69418,38.57049],[-120.69421,38.57049],[-120.69434,38.5705],[-120.69444,38.57051],[-120.69445,38.57051],[-120.69458,38.57052],[-120.69466,38.57053],[-120.69468,38.57053],[-120.69477,38.57054],[-120.69485,38.57054],[-120.69489,38.57054],[-120.69491,38.57054],[-120.69497,38.57054],[-120.69507,38.57053],[-120.69512,38.57052],[-120.69513,38.57052],[-120.69518,38.57051],[-120.69526,38.5705],[-120.69534,38.57048],[-120.69541,38.57046],[-120.69546,38.57044],[-120.69556,38.57041],[-120.69571,38.57036],[-120.69577,38.57033],[-120.69581,38.57032],[-120.6959,38.57027],[-120.69597,38.57025],[-120.69602,38.57022],[-120.69614,38.57016],[-120.69616,38.57015],[-120.6963,38.57007],[-120.69635,38.57005],[-120.69642,38.57001],[-120.69654,38.56994],[-120.69661,38.5699],[-120.69676,38.56982],[-120.69688,38.56975],[-120.69692,38.56974],[-120.69696,38.56972],[-120.69704,38.56969],[-120.69712,38.56965],[-120.69719,38.56962],[-120.69728,38.56959],[-120.69733,38.56958],[-120.69736,38.56956],[-120.6975,38.56952],[-120.69762,38.56949],[-120.6977,38.56947],[-120.69782,38.56944],[-120.69792,38.56942],[-120.69803,38.56939],[-120.69829,38.56935],[-120.69843,38.56933],[-120.69865,38.56929],[-120.69884,38.56926],[-120.69888,38.56926],[-120.6989,38.56926],[-120.69897,38.56925],[-120.69906,38.56925],[-120.69915,38.56925],[-120.69928,38.56925],[-120.69957,38.56926],[-120.69965,38.56927],[-120.69973,38.56927],[-120.69981,38.56927],[-120.69987,38.56927],[-120.69992,38.56926],[-120.69995,38.56926],[-120.70003,38.56924],[-120.70006,38.56924],[-120.70023,38.5692],[-120.70037,38.56917],[-120.70056,38.56911],[-120.70068,38.56908],[-120.70075,38.56905],[-120.7009,38.56901],[-120.70101,38.56897],[-120.70118,38.56892],[-120.70131,38.56887],[-120.70132,38.56887],[-120.70143,38.56881],[-120.70151,38.56877],[-120.70155,38.56876],[-120.70168,38.56869],[-120.70171,38.56868],[-120.70179,38.56863],[-120.70191,38.56856],[-120.70204,38.56848],[-120.70217,38.56841],[-120.70227,38.56835],[-120.70247,38.56825],[-120.70259,38.56818],[-120.70264,38.56815],[-120.70269,38.56812],[-120.70272,38.56811],[-120.70276,38.56809],[-120.70286,38.56802],[-120.70293,38.56797],[-120.703,38.56793],[-120.70302,38.56791],[-120.70311,38.56784],[-120.70321,38.56776],[-120.70332,38.56767],[-120.70355,38.56749],[-120.70411,38.56711],[-120.70442,38.5669],[-120.70446,38.56687],[-120.70455,38.56681],[-120.7046,38.56679],[-120.70466,38.56676],[-120.70471,38.56674],[-120.70476,38.56672],[-120.70485,38.5667],[-120.70493,38.56668],[-120.70497,38.56667],[-120.70504,38.56666],[-120.70505,38.56666],[-120.7051,38.56666],[-120.70529,38.56664],[-120.70557,38.56663],[-120.70597,38.56661],[-120.70606,38.56661],[-120.70609,38.56661],[-120.7062,38.5666],[-120.7064,38.56659],[-120.70655,38.56658],[-120.70668,38.56657],[-120.70701,38.56655],[-120.70746,38.5665],[-120.70766,38.56648],[-120.70787,38.56646],[-120.70792,38.56645],[-120.70809,38.56644],[-120.7084,38.56641],[-120.70883,38.56637],[-120.70901,38.56636],[-120.70906,38.56635],[-120.70922,38.56634],[-120.70924,38.56634],[-120.70975,38.56629],[-120.71003,38.56627],[-120.71015,38.56626],[-120.71021,38.56626],[-120.71028,38.56625],[-120.71043,38.56624],[-120.71068,38.56622],[-120.71089,38.5662],[-120.71106,38.56619],[-120.71143,38.56617],[-120.71153,38.56617],[-120.71174,38.56615],[-120.71176,38.56615],[-120.71222,38.56613],[-120.71244,38.56611],[-120.7131,38.56607],[-120.71336,38.56606],[-120.71359,38.56604],[-120.71381,38.56602],[-120.71405,38.566],[-120.71487,38.56593],[-120.71573,38.56585],[-120.71641,38.56579],[-120.71645,38.56578],[-120.71664,38.56577],[-120.71687,38.56574],[-120.71733,38.5657],[-120.71778,38.56566],[-120.71841,38.56561],[-120.71892,38.56556],[-120.7191,38.56555],[-120.71938,38.56553],[-120.72012,38.56546],[-120.72036,38.56543],[-120.72048,38.5654],[-120.72054,38.56539],[-120.72055,38.56539],[-120.7207,38.56535],[-120.72072,38.56534],[-120.7209,38.56529],[-120.72103,38.56524],[-120.72116,38.56519],[-120.72118,38.56518],[-120.72129,38.56511],[-120.72142,38.56502],[-120.72155,38.56491],[-120.72163,38.56484],[-120.72177,38.5647],[-120.72181,38.56466],[-120.72192,38.56456],[-120.72216,38.56435],[-120.72243,38.5641],[-120.72266,38.56387],[-120.72268,38.56386],[-120.7228,38.56373],[-120.72293,38.56359],[-120.72294,38.56359],[-120.72307,38.56344],[-120.72316,38.56335],[-120.72335,38.56315],[-120.72336,38.56314],[-120.72354,38.56296],[-120.72367,38.56284],[-120.7238,38.56275],[-120.72393,38.56267],[-120.72394,38.56266],[-120.72406,38.56261],[-120.72415,38.56257],[-120.72425,38.56254],[-120.72438,38.56251],[-120.72438,38.56251],[-120.72433,38.56236],[-120.72433,38.56235],[-120.7243,38.5622],[-120.7243,38.56217],[-120.72429,38.562],[-120.72428,38.56193],[-120.72431,38.56171],[-120.72436,38.56147],[-120.72436,38.56146],[-120.72442,38.56129],[-120.72444,38.56123],[-120.7245,38.56112],[-120.72458,38.56095],[-120.72467,38.56078],[-120.72475,38.56061],[-120.72486,38.56039],[-120.725,38.56011],[-120.72511,38.55989],[-120.72528,38.55955],[-120.72531,38.55949],[-120.72533,38.55944],[-120.72536,38.55938],[-120.72545,38.55922],[-120.7255,38.55911],[-120.72559,38.55894],[-120.72567,38.55878],[-120.72573,38.55866],[-120.72578,38.55855],[-120.72585,38.55841],[-120.72587,38.55836],[-120.72589,38.5583],[-120.72593,38.55816],[-120.72597,38.55802],[-120.72599,38.55788],[-120.726,38.55783],[-120.72602,38.55772],[-120.72606,38.55753],[-120.72608,38.55748],[-120.72611,38.55738],[-120.72614,38.5573],[-120.72615,38.55726],[-120.72622,38.55712],[-120.72634,38.55689],[-120.72643,38.55675],[-120.72657,38.55658],[-120.72671,38.55643],[-120.72689,38.55622],[-120.72698,38.55612],[-120.72702,38.55607],[-120.72728,38.55578],[-120.72759,38.55543],[-120.7277,38.55533],[-120.72778,38.55525],[-120.72781,38.55522],[-120.72795,38.55512],[-120.72808,38.55503],[-120.72811,38.55501],[-120.7283,38.55489],[-120.72844,38.55482],[-120.72849,38.55479],[-120.72869,38.5547],[-120.72883,38.55465],[-120.72903,38.55457],[-120.72937,38.55445],[-120.72952,38.5544],[-120.72982,38.55429],[-120.73016,38.55416],[-120.73034,38.55409],[-120.73054,38.554],[-120.73066,38.55394],[-120.73068,38.55393],[-120.73075,38.55389],[-120.73091,38.5538],[-120.73102,38.55372],[-120.73112,38.55365],[-120.73123,38.55356],[-120.73135,38.55346],[-120.73146,38.55335],[-120.73151,38.5533],[-120.73157,38.55323],[-120.73164,38.55315],[-120.73167,38.55311],[-120.73173,38.55302],[-120.73181,38.5529],[-120.73188,38.55279],[-120.73195,38.55267],[-120.73213,38.55234],[-120.73221,38.5522],[-120.73234,38.55196],[-120.73281,38.55113],[-120.73319,38.55045],[-120.73347,38.54996],[-120.73349,38.54992],[-120.73356,38.5498],[-120.73359,38.54976],[-120.73372,38.54958],[-120.73383,38.54944],[-120.73392,38.54934],[-120.73394,38.54932],[-120.73405,38.54919],[-120.73425,38.54897],[-120.73444,38.54875],[-120.73455,38.54862],[-120.73478,38.54838],[-120.73483,38.54833],[-120.73517,38.54798],[-120.73535,38.54779],[-120.7355,38.54764],[-120.73554,38.54759],[-120.73566,38.5475],[-120.73578,38.5474],[-120.73599,38.54725],[-120.73602,38.54723],[-120.73631,38.54705],[-120.73672,38.54681],[-120.73683,38.54672],[-120.73692,38.54663],[-120.73701,38.54653],[-120.73703,38.54651],[-120.73714,38.54638],[-120.73726,38.54621],[-120.73726,38.54621],[-120.73737,38.54606],[-120.73743,38.54598],[-120.73762,38.54572],[-120.73765,38.54568],[-120.73772,38.54563],[-120.7378,38.54559],[-120.73787,38.54557],[-120.73788,38.54556],[-120.73791,38.54556],[-120.73796,38.54555],[-120.73801,38.54554],[-120.73806,38.54554],[-120.73808,38.54554],[-120.73814,38.54555],[-120.73823,38.54556],[-120.73832,38.54559],[-120.73839,38.54563],[-120.73846,38.54567],[-120.73848,38.54569],[-120.7385,38.54571],[-120.73863,38.54583],[-120.73876,38.54595],[-120.73899,38.54614],[-120.73906,38.54618],[-120.7391,38.54622],[-120.73912,38.54623],[-120.73914,38.54625],[-120.73921,38.54629],[-120.73927,38.54632],[-120.73928,38.54633],[-120.73934,38.54635],[-120.73938,38.54636],[-120.73943,38.54637],[-120.73949,38.54637],[-120.7395,38.54637],[-120.73959,38.54637],[-120.73971,38.54634],[-120.73972,38.54633],[-120.73975,38.54633],[-120.73988,38.54629],[-120.73994,38.54628],[-120.73997,38.54627],[-120.74,38.54627],[-120.74014,38.54624],[-120.74017,38.54624],[-120.74023,38.54623],[-120.74031,38.54623],[-120.74039,38.54623],[-120.7404,38.54623],[-120.74043,38.54623],[-120.74051,38.54623],[-120.74063,38.54624],[-120.74073,38.54625],[-120.74082,38.54627],[-120.74088,38.54629],[-120.74106,38.54634],[-120.7411,38.54635],[-120.74128,38.54641],[-120.74131,38.54642],[-120.74149,38.54647],[-120.74181,38.54657],[-120.74201,38.54662],[-120.74203,38.54663],[-120.74214,38.54666],[-120.74223,38.54668],[-120.74226,38.54669],[-120.74237,38.5467],[-120.74246,38.5467],[-120.74258,38.5467],[-120.74272,38.54668],[-120.74293,38.54664],[-120.743,38.54661],[-120.74308,38.54658],[-120.74315,38.54655],[-120.74325,38.54647],[-120.74331,38.54642],[-120.74337,38.54637],[-120.74349,38.54627],[-120.74363,38.54616],[-120.74365,38.54614],[-120.74386,38.54598],[-120.74395,38.54593],[-120.74404,38.54586],[-120.74409,38.54582],[-120.74413,38.54578],[-120.74421,38.54569],[-120.74426,38.54562],[-120.74429,38.54555],[-120.74432,38.54548],[-120.74433,38.54546],[-120.74434,38.54541],[-120.74435,38.54538],[-120.74436,38.5453],[-120.74436,38.54529],[-120.74436,38.54522],[-120.74435,38.54514],[-120.74435,38.54512],[-120.74433,38.54505],[-120.7443,38.54496],[-120.74425,38.54486],[-120.74418,38.54476],[-120.74415,38.54472],[-120.7441,38.54466],[-120.74402,38.54457],[-120.74373,38.54428],[-120.74365,38.54417],[-120.74359,38.54406],[-120.74355,38.54396],[-120.74353,38.54384],[-120.74353,38.54371],[-120.74354,38.54363],[-120.74355,38.54359],[-120.74356,38.54354],[-120.74359,38.54349],[-120.74362,38.54342],[-120.74369,38.54331],[-120.74371,38.54329],[-120.74378,38.54322],[-120.74378,38.54321],[-120.74381,38.54319],[-120.74385,38.54316],[-120.74389,38.54313],[-120.74394,38.54309],[-120.74406,38.54302],[-120.74416,38.54296],[-120.74425,38.54291],[-120.74432,38.54286],[-120.74435,38.54285],[-120.74443,38.5428],[-120.74457,38.5427],[-120.74466,38.54264],[-120.74475,38.54257],[-120.74482,38.54251],[-120.74489,38.54245],[-120.74491,38.54242],[-120.74494,38.54239],[-120.74502,38.54229],[-120.74514,38.54213],[-120.74538,38.54172],[-120.74544,38.54162],[-120.74544,38.54161],[-120.74548,38.54155],[-120.7456,38.54135],[-120.74564,38.5413],[-120.74564,38.54129],[-120.74568,38.54123],[-120.74575,38.54113],[-120.74583,38.54101],[-120.7459,38.54091],[-120.7461,38.54067],[-120.74636,38.54038],[-120.74675,38.53993],[-120.74699,38.53965],[-120.74712,38.53951],[-120.74728,38.53932],[-120.74737,38.53921],[-120.74739,38.53918],[-120.74743,38.53911],[-120.74747,38.53904],[-120.74754,38.53888],[-120.74759,38.53873],[-120.7476,38.5387],[-120.74763,38.53858],[-120.74764,38.53853],[-120.74766,38.5384],[-120.74767,38.53828],[-120.74767,38.53813],[-120.74769,38.53763],[-120.74771,38.53711],[-120.74772,38.53675],[-120.74772,38.53657],[-120.74773,38.53627],[-120.74776,38.53599],[-120.7478,38.5358],[-120.74783,38.53565],[-120.74787,38.5355],[-120.74794,38.53531],[-120.74801,38.53514],[-120.74805,38.53506],[-120.74808,38.53498],[-120.74812,38.5349],[-120.74823,38.53472],[-120.74828,38.53466],[-120.74839,38.53451],[-120.74839,38.5345],[-120.74849,38.53439],[-120.74851,38.53435],[-120.74866,38.53418],[-120.74886,38.53399],[-120.74914,38.53376],[-120.74927,38.53368],[-120.74934,38.53362],[-120.74963,38.53346],[-120.74965,38.53344],[-120.75001,38.53326],[-120.75027,38.53317],[-120.75048,38.5331],[-120.75065,38.53304],[-120.75083,38.533],[-120.75096,38.53297],[-120.75109,38.53294],[-120.75112,38.53294],[-120.75127,38.53291],[-120.75131,38.53291],[-120.75142,38.53289],[-120.7516,38.53287],[-120.75183,38.53286],[-120.75203,38.53285],[-120.75223,38.53285],[-120.75246,38.53285],[-120.75261,38.53286],[-120.75269,38.53286],[-120.75292,38.53286],[-120.75294,38.53286],[-120.7535,38.53289],[-120.75407,38.5329],[-120.75412,38.5329],[-120.7543,38.53291],[-120.75453,38.53293],[-120.7549,38.53293],[-120.75546,38.53307],[-120.75555,38.5331],[-120.7566,38.53348],[-120.75696,38.53361],[-120.75702,38.53362],[-120.75747,38.5337],[-120.75771,38.53374],[-120.75792,38.53377],[-120.758,38.53377],[-120.75811,38.53376],[-120.75865,38.53373],[-120.75924,38.53368],[-120.75929,38.53367],[-120.75952,38.53365],[-120.75972,38.53363],[-120.76001,38.5336],[-120.7602,38.53356],[-120.76028,38.53355],[-120.76052,38.5335],[-120.76097,38.5334],[-120.76109,38.53338],[-120.76119,38.53336],[-120.76139,38.53334],[-120.76154,38.53333],[-120.7616,38.53332],[-120.76188,38.53331],[-120.762,38.53331],[-120.7622,38.53332],[-120.76292,38.53332],[-120.76315,38.53332],[-120.76337,38.53331],[-120.76355,38.5333],[-120.76376,38.53328],[-120.76423,38.53322],[-120.76475,38.53316],[-120.76497,38.53313],[-120.76522,38.53309],[-120.76571,38.53304],[-120.76581,38.53303],[-120.76607,38.53301],[-120.76628,38.53299],[-120.76646,38.53298],[-120.76657,38.53296],[-120.76667,38.53295],[-120.76678,38.53293],[-120.76684,38.53292],[-120.7669,38.5329],[-120.76691,38.5329],[-120.76699,38.53287],[-120.76713,38.53282],[-120.76723,38.53279],[-120.76733,38.53275],[-120.76766,38.53262],[-120.76835,38.53234],[-120.76856,38.53226],[-120.76948,38.53187],[-120.76983,38.53173],[-120.77012,38.53163],[-120.77037,38.53156],[-120.7707,38.53149],[-120.77113,38.53144],[-120.77161,38.53133],[-120.77176,38.5313],[-120.772,38.53126],[-120.77226,38.53121],[-120.77242,38.53119],[-120.77258,38.53118],[-120.77285,38.53117],[-120.77303,38.53116],[-120.77312,38.53116],[-120.77326,38.53116],[-120.77352,38.53116],[-120.77375,38.53116],[-120.77381,38.53116],[-120.77385,38.53116],[-120.77395,38.53116],[-120.77404,38.53117],[-120.77408,38.53117],[-120.77412,38.53117],[-120.77431,38.53118],[-120.77435,38.53118],[-120.77454,38.53119],[-120.77474,38.5312],[-120.77492,38.53121],[-120.77505,38.53121],[-120.77516,38.53121],[-120.77536,38.5312],[-120.77551,38.53118],[-120.77561,38.53116],[-120.77574,38.53113],[-120.77597,38.53109],[-120.77607,38.53107],[-120.77625,38.53104],[-120.77637,38.53102],[-120.77652,38.531],[-120.77667,38.53099],[-120.77679,38.53098],[-120.77691,38.53098],[-120.777,38.53098],[-120.77708,38.53099],[-120.77717,38.53099],[-120.77728,38.531],[-120.77737,38.53101],[-120.77756,38.53105],[-120.77773,38.5311],[-120.77783,38.53113],[-120.77796,38.53118],[-120.77808,38.53124],[-120.77819,38.5313],[-120.77828,38.53134],[-120.77831,38.53136],[-120.77844,38.53143],[-120.77868,38.53155],[-120.7788,38.53161],[-120.77894,38.53167],[-120.77911,38.53175],[-120.77927,38.53181],[-120.77944,38.53186],[-120.77959,38.5319],[-120.7797,38.53192],[-120.77973,38.53192],[-120.77984,38.53193],[-120.77994,38.53194],[-120.78006,38.53194],[-120.78019,38.53193],[-120.78032,38.53191],[-120.78071,38.53185],[-120.78106,38.5318],[-120.78172,38.53173],[-120.78174,38.53173],[-120.78196,38.5317],[-120.78222,38.53166],[-120.78247,38.53161],[-120.78275,38.53154],[-120.78296,38.53148],[-120.78326,38.53135],[-120.78356,38.5312],[-120.78371,38.53113],[-120.78414,38.53091],[-120.78433,38.53082],[-120.7846,38.53068],[-120.78472,38.53062],[-120.78511,38.53043],[-120.78523,38.53037],[-120.7853,38.53033],[-120.78549,38.53022],[-120.78583,38.53003],[-120.78612,38.52988],[-120.78666,38.52966],[-120.78685,38.52958],[-120.78706,38.52949],[-120.78727,38.5294],[-120.78779,38.52918],[-120.78805,38.52907],[-120.78807,38.52906],[-120.78827,38.52899],[-120.78828,38.52899],[-120.78846,38.52894],[-120.78871,38.52887],[-120.78872,38.52887],[-120.78894,38.52884],[-120.78903,38.52882],[-120.78928,38.5288],[-120.78959,38.52879],[-120.79,38.52879],[-120.79045,38.52879],[-120.79069,38.52879],[-120.79107,38.52879],[-120.79115,38.52879],[-120.7916,38.52878],[-120.79212,38.52881],[-120.79251,38.52886],[-120.79252,38.52886],[-120.79275,38.5289],[-120.79281,38.52891],[-120.79296,38.52896],[-120.79317,38.52901],[-120.79318,38.52902],[-120.79339,38.52909],[-120.79357,38.52915],[-120.7936,38.52916],[-120.79392,38.52927],[-120.79422,38.52936],[-120.79476,38.52952],[-120.79494,38.52956],[-120.79503,38.52958],[-120.79537,38.52963],[-120.79563,38.52966],[-120.79585,38.52968],[-120.79623,38.52969],[-120.79686,38.52969],[-120.79773,38.52969],[-120.79836,38.5297],[-120.79866,38.52971],[-120.79904,38.52975],[-120.79931,38.52979],[-120.7996,38.52986],[-120.79981,38.52991],[-120.80007,38.52998],[-120.80025,38.53004],[-120.80102,38.53029],[-120.80152,38.53045],[-120.80174,38.53052],[-120.80195,38.53059],[-120.80215,38.53065],[-120.80216,38.53066],[-120.80236,38.53071],[-120.80261,38.53078],[-120.80282,38.53082],[-120.80284,38.53083],[-120.80306,38.53087],[-120.80327,38.53089],[-120.80352,38.53093],[-120.80374,38.53094],[-120.804,38.53095],[-120.80406,38.53095],[-120.80426,38.53095],[-120.80445,38.53094],[-120.80463,38.53093],[-120.80482,38.53092],[-120.80507,38.53088],[-120.80521,38.53086],[-120.80529,38.53085],[-120.80543,38.53082],[-120.80549,38.53081],[-120.80567,38.53077],[-120.80597,38.53069],[-120.80608,38.53065],[-120.80614,38.53063],[-120.80628,38.53058],[-120.80647,38.53051],[-120.80661,38.53045],[-120.80675,38.53039],[-120.80688,38.53033],[-120.80702,38.53025],[-120.80723,38.53014],[-120.80761,38.52991],[-120.80793,38.52972],[-120.80864,38.52928],[-120.80899,38.52907],[-120.80973,38.52862],[-120.80995,38.52849],[-120.81028,38.5283],[-120.81046,38.52819],[-120.81078,38.528],[-120.81091,38.52792],[-120.81108,38.52783],[-120.8112,38.52776],[-120.81128,38.52772],[-120.81151,38.52761],[-120.81173,38.5275],[-120.812,38.52738],[-120.81218,38.52731],[-120.81246,38.52721],[-120.81263,38.52715],[-120.81289,38.52707],[-120.81321,38.52698],[-120.81347,38.52691],[-120.81379,38.52682],[-120.81403,38.52675],[-120.81416,38.52671],[-120.81427,38.52668],[-120.81437,38.52665],[-120.81448,38.52661],[-120.81461,38.52656],[-120.81476,38.52649],[-120.81489,38.52641],[-120.81503,38.52633],[-120.81532,38.52614],[-120.8156,38.52592],[-120.81592,38.52566],[-120.81608,38.52553],[-120.81666,38.52504],[-120.81709,38.52468],[-120.81765,38.52421],[-120.81794,38.52398],[-120.81811,38.52384],[-120.81828,38.52369],[-120.81842,38.52356],[-120.81843,38.52354],[-120.81854,38.52342],[-120.81871,38.52323],[-120.8189,38.52301],[-120.81908,38.52279],[-120.81932,38.52249],[-120.81942,38.52237],[-120.81957,38.52219],[-120.81975,38.52196],[-120.81986,38.5218],[-120.82004,38.52152],[-120.82015,38.52134],[-120.82031,38.52108],[-120.82078,38.5203],[-120.8211,38.51978],[-120.82111,38.51976],[-120.82121,38.5196],[-120.82153,38.51908],[-120.82177,38.51869],[-120.82186,38.51855],[-120.82214,38.51809],[-120.82284,38.517],[-120.82324,38.51637],[-120.82356,38.51586],[-120.82365,38.51572],[-120.8238,38.51553],[-120.82434,38.51492],[-120.82445,38.51479],[-120.82481,38.51439],[-120.82489,38.5143],[-120.82507,38.51407],[-120.82514,38.51395],[-120.82523,38.51379],[-120.82524,38.51376],[-120.82526,38.5137],[-120.82529,38.51359],[-120.82531,38.51342],[-120.82533,38.51321],[-120.82535,38.51268],[-120.82536,38.51214],[-120.82536,38.51189],[-120.82536,38.51149],[-120.82534,38.51104],[-120.82532,38.51068],[-120.82532,38.51065],[-120.82533,38.51013],[-120.82534,38.50977],[-120.82535,38.50959],[-120.82536,38.50941],[-120.82536,38.50923],[-120.82538,38.5089],[-120.82542,38.50757],[-120.82542,38.50746],[-120.82543,38.50728],[-120.82544,38.5071],[-120.82546,38.50641],[-120.8255,38.50587],[-120.82555,38.50558],[-120.82558,38.50543],[-120.8256,38.50534],[-120.82566,38.50511],[-120.82571,38.50498],[-120.82572,38.50493],[-120.8258,38.50476],[-120.82591,38.50459],[-120.826,38.50447],[-120.82609,38.50437],[-120.82617,38.50431],[-120.82627,38.50423],[-120.82644,38.50412],[-120.82649,38.5041],[-120.82668,38.50399],[-120.82684,38.50389],[-120.82691,38.50384],[-120.827,38.50376],[-120.82709,38.50368],[-120.82714,38.50363],[-120.82727,38.50348],[-120.82733,38.50339],[-120.82741,38.50327],[-120.82757,38.503],[-120.82784,38.50252],[-120.82832,38.50171],[-120.82844,38.50148],[-120.82852,38.50132],[-120.82852,38.50131],[-120.82866,38.50097],[-120.82873,38.5008],[-120.82902,38.50012],[-120.82925,38.49955],[-120.82943,38.4991],[-120.82946,38.499],[-120.82955,38.49881],[-120.82962,38.49861],[-120.82969,38.49841],[-120.82971,38.49834],[-120.82974,38.49825],[-120.82977,38.49814],[-120.82977,38.49812],[-120.82978,38.498],[-120.82977,38.49791],[-120.82976,38.4978],[-120.82975,38.49771],[-120.8297,38.49756],[-120.82964,38.49742],[-120.8296,38.49735],[-120.82956,38.4973],[-120.82948,38.49718],[-120.82919,38.49683],[-120.82898,38.49659],[-120.82887,38.49639],[-120.82883,38.49627],[-120.82879,38.4961],[-120.82877,38.49602],[-120.82877,38.49591],[-120.82878,38.49574],[-120.82878,38.49571],[-120.82883,38.49556],[-120.82883,38.49554],[-120.8289,38.49537],[-120.82891,38.49536],[-120.82899,38.4952],[-120.82904,38.49512],[-120.82908,38.49504],[-120.82917,38.49487],[-120.82917,38.49486],[-120.82923,38.49477],[-120.82952,38.49423],[-120.82953,38.4942],[-120.82961,38.49403],[-120.82981,38.49366],[-120.83004,38.49322],[-120.8301,38.49309],[-120.83025,38.49276],[-120.83032,38.49258],[-120.83038,38.4924],[-120.83041,38.49232],[-120.83055,38.49201],[-120.83059,38.49194],[-120.83079,38.49174],[-120.83087,38.49168],[-120.83104,38.49155],[-120.83113,38.49148],[-120.83155,38.49122],[-120.83156,38.49121],[-120.832,38.49092],[-120.83202,38.49091],[-120.8324,38.49066],[-120.83255,38.49056],[-120.83301,38.4903],[-120.83339,38.49013],[-120.83391,38.48996],[-120.83412,38.48989],[-120.83426,38.48984],[-120.83437,38.48979],[-120.83442,38.48975],[-120.8345,38.48971],[-120.83457,38.48965],[-120.83466,38.48957],[-120.83473,38.48948],[-120.83478,38.48942],[-120.83489,38.48926],[-120.83494,38.48915],[-120.83497,38.48909],[-120.83497,38.48908],[-120.83501,38.48896],[-120.83503,38.48877],[-120.83504,38.48855],[-120.83504,38.48837],[-120.83504,38.48829],[-120.83504,38.48819],[-120.83502,38.48747],[-120.83501,38.48696],[-120.83501,38.48678],[-120.83501,38.4866],[-120.835,38.48582],[-120.83501,38.48562],[-120.83502,38.48552],[-120.83504,38.4854],[-120.83511,38.48499],[-120.83515,38.48486],[-120.83521,38.48468],[-120.83527,38.48457],[-120.8353,38.48449],[-120.83536,38.4844],[-120.83544,38.48427],[-120.8356,38.48404],[-120.83571,38.48391],[-120.83578,38.48383],[-120.83586,38.48375],[-120.83598,38.48365],[-120.83644,38.48326],[-120.83686,38.48301],[-120.8373,38.48282],[-120.83766,38.48268],[-120.83768,38.48268],[-120.83788,38.48262],[-120.83789,38.48262],[-120.83809,38.48257],[-120.8383,38.48253],[-120.83862,38.48248],[-120.83908,38.48244],[-120.83913,38.48244],[-120.8393,38.48242],[-120.84004,38.48236],[-120.84074,38.4823],[-120.8409,38.48228],[-120.84187,38.4822],[-120.84257,38.48214],[-120.84263,38.48213],[-120.84305,38.48209],[-120.84326,38.48206],[-120.84339,38.48204],[-120.84394,38.48194],[-120.84414,38.4819],[-120.84422,38.48188],[-120.84424,38.48189],[-120.84426,38.48189],[-120.84429,38.48189],[-120.84434,38.48188],[-120.84438,38.48187],[-120.84443,38.48187],[-120.84447,38.48187],[-120.84449,38.48187],[-120.84452,38.48188],[-120.84464,38.48191],[-120.84464,38.48191],[-120.84465,38.48193],[-120.84467,38.48194],[-120.8447,38.48195],[-120.84473,38.48195],[-120.84475,38.48196],[-120.84477,38.48196],[-120.8448,38.48196],[-120.84483,38.48195],[-120.84485,38.48194],[-120.84488,38.48194],[-120.84491,38.48192],[-120.84493,38.4819],[-120.84496,38.48188],[-120.84497,38.48187],[-120.84499,38.48184],[-120.84514,38.48181],[-120.84519,38.4818],[-120.84527,38.48179],[-120.84541,38.48175],[-120.84543,38.48175],[-120.84545,38.48174],[-120.8455,38.48173],[-120.84554,38.48171],[-120.8456,38.48168],[-120.84576,38.48164],[-120.84625,38.48149],[-120.84625,38.48149],[-120.84631,38.4816],[-120.84644,38.48184],[-120.84657,38.48195],[-120.84675,38.48198],[-120.84719,38.48193],[-120.84774,38.48182],[-120.84808,38.48174],[-120.84822,38.48171],[-120.84844,38.48165],[-120.84866,38.48159],[-120.84878,38.48157],[-120.849,38.48151],[-120.84922,38.48146],[-120.84944,38.48141],[-120.84988,38.48131],[-120.85003,38.48127],[-120.85033,38.48123],[-120.85044,38.48121],[-120.85055,38.4812],[-120.85078,38.48117],[-120.85123,38.48112],[-120.8514,38.4811],[-120.85181,38.48109],[-120.8523,38.48104],[-120.85276,38.481],[-120.8528,38.481]]}}]}