{"type":"FeatureCollection","features":[{"type":"Feature","properties":{"_gpxType":"trk","name":"9135 Landrum St, Plymouth, CA 95669 - 4391 Scott Rd - 2500 El Vita Way, Carmichael, CA","coordinateProperties":{},"id":103},"geometry":{"type":"LineString","coordinates":[[-120.8528,38.481],[-120.85299,38.48098],[-120.85344,38.48094],[-120.8539,38.48089],[-120.8539,38.48089],[-120.85386,38.48053],[-120.85384,38.48038],[-120.85384,38.48038],[-120.85428,38.48034],[-120.85465,38.48031],[-120.85475,38.4803],[-120.855,38.48028],[-120.855,38.48028],[-120.85514,38.48028],[-120.85527,38.48027],[-120.85542,38.48027],[-120.85546,38.48027],[-120.8556,38.48027],[-120.85569,38.48027],[-120.85583,38.48028],[-120.85592,38.48028],[-120.85611,38.4803],[-120.85632,38.48033],[-120.85652,38.48036],[-120.85673,38.4804],[-120.85705,38.48046],[-120.85715,38.48048],[-120.85718,38.48048],[-120.8574,38.48052],[-120.85741,38.48052],[-120.85762,38.48056],[-120.85763,38.48056],[-120.85775,38.48058],[-120.85786,38.4806],[-120.85802,38.48061],[-120.85815,38.48061],[-120.85818,38.48061],[-120.85823,38.48061],[-120.8583,38.4806],[-120.85845,38.48058],[-120.85862,38.48055],[-120.85876,38.48053],[-120.85935,38.48042],[-120.85953,38.48039],[-120.85962,38.48038],[-120.8597,38.48036],[-120.85998,38.48032],[-120.86025,38.48028],[-120.86038,38.48026],[-120.8605,38.48025],[-120.86064,38.48024],[-120.86075,38.48024],[-120.86096,38.48024],[-120.86121,38.48024],[-120.86139,38.48024],[-120.86144,38.48025],[-120.86164,38.48025],[-120.86167,38.48026],[-120.86173,38.48026],[-120.86186,38.48027],[-120.86204,38.4803],[-120.86212,38.48031],[-120.86222,38.48033],[-120.86241,38.48037],[-120.86257,38.48042],[-120.86272,38.48046],[-120.86289,38.4805],[-120.86306,38.48055],[-120.86321,38.48059],[-120.8633,38.48061],[-120.86344,38.48064],[-120.86352,38.48066],[-120.86372,38.48069],[-120.86387,38.48072],[-120.86408,38.48075],[-120.86427,38.48078],[-120.86448,38.48081],[-120.86456,38.48082],[-120.86466,38.48083],[-120.86479,38.48085],[-120.86493,38.48085],[-120.86501,38.48085],[-120.86502,38.48085],[-120.86504,38.48085],[-120.86516,38.48084],[-120.86527,38.48083],[-120.86536,38.48081],[-120.86547,38.48079],[-120.86556,38.48076],[-120.86566,38.48073],[-120.86567,38.48072],[-120.86574,38.48069],[-120.86586,38.48063],[-120.86598,38.48055],[-120.86608,38.48047],[-120.86619,38.48038],[-120.86623,38.48035],[-120.86635,38.48025],[-120.86637,38.48024],[-120.86643,38.48021],[-120.8665,38.48017],[-120.86661,38.48012],[-120.86668,38.48009],[-120.86674,38.48006],[-120.86678,38.48005],[-120.86681,38.48004],[-120.86685,38.48004],[-120.86689,38.48003],[-120.86694,38.48003],[-120.86699,38.48003],[-120.86705,38.48004],[-120.86712,38.48005],[-120.86722,38.48007],[-120.86728,38.48008],[-120.86734,38.4801],[-120.86759,38.48019],[-120.86761,38.4802],[-120.86782,38.48027],[-120.86787,38.48029],[-120.86814,38.48038],[-120.86843,38.48047],[-120.86865,38.48055],[-120.86889,38.48063],[-120.86909,38.48069],[-120.86911,38.4807],[-120.86925,38.48075],[-120.8693,38.48077],[-120.86935,38.48079],[-120.8695,38.48086],[-120.86952,38.48087],[-120.86958,38.4809],[-120.86966,38.48094],[-120.86974,38.48099],[-120.86986,38.48106],[-120.86988,38.48107],[-120.87006,38.48118],[-120.87026,38.48128],[-120.87042,38.48136],[-120.87089,38.48157],[-120.87144,38.48182],[-120.87154,38.48187],[-120.87178,38.48199],[-120.87183,38.48201],[-120.87191,38.48206],[-120.87209,38.48216],[-120.87222,38.48221],[-120.87232,38.48223],[-120.87243,38.48226],[-120.87246,38.48226],[-120.87266,38.48229],[-120.87269,38.48229],[-120.87297,38.48232],[-120.87312,38.48233],[-120.87335,38.48234],[-120.8734,38.48235],[-120.87358,38.48235],[-120.87393,38.48236],[-120.87403,38.48237],[-120.87449,38.48238],[-120.8747,38.48239],[-120.87472,38.48239],[-120.87523,38.48241],[-120.87538,38.48242],[-120.87541,38.48242],[-120.87556,38.48244],[-120.87564,38.48245],[-120.87579,38.48247],[-120.87587,38.48248],[-120.87596,38.48249],[-120.87607,38.48252],[-120.87622,38.48258],[-120.8765,38.48268],[-120.87675,38.48276],[-120.87734,38.48298],[-120.8779,38.48319],[-120.87808,38.48325],[-120.87822,38.48329],[-120.87843,38.48334],[-120.87849,38.48335],[-120.87862,38.48338],[-120.87877,38.48341],[-120.87904,38.48346],[-120.87916,38.48348],[-120.87952,38.48354],[-120.87961,38.48356],[-120.88024,38.48367],[-120.8805,38.48372],[-120.88095,38.48381],[-120.88115,38.48385],[-120.88117,38.48386],[-120.88127,38.48388],[-120.88136,38.48391],[-120.88139,38.48392],[-120.88145,38.48395],[-120.88149,38.48397],[-120.88153,38.48399],[-120.88156,38.48402],[-120.88159,38.48405],[-120.88164,38.48412],[-120.88167,38.48417],[-120.88171,38.48423],[-120.88176,38.48432],[-120.88178,38.48435],[-120.88183,38.48445],[-120.88187,38.48451],[-120.8819,38.48456],[-120.88198,38.48465],[-120.88199,38.48466],[-120.88204,38.48471],[-120.88209,38.48476],[-120.88216,38.48481],[-120.88225,38.48486],[-120.88234,38.48489],[-120.88237,38.4849],[-120.88249,38.48491],[-120.88257,38.48491],[-120.88258,38.48491],[-120.88266,38.48491],[-120.88272,38.4849],[-120.88279,38.48488],[-120.88281,38.48488],[-120.88288,38.48485],[-120.88296,38.48481],[-120.88301,38.48477],[-120.88304,38.48473],[-120.8831,38.48467],[-120.88316,38.4846],[-120.88323,38.4845],[-120.88323,38.48449],[-120.88327,38.48439],[-120.8833,38.48431],[-120.88335,38.48414],[-120.88336,38.4841],[-120.88339,38.48402],[-120.88341,38.48398],[-120.88345,38.48392],[-120.88347,38.48389],[-120.8835,38.48385],[-120.88354,38.48382],[-120.88355,38.48381],[-120.88362,38.48377],[-120.88372,38.48371],[-120.88372,38.4837],[-120.88386,38.48362],[-120.88405,38.48349],[-120.88407,38.48348],[-120.88422,38.48337],[-120.88435,38.48329],[-120.88443,38.48323],[-120.88451,38.48318],[-120.88463,38.48311],[-120.88472,38.48307],[-120.88483,38.48302],[-120.88495,38.48296],[-120.88507,38.4829],[-120.88529,38.48278],[-120.8854,38.48272],[-120.88545,38.48269],[-120.88555,38.48263],[-120.88563,38.48258],[-120.8858,38.48248],[-120.88616,38.48224],[-120.88628,38.48216],[-120.88634,38.48212],[-120.88642,38.48207],[-120.88661,38.48197],[-120.88681,38.48188],[-120.88692,38.48183],[-120.88703,38.48178],[-120.88719,38.48172],[-120.88733,38.48167],[-120.88734,38.48167],[-120.88749,38.48162],[-120.88763,38.48159],[-120.88781,38.48155],[-120.88799,38.48152],[-120.88818,38.48148],[-120.88839,38.48145],[-120.88879,38.48138],[-120.88945,38.48126],[-120.88965,38.48123],[-120.88984,38.48121],[-120.88999,38.48119],[-120.8902,38.48118],[-120.89041,38.48116],[-120.89088,38.48114],[-120.89153,38.4811],[-120.89191,38.48108],[-120.89203,38.48107],[-120.89214,38.48107],[-120.89229,38.48106],[-120.89253,38.48106],[-120.8927,38.48106],[-120.89283,38.48107],[-120.89294,38.48107],[-120.89302,38.48108],[-120.89312,38.48109],[-120.89326,38.48112],[-120.89342,38.48116],[-120.8935,38.48118],[-120.89364,38.48122],[-120.89393,38.48131],[-120.89426,38.48141],[-120.89463,38.48151],[-120.89539,38.48174],[-120.89578,38.48184],[-120.89582,38.48186],[-120.89642,38.48202],[-120.89659,38.48206],[-120.89681,38.48212],[-120.89702,38.48218],[-120.89705,38.48219],[-120.89724,38.48224],[-120.89739,38.48228],[-120.89746,38.4823],[-120.89767,38.48236],[-120.89776,38.48239],[-120.89786,38.48242],[-120.89793,38.48244],[-120.89804,38.48248],[-120.89813,38.48252],[-120.89821,38.48255],[-120.8983,38.48259],[-120.89832,38.4826],[-120.89844,38.48265],[-120.89849,38.48268],[-120.89854,38.4827],[-120.89869,38.48278],[-120.89881,38.48283],[-120.89888,38.48287],[-120.89914,38.483],[-120.89933,38.48309],[-120.89942,38.48314],[-120.89946,38.48316],[-120.89947,38.48317],[-120.89954,38.48321],[-120.89961,38.48326],[-120.89964,38.48328],[-120.89967,38.4833],[-120.89974,38.48334],[-120.89981,38.48339],[-120.8999,38.48346],[-120.89996,38.4835],[-120.90015,38.48364],[-120.90017,38.48365],[-120.90036,38.48379],[-120.90049,38.48389],[-120.90057,38.48395],[-120.90065,38.48401],[-120.90072,38.48407],[-120.90079,38.48413],[-120.90107,38.48435],[-120.90127,38.48452],[-120.90136,38.48459],[-120.90144,38.48465],[-120.90148,38.48468],[-120.90153,38.4847],[-120.90159,38.48474],[-120.90162,38.48476],[-120.90165,38.48477],[-120.90172,38.48481],[-120.90177,38.48483],[-120.90181,38.48484],[-120.90182,38.48484],[-120.90187,38.48486],[-120.90197,38.4849],[-120.9021,38.48493],[-120.90223,38.48496],[-120.90238,38.48499],[-120.90252,38.48501],[-120.90263,38.48503],[-120.903,38.48509],[-120.90315,38.48511],[-120.90328,38.48513],[-120.9036,38.48518],[-120.90382,38.48521],[-120.90393,38.48523],[-120.90427,38.48528],[-120.90466,38.48533],[-120.90497,38.48538],[-120.90518,38.48541],[-120.90526,38.48542],[-120.90544,38.48545],[-120.90555,38.48546],[-120.90565,38.48548],[-120.90574,38.48549],[-120.90586,38.4855],[-120.90612,38.48554],[-120.90633,38.48556],[-120.90652,38.48558],[-120.90675,38.48561],[-120.90701,38.48564],[-120.90739,38.48569],[-120.90779,38.48574],[-120.90815,38.48577],[-120.90824,38.48578],[-120.90837,38.48579],[-120.90849,38.48579],[-120.90861,38.48579],[-120.90863,38.48579],[-120.90875,38.48579],[-120.90884,38.48579],[-120.90903,38.48578],[-120.90922,38.48576],[-120.90942,38.48574],[-120.90952,38.48573],[-120.90961,38.48572],[-120.90985,38.48571],[-120.90998,38.4857],[-120.91008,38.4857],[-120.91027,38.48569],[-120.91058,38.48568],[-120.91077,38.48567],[-120.91094,38.48566],[-120.91111,38.48566],[-120.91134,38.48564],[-120.9114,38.48564],[-120.91162,38.48562],[-120.91178,38.48561],[-120.91195,38.48559],[-120.91212,38.48557],[-120.91225,38.48555],[-120.91239,38.48553],[-120.91255,38.48551],[-120.91277,38.48548],[-120.91322,38.48542],[-120.91386,38.48532],[-120.91437,38.48525],[-120.91508,38.48514],[-120.91551,38.48509],[-120.91642,38.48496],[-120.91706,38.48486],[-120.91763,38.48477],[-120.91819,38.48469],[-120.91862,38.48463],[-120.9189,38.48459],[-120.91915,38.48456],[-120.91949,38.48451],[-120.91979,38.48446],[-120.9198,38.48446],[-120.91999,38.48443],[-120.92003,38.48443],[-120.92004,38.48442],[-120.92047,38.48436],[-120.92118,38.48426],[-120.9215,38.48422],[-120.92181,38.48418],[-120.92186,38.48417],[-120.92212,38.48413],[-120.9223,38.48411],[-120.92255,38.48407],[-120.92277,38.48405],[-120.92298,38.48402],[-120.9231,38.484],[-120.92325,38.48397],[-120.92337,38.48395],[-120.92358,38.4839],[-120.92394,38.4838],[-120.92416,38.48375],[-120.92459,38.48364],[-120.92521,38.48349],[-120.92575,38.48336],[-120.92614,38.48326],[-120.92637,38.48321],[-120.92701,38.48305],[-120.9275,38.48294],[-120.92766,38.4829],[-120.92773,38.48288],[-120.92779,38.48287],[-120.92783,38.48285],[-120.92787,38.48284],[-120.92788,38.48283],[-120.92789,38.48283],[-120.92793,38.48281],[-120.92801,38.48278],[-120.92807,38.48275],[-120.92813,38.48272],[-120.92836,38.4826],[-120.92863,38.48245],[-120.92866,38.48244],[-120.92884,38.48235],[-120.92885,38.48235],[-120.92913,38.4822],[-120.92942,38.48205],[-120.92942,38.48204],[-120.92945,38.48203],[-120.9297,38.4819],[-120.92981,38.48185],[-120.92999,38.48175],[-120.93021,38.48164],[-120.93044,38.48153],[-120.93059,38.48145],[-120.93077,38.48136],[-120.93078,38.48136],[-120.9308,38.48134],[-120.93102,38.48124],[-120.93115,38.48118],[-120.93127,38.48113],[-120.93135,38.4811],[-120.93137,38.48109],[-120.93144,38.48107],[-120.93161,38.48102],[-120.93171,38.48099],[-120.93171,38.48099],[-120.93173,38.48102],[-120.93175,38.48105],[-120.93176,38.48109],[-120.93177,38.48112],[-120.93178,38.48118],[-120.93179,38.4812],[-120.93179,38.48123],[-120.9318,38.4813],[-120.93181,38.48136],[-120.93181,38.48149],[-120.93182,38.48156],[-120.93182,38.48174],[-120.93182,38.48187],[-120.93183,38.48203],[-120.93184,38.48229],[-120.93185,38.48237],[-120.93186,38.48255],[-120.93187,38.48283],[-120.93187,38.48292],[-120.93189,38.48319],[-120.93189,38.48321],[-120.9319,38.48348],[-120.93191,38.48363],[-120.93192,38.4838],[-120.93193,38.48397],[-120.93194,38.48408],[-120.93194,38.48411],[-120.93194,38.48421],[-120.93195,38.48444],[-120.93195,38.48445],[-120.93197,38.48481],[-120.93198,38.48499],[-120.93199,38.48516],[-120.93199,38.48517],[-120.932,38.48548],[-120.93201,38.48562],[-120.93202,38.48577],[-120.93203,38.48588],[-120.93203,38.48598],[-120.93204,38.48608],[-120.93204,38.48616],[-120.93205,38.48622],[-120.93205,38.48634],[-120.93206,38.48644],[-120.93206,38.48654],[-120.93207,38.48667],[-120.93209,38.48681],[-120.9321,38.48689],[-120.93211,38.48697],[-120.93213,38.48706],[-120.93215,38.48714],[-120.93216,38.48716],[-120.93218,38.48724],[-120.93223,38.4874],[-120.93226,38.48748],[-120.93227,38.48751],[-120.9323,38.4876],[-120.93236,38.48775],[-120.93239,38.48783],[-120.93241,38.4879],[-120.93245,38.48797],[-120.93247,38.48802],[-120.9325,38.48806],[-120.93251,38.48809],[-120.93255,38.48815],[-120.93259,38.4882],[-120.93262,38.48824],[-120.93268,38.48831],[-120.93274,38.48837],[-120.9328,38.48844],[-120.93282,38.48846],[-120.93287,38.48851],[-120.93295,38.48859],[-120.93296,38.4886],[-120.93301,38.48865],[-120.93308,38.48871],[-120.93311,38.48874],[-120.93318,38.4888],[-120.93327,38.48887],[-120.93347,38.48904],[-120.93362,38.48916],[-120.93379,38.4893],[-120.9339,38.48939],[-120.93397,38.48945],[-120.9341,38.48956],[-120.93424,38.48967],[-120.93432,38.48974],[-120.93437,38.48978],[-120.93441,38.48981],[-120.93447,38.48987],[-120.93452,38.48992],[-120.93453,38.48994],[-120.93458,38.49],[-120.93461,38.49004],[-120.93464,38.49008],[-120.93471,38.49018],[-120.93479,38.49032],[-120.93484,38.4904],[-120.93486,38.49044],[-120.93494,38.49056],[-120.93501,38.49069],[-120.93508,38.49079],[-120.93513,38.49088],[-120.93521,38.491],[-120.93529,38.49113],[-120.93534,38.49121],[-120.93538,38.49127],[-120.93546,38.49141],[-120.93552,38.49152],[-120.93556,38.49159],[-120.93557,38.49163],[-120.93559,38.49166],[-120.9356,38.49171],[-120.93562,38.49178],[-120.93563,38.49183],[-120.93563,38.49186],[-120.93564,38.4919],[-120.93564,38.49194],[-120.93564,38.49199],[-120.93564,38.49204],[-120.93564,38.49218],[-120.93564,38.49222],[-120.93564,38.49236],[-120.93564,38.49249],[-120.93564,38.49279],[-120.93564,38.49307],[-120.93563,38.49334],[-120.93563,38.49344],[-120.93563,38.49353],[-120.93563,38.49362],[-120.93563,38.49371],[-120.93562,38.4938],[-120.93562,38.49387],[-120.93562,38.49404],[-120.93562,38.49416],[-120.93562,38.49423],[-120.93562,38.49434],[-120.93562,38.4944],[-120.93562,38.49452],[-120.93562,38.4946],[-120.93563,38.4947],[-120.93563,38.49474],[-120.93564,38.49481],[-120.93564,38.49488],[-120.93566,38.49496],[-120.93568,38.49503],[-120.9357,38.49508],[-120.93573,38.49512],[-120.93576,38.49517],[-120.93579,38.49521],[-120.93581,38.49524],[-120.93585,38.49527],[-120.93589,38.4953],[-120.93595,38.49536],[-120.93606,38.49542],[-120.93614,38.49547],[-120.93625,38.49552],[-120.93626,38.49553],[-120.93646,38.49563],[-120.93659,38.4957],[-120.93686,38.49584],[-120.93698,38.49591],[-120.93701,38.49593],[-120.93708,38.49597],[-120.93717,38.49602],[-120.93722,38.49606],[-120.93727,38.49609],[-120.93736,38.49616],[-120.93744,38.49622],[-120.93752,38.49629],[-120.93761,38.49637],[-120.93769,38.49645],[-120.93781,38.49656],[-120.93793,38.49667],[-120.93806,38.49679],[-120.93817,38.49689],[-120.93826,38.49697],[-120.93833,38.49703],[-120.93841,38.49711],[-120.93856,38.49725],[-120.93892,38.49758],[-120.93916,38.4978],[-120.93944,38.49805],[-120.93961,38.4982],[-120.93963,38.49822],[-120.93983,38.49839],[-120.93991,38.49847],[-120.94003,38.49858],[-120.94013,38.49867],[-120.94025,38.49878],[-120.94033,38.49886],[-120.94037,38.4989],[-120.94041,38.49894],[-120.94046,38.49899],[-120.94047,38.49901],[-120.94053,38.49908],[-120.94059,38.49917],[-120.94066,38.49927],[-120.94076,38.49941],[-120.94079,38.49946],[-120.94083,38.49952],[-120.94098,38.49972],[-120.94118,38.49999],[-120.94138,38.50026],[-120.94149,38.50039],[-120.9416,38.50054],[-120.9418,38.5008],[-120.94184,38.50086],[-120.94192,38.50097],[-120.94195,38.50101],[-120.94201,38.5011],[-120.9421,38.50123],[-120.94218,38.50136],[-120.94224,38.50144],[-120.94232,38.50158],[-120.94236,38.50166],[-120.94238,38.50171],[-120.94244,38.50181],[-120.94245,38.50183],[-120.94247,38.50188],[-120.94254,38.50202],[-120.94259,38.50217],[-120.9426,38.50217],[-120.94266,38.50234],[-120.94271,38.50244],[-120.94277,38.5026],[-120.94286,38.50281],[-120.94288,38.50285],[-120.94295,38.50299],[-120.94299,38.50309],[-120.94303,38.50316],[-120.94306,38.50324],[-120.94312,38.50335],[-120.94315,38.5034],[-120.94322,38.50352],[-120.94323,38.50354],[-120.94332,38.50367],[-120.9434,38.5038],[-120.94343,38.50384],[-120.94345,38.50387],[-120.94349,38.50392],[-120.94353,38.504],[-120.9436,38.50411],[-120.94363,38.50416],[-120.94364,38.50419],[-120.94367,38.50427],[-120.9437,38.50434],[-120.94372,38.5044],[-120.94374,38.50446],[-120.94375,38.50451],[-120.94377,38.50458],[-120.94378,38.50464],[-120.9438,38.50478],[-120.94381,38.50487],[-120.94381,38.5049],[-120.94382,38.50501],[-120.94384,38.50517],[-120.94384,38.50522],[-120.94385,38.50532],[-120.94386,38.50538],[-120.94387,38.50546],[-120.94388,38.5055],[-120.94389,38.50555],[-120.9439,38.50558],[-120.9439,38.5056],[-120.94392,38.50565],[-120.94397,38.50583],[-120.94402,38.50594],[-120.94408,38.50608],[-120.94411,38.50614],[-120.94418,38.50629],[-120.94425,38.50642],[-120.9443,38.50653],[-120.94441,38.50671],[-120.94443,38.50674],[-120.94452,38.50687],[-120.94461,38.507],[-120.94466,38.50708],[-120.94472,38.50715],[-120.9448,38.50724],[-120.94486,38.50731],[-120.9449,38.50736],[-120.94493,38.50739],[-120.945,38.50746],[-120.94504,38.50751],[-120.94512,38.50759],[-120.94523,38.50769],[-120.9453,38.50776],[-120.94537,38.50782],[-120.94543,38.50787],[-120.94549,38.50792],[-120.94565,38.50804],[-120.9458,38.50815],[-120.946,38.5083],[-120.94619,38.50844],[-120.94634,38.50855],[-120.94653,38.50869],[-120.94674,38.50886],[-120.94682,38.50893],[-120.94692,38.50902],[-120.94704,38.50913],[-120.94716,38.50924],[-120.94723,38.50931],[-120.94738,38.50946],[-120.94754,38.50962],[-120.94769,38.50977],[-120.94778,38.50986],[-120.94783,38.50992],[-120.9479,38.50999],[-120.94807,38.51018],[-120.94816,38.51028],[-120.94822,38.51035],[-120.94825,38.5104],[-120.94831,38.51048],[-120.94833,38.51052],[-120.94841,38.51064],[-120.94844,38.51068],[-120.94848,38.51074],[-120.94853,38.51083],[-120.94861,38.51094],[-120.94872,38.51109],[-120.94892,38.51138],[-120.94898,38.51147],[-120.94911,38.51166],[-120.9492,38.51178],[-120.94927,38.51189],[-120.94936,38.51199],[-120.94941,38.51206],[-120.94946,38.51211],[-120.94953,38.51219],[-120.94959,38.51224],[-120.94964,38.51229],[-120.94969,38.51232],[-120.94975,38.51237],[-120.94982,38.51242],[-120.94989,38.51247],[-120.94991,38.51248],[-120.95008,38.5126],[-120.9501,38.51262],[-120.9502,38.51269],[-120.95025,38.51273],[-120.9503,38.51276],[-120.95036,38.51281],[-120.95041,38.51286],[-120.95049,38.51294],[-120.95053,38.51299],[-120.95058,38.51305],[-120.95062,38.5131],[-120.95068,38.51317],[-120.95083,38.51337],[-120.9509,38.51346],[-120.95095,38.51353],[-120.95099,38.51359],[-120.95102,38.51364],[-120.95104,38.51367],[-120.95105,38.5137],[-120.95107,38.51375],[-120.95109,38.5138],[-120.95111,38.5139],[-120.95113,38.514],[-120.95116,38.51417],[-120.95118,38.51428],[-120.95118,38.51434],[-120.95119,38.51441],[-120.95119,38.51447],[-120.95119,38.51451],[-120.95119,38.51456],[-120.95118,38.5146],[-120.95118,38.51463],[-120.95117,38.51467],[-120.95117,38.51468],[-120.95116,38.5147],[-120.95114,38.51476],[-120.95112,38.51481],[-120.95109,38.51486],[-120.95105,38.51495],[-120.95097,38.51506],[-120.95091,38.51516],[-120.95085,38.51525],[-120.95081,38.51531],[-120.9508,38.51534],[-120.95079,38.51537],[-120.95077,38.51541],[-120.95075,38.51546],[-120.95074,38.5155],[-120.95072,38.51554],[-120.95072,38.51558],[-120.95071,38.51563],[-120.95071,38.51567],[-120.95071,38.51569],[-120.95071,38.51572],[-120.95071,38.51576],[-120.95072,38.51581],[-120.95073,38.51586],[-120.95075,38.51594],[-120.95077,38.516],[-120.95079,38.51605],[-120.95084,38.51613],[-120.95089,38.51622],[-120.95094,38.51632],[-120.95097,38.51638],[-120.951,38.51642],[-120.95103,38.51646],[-120.95106,38.51651],[-120.95111,38.51657],[-120.95116,38.51664],[-120.95121,38.51669],[-120.95124,38.51672],[-120.95129,38.51676],[-120.95135,38.5168],[-120.95145,38.51687],[-120.95156,38.51694],[-120.95162,38.51698],[-120.95167,38.51701],[-120.95173,38.51705],[-120.95178,38.51708],[-120.9519,38.51716],[-120.95197,38.5172],[-120.95207,38.51728],[-120.95208,38.51728],[-120.95217,38.51736],[-120.95222,38.51741],[-120.9523,38.51748],[-120.95237,38.51755],[-120.95243,38.51762],[-120.95246,38.51766],[-120.95265,38.51791],[-120.95274,38.51804],[-120.95283,38.51817],[-120.95294,38.51832],[-120.95317,38.51869],[-120.95337,38.51899],[-120.95352,38.51922],[-120.95359,38.51933],[-120.95361,38.51937],[-120.95369,38.51949],[-120.95373,38.51954],[-120.9538,38.51964],[-120.95381,38.51964],[-120.95392,38.51977],[-120.95394,38.51979],[-120.95407,38.51994],[-120.95407,38.51995],[-120.9542,38.52009],[-120.95422,38.52011],[-120.95433,38.52023],[-120.95438,38.52028],[-120.95449,38.52041],[-120.9546,38.52054],[-120.95473,38.52072],[-120.95489,38.52093],[-120.95494,38.521],[-120.95496,38.52102],[-120.95503,38.52111],[-120.95507,38.52115],[-120.95512,38.52121],[-120.95519,38.52129],[-120.9552,38.52129],[-120.95532,38.52142],[-120.95534,38.52144],[-120.95546,38.52157],[-120.95548,38.52158],[-120.95561,38.52172],[-120.95561,38.52173],[-120.95569,38.52183],[-120.95572,38.52188],[-120.95574,38.52193],[-120.95577,38.52197],[-120.9558,38.52205],[-120.95589,38.52227],[-120.95589,38.52238],[-120.95589,38.52242],[-120.95588,38.52247],[-120.95587,38.52252],[-120.95585,38.52261],[-120.95583,38.52267],[-120.9558,38.52274],[-120.95578,38.52277],[-120.95571,38.52294],[-120.95565,38.52309],[-120.95565,38.52311],[-120.95559,38.52329],[-120.95556,38.52339],[-120.95552,38.5235],[-120.95549,38.52359],[-120.95547,38.52364],[-120.95541,38.52379],[-120.95533,38.52398],[-120.95533,38.52399],[-120.95523,38.52422],[-120.9551,38.52449],[-120.95506,38.52455],[-120.95498,38.52472],[-120.95496,38.52478],[-120.95491,38.52488],[-120.95483,38.52506],[-120.9548,38.52516],[-120.95477,38.52525],[-120.95473,38.52541],[-120.95471,38.52555],[-120.95471,38.52559],[-120.95471,38.52566],[-120.9547,38.52577],[-120.9547,38.52581],[-120.9547,38.52595],[-120.95471,38.52606],[-120.95473,38.52622],[-120.95475,38.52631],[-120.95476,38.52635],[-120.9548,38.52649],[-120.95481,38.52653],[-120.95488,38.5267],[-120.95494,38.52683],[-120.955,38.52696],[-120.95514,38.52721],[-120.95521,38.52735],[-120.95534,38.52759],[-120.95537,38.52764],[-120.95541,38.52771],[-120.95545,38.52781],[-120.95547,38.52784],[-120.95552,38.52795],[-120.95569,38.52831],[-120.95577,38.52848],[-120.95585,38.52865],[-120.95604,38.52908],[-120.95613,38.52928],[-120.9562,38.52942],[-120.95627,38.52959],[-120.9565,38.5301],[-120.95681,38.53078],[-120.95688,38.53095],[-120.95704,38.53129],[-120.95715,38.53152],[-120.95727,38.53173],[-120.95739,38.53191],[-120.95741,38.53195],[-120.95749,38.53207],[-120.95755,38.53216],[-120.95762,38.53226],[-120.95769,38.53235],[-120.95775,38.53241],[-120.95776,38.53243],[-120.95785,38.53253],[-120.95787,38.53255],[-120.95793,38.53262],[-120.958,38.5327],[-120.95808,38.53278],[-120.95812,38.53282],[-120.95815,38.53285],[-120.95821,38.53291],[-120.95823,38.53292],[-120.95834,38.53304],[-120.95865,38.53335],[-120.9588,38.53351],[-120.95902,38.53374],[-120.95917,38.5339],[-120.95931,38.53405],[-120.95967,38.53445],[-120.96012,38.53493],[-120.96028,38.53509],[-120.96055,38.53539],[-120.9608,38.53565],[-120.96085,38.5357],[-120.961,38.53585],[-120.96105,38.5359],[-120.96116,38.53601],[-120.96134,38.53617],[-120.96138,38.53621],[-120.96142,38.53625],[-120.96143,38.53626],[-120.96163,38.53642],[-120.96172,38.53651],[-120.96178,38.53656],[-120.96192,38.53669],[-120.96212,38.53687],[-120.96226,38.537],[-120.96227,38.53701],[-120.96245,38.53716],[-120.96261,38.53728],[-120.96279,38.53741],[-120.96314,38.53764],[-120.96334,38.53776],[-120.96362,38.53791],[-120.96379,38.53799],[-120.96391,38.53806],[-120.96393,38.53807],[-120.96417,38.53818],[-120.96433,38.53827],[-120.96451,38.53837],[-120.96487,38.53855],[-120.96516,38.5387],[-120.96522,38.53874],[-120.96541,38.53885],[-120.96552,38.53893],[-120.9656,38.53898],[-120.96564,38.53901],[-120.96576,38.53909],[-120.96594,38.53923],[-120.9661,38.53935],[-120.96617,38.53941],[-120.96631,38.53953],[-120.96647,38.53968],[-120.96655,38.53976],[-120.96662,38.53983],[-120.96677,38.53998],[-120.96695,38.54017],[-120.96722,38.54046],[-120.96786,38.54117],[-120.96813,38.54147],[-120.96854,38.54193],[-120.96867,38.54208],[-120.96868,38.54209],[-120.96891,38.54233],[-120.96895,38.54237],[-120.96924,38.54265],[-120.96934,38.54275],[-120.96939,38.54279],[-120.96953,38.54293],[-120.96968,38.54307],[-120.97025,38.54361],[-120.9704,38.54376],[-120.97051,38.54387],[-120.97052,38.54389],[-120.97071,38.5441],[-120.97163,38.54528],[-120.97199,38.54575],[-120.97208,38.54586],[-120.97219,38.54601],[-120.97222,38.54605],[-120.97232,38.54617],[-120.97238,38.54624],[-120.97255,38.54642],[-120.97273,38.54662],[-120.97275,38.54664],[-120.97286,38.54674],[-120.97301,38.54688],[-120.97304,38.54691],[-120.97321,38.54704],[-120.97329,38.5471],[-120.97374,38.54742],[-120.97385,38.5475],[-120.97389,38.54753],[-120.97414,38.54769],[-120.97505,38.54831],[-120.97543,38.54857],[-120.97573,38.54881],[-120.97588,38.54895],[-120.97592,38.54899],[-120.97609,38.54914],[-120.97632,38.54937],[-120.97645,38.54952],[-120.97649,38.54955],[-120.97657,38.54964],[-120.97659,38.54966],[-120.97676,38.54986],[-120.97696,38.55011],[-120.97696,38.55012],[-120.97708,38.55027],[-120.9771,38.55031],[-120.97714,38.55036],[-120.97729,38.55059],[-120.97736,38.55068],[-120.97759,38.55109],[-120.97781,38.55153],[-120.97806,38.55202],[-120.97819,38.55225],[-120.97826,38.55238],[-120.97839,38.55257],[-120.97841,38.5526],[-120.97841,38.55261],[-120.9785,38.55273],[-120.97857,38.55283],[-120.97861,38.55289],[-120.97867,38.55297],[-120.97873,38.55304],[-120.97883,38.55316],[-120.97886,38.55319],[-120.97901,38.55334],[-120.97932,38.55365],[-120.97953,38.55386],[-120.9796,38.55393],[-120.97989,38.55422],[-120.97995,38.55427],[-120.97996,38.55429],[-120.98003,38.55436],[-120.98017,38.5545],[-120.98047,38.55481],[-120.98059,38.55495],[-120.9807,38.55508],[-120.98087,38.55529],[-120.98112,38.55564],[-120.98161,38.55634],[-120.98166,38.55642],[-120.98204,38.55697],[-120.9821,38.55705],[-120.9823,38.55733],[-120.98234,38.55739],[-120.98257,38.5577],[-120.98257,38.5577],[-120.98274,38.55759],[-120.98329,38.55726],[-120.98348,38.55715],[-120.98364,38.55705],[-120.98365,38.55704],[-120.98369,38.557],[-120.98374,38.55694],[-120.98377,38.55689],[-120.98378,38.55688],[-120.98388,38.55673],[-120.98392,38.55668],[-120.98404,38.55654],[-120.98406,38.55653],[-120.98414,38.55645],[-120.98421,38.5564],[-120.98455,38.55615],[-120.98472,38.55603],[-120.98489,38.55591],[-120.98506,38.55579],[-120.98516,38.55571],[-120.98522,38.55566],[-120.98536,38.55554],[-120.98552,38.55539],[-120.98566,38.55525],[-120.9858,38.55511],[-120.98585,38.55508],[-120.98593,38.55504],[-120.986,38.55502],[-120.98608,38.55501],[-120.98616,38.555],[-120.98623,38.55501],[-120.98646,38.55502],[-120.98669,38.55504],[-120.98681,38.55505],[-120.98692,38.55505],[-120.987,38.55504],[-120.98715,38.55502],[-120.98721,38.55501],[-120.98738,38.55499],[-120.98745,38.55497],[-120.98759,38.55496],[-120.9876,38.55496],[-120.98767,38.55495],[-120.98783,38.55494],[-120.98807,38.55495],[-120.98816,38.55495],[-120.98838,38.55499],[-120.98861,38.55504],[-120.98901,38.55511],[-120.9895,38.5552],[-120.98968,38.55523],[-120.98979,38.55525],[-120.99057,38.55539],[-120.99091,38.55545],[-120.99102,38.55547],[-120.99135,38.55553],[-120.99138,38.55554],[-120.99197,38.55561],[-120.99203,38.55561],[-120.99255,38.5556],[-120.99279,38.55558],[-120.99289,38.55557],[-120.99304,38.55554],[-120.99316,38.55551],[-120.99317,38.55551],[-120.99326,38.55549],[-120.99399,38.55524],[-120.9943,38.55516],[-120.99442,38.55513],[-120.99484,38.55505],[-120.99489,38.55504],[-120.99502,38.55502],[-120.99523,38.555],[-120.99536,38.555],[-120.9955,38.55502],[-120.99566,38.55505],[-120.99569,38.55507],[-120.99584,38.55513],[-120.99612,38.55528],[-120.99626,38.55535],[-120.99645,38.55548],[-120.99694,38.55581],[-120.99704,38.55584],[-120.99712,38.55585],[-120.99723,38.55585],[-120.99725,38.55584],[-120.99726,38.55584],[-120.9973,38.55582],[-120.99734,38.55578],[-120.99736,38.55574],[-120.99737,38.55568],[-120.99738,38.55552],[-120.99738,38.55551],[-120.99739,38.55539],[-120.99741,38.55533],[-120.99749,38.55522],[-120.99769,38.55509],[-120.99787,38.555],[-120.9979,38.55499],[-120.99813,38.55491],[-120.99887,38.55465],[-120.99896,38.55464],[-120.99898,38.55464],[-120.99906,38.55464],[-120.99921,38.55465],[-120.99938,38.55468],[-120.99985,38.55481],[-120.99986,38.55481],[-120.99997,38.55484],[-121.00006,38.55485],[-121.00021,38.55486],[-121.00032,38.55486],[-121.00038,38.55485],[-121.00069,38.55482],[-121.00079,38.5548],[-121.0012,38.55473],[-121.00124,38.55472],[-121.0014,38.5547],[-121.00147,38.55468],[-121.00165,38.55464],[-121.00168,38.55463],[-121.00169,38.55462],[-121.0019,38.55456],[-121.00211,38.55449],[-121.00233,38.55443],[-121.0025,38.55437],[-121.00254,38.55436],[-121.00297,38.55423],[-121.00315,38.55418],[-121.00357,38.55405],[-121.00403,38.55391],[-121.00416,38.55387],[-121.00427,38.55383],[-121.00447,38.55378],[-121.0047,38.55374],[-121.00477,38.55372],[-121.00492,38.5537],[-121.00505,38.55368],[-121.00515,38.55366],[-121.0056,38.55359],[-121.00582,38.55355],[-121.00618,38.55352],[-121.00628,38.55351],[-121.00673,38.55346],[-121.00696,38.55343],[-121.00721,38.55341],[-121.00742,38.55339],[-121.00801,38.55336],[-121.00811,38.55335],[-121.0087,38.55331],[-121.0088,38.55331],[-121.00892,38.5533],[-121.00925,38.55328],[-121.00938,38.55327],[-121.00948,38.55327],[-121.00971,38.55326],[-121.00984,38.55325],[-121.00994,38.55325],[-121.0104,38.55322],[-121.01053,38.55322],[-121.01063,38.55321],[-121.01086,38.5532],[-121.01122,38.55318],[-121.01178,38.55315],[-121.01191,38.55314],[-121.01203,38.55314],[-121.01224,38.55312],[-121.01236,38.55312],[-121.01247,38.55313],[-121.01259,38.55314],[-121.01269,38.55315],[-121.0128,38.55318],[-121.01282,38.55318],[-121.01313,38.55326],[-121.01321,38.55328],[-121.01335,38.55332],[-121.01336,38.55332],[-121.01347,38.55336],[-121.01362,38.55341],[-121.01368,38.55343],[-121.01381,38.55347],[-121.01389,38.55351],[-121.01409,38.5536],[-121.01415,38.55362],[-121.01448,38.55379],[-121.01467,38.55389],[-121.01478,38.55394],[-121.01486,38.55399],[-121.015,38.55406],[-121.01506,38.55408],[-121.0151,38.55409],[-121.0155,38.55419],[-121.01575,38.55416],[-121.01577,38.55416],[-121.01597,38.55412],[-121.01615,38.55405],[-121.01619,38.55402],[-121.01628,38.55396],[-121.01634,38.55385],[-121.0164,38.55371],[-121.01643,38.55335],[-121.01644,38.55321],[-121.01644,38.55317],[-121.01646,38.55299],[-121.01647,38.55285],[-121.01647,38.55281],[-121.01648,38.55276],[-121.01648,38.55263],[-121.01648,38.55249],[-121.01648,38.55245],[-121.01648,38.55227],[-121.01649,38.55219],[-121.0165,38.55213],[-121.0165,38.55209],[-121.01653,38.55196],[-121.01654,38.55192],[-121.01656,38.55181],[-121.01661,38.55175],[-121.01668,38.55166],[-121.01674,38.5516],[-121.01686,38.55151],[-121.01687,38.5515],[-121.01691,38.55148],[-121.01705,38.55141],[-121.01711,38.5514],[-121.0173,38.55134],[-121.01733,38.55133],[-121.01759,38.55123],[-121.01789,38.55113],[-121.01809,38.55106],[-121.01812,38.55104],[-121.01833,38.55096],[-121.01857,38.55086],[-121.01874,38.55079],[-121.01884,38.55075],[-121.01894,38.55071],[-121.01896,38.5507],[-121.01915,38.55063],[-121.01916,38.55062],[-121.01925,38.55059],[-121.01938,38.55056],[-121.01955,38.55054],[-121.01959,38.55053],[-121.01966,38.55052],[-121.01976,38.5505],[-121.01992,38.55044],[-121.02001,38.55041],[-121.0201,38.55037],[-121.02021,38.55033],[-121.02034,38.55028],[-121.02045,38.55022],[-121.0207,38.55012],[-121.02092,38.55003],[-121.02092,38.55002],[-121.02111,38.54994],[-121.02142,38.5498],[-121.02155,38.54974],[-121.02169,38.54967],[-121.0219,38.54957],[-121.02191,38.54957],[-121.02207,38.54948],[-121.0221,38.54947],[-121.0222,38.54941],[-121.02236,38.54934],[-121.02256,38.54925],[-121.02269,38.54919],[-121.0229,38.5491],[-121.02319,38.54897],[-121.02329,38.54892],[-121.02331,38.54892],[-121.02345,38.54885],[-121.02349,38.54883],[-121.02361,38.54878],[-121.02368,38.54874],[-121.02382,38.54867],[-121.02397,38.54859],[-121.02409,38.54853],[-121.0242,38.54847],[-121.02441,38.54837],[-121.02454,38.54832],[-121.02466,38.54826],[-121.02474,38.54822],[-121.02488,38.54816],[-121.02507,38.54808],[-121.02526,38.548],[-121.0254,38.54794],[-121.02566,38.54782],[-121.02567,38.54782],[-121.02585,38.54775],[-121.02598,38.54769],[-121.02607,38.54765],[-121.02619,38.5476],[-121.02631,38.54755],[-121.02643,38.54748],[-121.02646,38.54747],[-121.02654,38.54743],[-121.02671,38.54734],[-121.02685,38.54728],[-121.02695,38.54723],[-121.02718,38.54713],[-121.02725,38.5471],[-121.02741,38.54703],[-121.02753,38.54697],[-121.02769,38.5469],[-121.02784,38.54682],[-121.02786,38.54681],[-121.02803,38.54672],[-121.02808,38.5467],[-121.02821,38.54664],[-121.02823,38.54663],[-121.02839,38.54655],[-121.02843,38.54654],[-121.02859,38.54646],[-121.02871,38.54639],[-121.02886,38.5463],[-121.02899,38.54623],[-121.02908,38.54618],[-121.02918,38.54612],[-121.0292,38.54611],[-121.02927,38.54606],[-121.02937,38.54602],[-121.02942,38.54601],[-121.02949,38.54599],[-121.02959,38.54598],[-121.02961,38.54598],[-121.02972,38.54597],[-121.02982,38.54596],[-121.02983,38.54596],[-121.02988,38.54595],[-121.02993,38.54593],[-121.02996,38.54591],[-121.02999,38.54589],[-121.03001,38.54587],[-121.03003,38.54586],[-121.03008,38.54582],[-121.03018,38.54575],[-121.03025,38.54571],[-121.03037,38.54565],[-121.03041,38.54563],[-121.03057,38.54556],[-121.03067,38.54552],[-121.03076,38.54547],[-121.03076,38.54546],[-121.03085,38.54541],[-121.03091,38.54536],[-121.03093,38.54534],[-121.03096,38.54531],[-121.03105,38.54524],[-121.03109,38.54521],[-121.03111,38.54519],[-121.03125,38.54511],[-121.03127,38.5451],[-121.03139,38.54503],[-121.0315,38.54499],[-121.03156,38.54497],[-121.03165,38.54495],[-121.03172,38.54493],[-121.03181,38.5449],[-121.03188,38.54488],[-121.03198,38.54486],[-121.03204,38.54485],[-121.03208,38.54484],[-121.03212,38.54483],[-121.03214,38.54483],[-121.03218,38.54482],[-121.03224,38.54482],[-121.03231,38.54483],[-121.03234,38.54483],[-121.03235,38.54484],[-121.03239,38.54484],[-121.03245,38.54484],[-121.03248,38.54484],[-121.03254,38.54484],[-121.03257,38.54483],[-121.03262,38.54482],[-121.03268,38.54481],[-121.03274,38.5448],[-121.03278,38.54479],[-121.03283,38.54478],[-121.0329,38.54477],[-121.03295,38.54475],[-121.03302,38.54472],[-121.03312,38.54467],[-121.03318,38.54463],[-121.0332,38.54462],[-121.03322,38.54459],[-121.03323,38.54457],[-121.03328,38.54451],[-121.03329,38.54449],[-121.03331,38.54446],[-121.03332,38.54445],[-121.03336,38.54442],[-121.03343,38.54438],[-121.03348,38.54436],[-121.03355,38.54433],[-121.03356,38.54433],[-121.03363,38.54431],[-121.03368,38.5443],[-121.03377,38.54428],[-121.03389,38.54426],[-121.03396,38.54424],[-121.03404,38.54422],[-121.0341,38.5442],[-121.03411,38.5442],[-121.03416,38.54418],[-121.03423,38.54415],[-121.0343,38.54412],[-121.03431,38.54411],[-121.03439,38.54407],[-121.03448,38.54401],[-121.03449,38.544],[-121.03454,38.54397],[-121.03464,38.54391],[-121.03469,38.54389],[-121.03472,38.54387],[-121.03477,38.54385],[-121.03482,38.54382],[-121.03487,38.54379],[-121.03488,38.54379],[-121.03494,38.54376],[-121.035,38.54373],[-121.03504,38.54371],[-121.03509,38.54369],[-121.03513,38.54367],[-121.03517,38.54364],[-121.03522,38.54361],[-121.03528,38.54356],[-121.03531,38.54353],[-121.03536,38.5435],[-121.0354,38.54348],[-121.03543,38.54346],[-121.03548,38.54344],[-121.03551,38.54342],[-121.03558,38.5434],[-121.03575,38.54335],[-121.03587,38.54331],[-121.03593,38.54328],[-121.036,38.54325],[-121.03604,38.54323],[-121.03637,38.54308],[-121.0364,38.54307],[-121.03658,38.543],[-121.03679,38.54289],[-121.03696,38.5428],[-121.03698,38.54279],[-121.03703,38.54277],[-121.03718,38.54269],[-121.03739,38.54258],[-121.03758,38.54248],[-121.03767,38.54244],[-121.03775,38.54241],[-121.03776,38.5424],[-121.03801,38.54226],[-121.03805,38.54223],[-121.03835,38.54206],[-121.03838,38.54204],[-121.03853,38.54195],[-121.03856,38.54193],[-121.0387,38.54183],[-121.03874,38.54181],[-121.03886,38.54175],[-121.03894,38.54169],[-121.03906,38.54164],[-121.03912,38.54161],[-121.03922,38.54157],[-121.03936,38.54151],[-121.03947,38.54147],[-121.03956,38.54142],[-121.03994,38.54122],[-121.04014,38.54113],[-121.04026,38.54108],[-121.0403,38.54106],[-121.04035,38.54105],[-121.04046,38.54102],[-121.04061,38.54099],[-121.04068,38.54098],[-121.04075,38.54096],[-121.04089,38.54092],[-121.04112,38.54086],[-121.04145,38.54076],[-121.04177,38.54068],[-121.04198,38.54062],[-121.04225,38.54055],[-121.04285,38.54037],[-121.04286,38.54037],[-121.04306,38.54031],[-121.04312,38.5403],[-121.04342,38.54021],[-121.04355,38.54017],[-121.04374,38.54012],[-121.0439,38.54009],[-121.04401,38.54008],[-121.04407,38.54007],[-121.04418,38.54006],[-121.04418,38.54006],[-121.04505,38.54007],[-121.0451,38.54007],[-121.04694,38.54006],[-121.04717,38.54006],[-121.04809,38.54005],[-121.04878,38.54004],[-121.04892,38.54005],[-121.04901,38.54006],[-121.04902,38.54006],[-121.04922,38.5401],[-121.04989,38.54025],[-121.05011,38.5403],[-121.05023,38.54033],[-121.05033,38.54035],[-121.05055,38.54041],[-121.05121,38.54058],[-121.05142,38.54064],[-121.05164,38.54069],[-121.05186,38.54075],[-121.0523,38.54086],[-121.05252,38.54092],[-121.05273,38.54097],[-121.05339,38.54114],[-121.05404,38.54131],[-121.05426,38.54137],[-121.0547,38.54148],[-121.05492,38.54154],[-121.05501,38.54156],[-121.05509,38.54156],[-121.05514,38.54156],[-121.05522,38.54154],[-121.0553,38.5415],[-121.05535,38.54148],[-121.05558,38.54137],[-121.05574,38.54129],[-121.05578,38.54126],[-121.05591,38.54117],[-121.05601,38.54109],[-121.05632,38.54086],[-121.05639,38.54079],[-121.05654,38.54065],[-121.05666,38.54054],[-121.05669,38.54051],[-121.05672,38.54049],[-121.05677,38.54043],[-121.05681,38.54038],[-121.05681,38.54036],[-121.05682,38.54033],[-121.05684,38.54024],[-121.05684,38.54018],[-121.05685,38.53964],[-121.05686,38.53936],[-121.05689,38.53926],[-121.05693,38.53916],[-121.057,38.53907],[-121.05711,38.53897],[-121.05724,38.53888],[-121.05791,38.53864],[-121.05812,38.53856],[-121.05874,38.53834],[-121.05895,38.53826],[-121.05916,38.53818],[-121.05958,38.53803],[-121.05979,38.53796],[-121.06002,38.53787],[-121.06028,38.5378],[-121.06049,38.53771],[-121.06056,38.53769],[-121.06069,38.53762],[-121.06078,38.53758],[-121.06087,38.53751],[-121.06118,38.53729],[-121.0614,38.53718],[-121.0616,38.53708],[-121.06179,38.53698],[-121.06236,38.53668],[-121.06294,38.53638],[-121.06332,38.53618],[-121.06351,38.53608],[-121.06383,38.53591],[-121.06406,38.53579],[-121.06408,38.53578],[-121.06426,38.53567],[-121.06442,38.53555],[-121.06443,38.53554],[-121.06458,38.53541],[-121.06474,38.53527],[-121.06489,38.53514],[-121.06504,38.53501],[-121.06556,38.53455],[-121.06566,38.53447],[-121.06581,38.53434],[-121.06597,38.53421],[-121.06612,38.53408],[-121.06613,38.53408],[-121.06645,38.53382],[-121.06677,38.53356],[-121.0671,38.53331],[-121.0676,38.53291],[-121.06767,38.53286],[-121.06772,38.53279],[-121.06772,38.53278],[-121.06778,38.53269],[-121.06782,38.53264],[-121.06783,38.53262],[-121.06786,38.53257],[-121.06789,38.53245],[-121.0679,38.53243],[-121.06795,38.53228],[-121.06816,38.53158],[-121.06821,38.5314],[-121.06827,38.53123],[-121.06828,38.53119],[-121.06833,38.53109],[-121.06837,38.53104],[-121.06844,38.53096],[-121.0685,38.53092],[-121.06856,38.53088],[-121.06866,38.53082],[-121.06868,38.53081],[-121.06887,38.53071],[-121.06898,38.53065],[-121.06944,38.53046],[-121.06967,38.53038],[-121.06984,38.53033],[-121.0699,38.53032],[-121.07007,38.53029],[-121.07035,38.53026],[-121.07058,38.53024],[-121.07081,38.53022],[-121.07089,38.53021],[-121.07114,38.53017],[-121.07126,38.53014],[-121.07148,38.53009],[-121.07169,38.53003],[-121.07176,38.53001],[-121.0719,38.52996],[-121.07203,38.52991],[-121.0721,38.52987],[-121.07218,38.52983],[-121.07227,38.52975],[-121.0723,38.52972],[-121.07237,38.52963],[-121.07241,38.52957],[-121.07245,38.52947],[-121.07245,38.52942],[-121.07245,38.52907],[-121.07246,38.52889],[-121.07246,38.52871],[-121.07246,38.52853],[-121.07246,38.52817],[-121.07247,38.52781],[-121.07247,38.5277],[-121.07248,38.52763],[-121.07248,38.52754],[-121.07252,38.52745],[-121.07252,38.52744],[-121.07262,38.52733],[-121.07266,38.52731],[-121.07268,38.52729],[-121.07281,38.52725],[-121.07289,38.5272],[-121.07311,38.52703],[-121.07318,38.52697],[-121.07335,38.52685],[-121.07352,38.52672],[-121.07368,38.5266],[-121.07376,38.52654],[-121.07383,38.52652],[-121.0739,38.5265],[-121.07407,38.52649],[-121.07479,38.52655],[-121.07502,38.52657],[-121.07518,38.52659],[-121.07524,38.5266],[-121.07525,38.5266],[-121.07567,38.52673],[-121.07608,38.52689],[-121.0761,38.5269],[-121.07614,38.52691],[-121.07619,38.52692],[-121.07623,38.52692],[-121.07626,38.52691],[-121.07634,38.52687],[-121.07648,38.52678],[-121.07675,38.52671],[-121.07679,38.5267],[-121.07686,38.5267],[-121.07704,38.52673],[-121.07727,38.52677],[-121.07736,38.52679],[-121.0774,38.52679],[-121.07749,38.5268],[-121.07772,38.52683],[-121.07784,38.52684],[-121.07791,38.52685],[-121.07795,38.52686],[-121.078,38.52689],[-121.07803,38.52692],[-121.07809,38.527],[-121.07831,38.52729],[-121.07836,38.52733],[-121.07844,38.52738],[-121.07848,38.52739],[-121.07852,38.5274],[-121.07858,38.5274],[-121.07872,38.52737],[-121.07874,38.52736],[-121.07912,38.52723],[-121.07917,38.52722],[-121.0792,38.52722],[-121.07927,38.52721],[-121.0794,38.52721],[-121.07985,38.52723],[-121.08005,38.52725],[-121.08018,38.52724],[-121.08031,38.52723],[-121.08054,38.5272],[-121.08077,38.52717],[-121.08099,38.52715],[-121.08122,38.52712],[-121.08168,38.52706],[-121.08213,38.527],[-121.0824,38.52697],[-121.08259,38.52696],[-121.08272,38.52695],[-121.08281,38.52694],[-121.08331,38.52691],[-121.08349,38.5269],[-121.08373,38.52693],[-121.08395,38.52696],[-121.08398,38.52697],[-121.08406,38.52697],[-121.08415,38.52696],[-121.0843,38.52691],[-121.08439,38.52687],[-121.08468,38.52675],[-121.0848,38.52672],[-121.08493,38.52668],[-121.08502,38.52666],[-121.08524,38.52661],[-121.08634,38.52634],[-121.08677,38.52622],[-121.08696,38.52617],[-121.08699,38.52616],[-121.08766,38.52596],[-121.0883,38.52577],[-121.08873,38.52564],[-121.08917,38.52551],[-121.08936,38.52546],[-121.08938,38.52545],[-121.08942,38.52545],[-121.08951,38.52543],[-121.08961,38.52543],[-121.08965,38.52542],[-121.08984,38.52543],[-121.09007,38.52543],[-121.0903,38.52543],[-121.09076,38.52544],[-121.09099,38.52544],[-121.09122,38.52545],[-121.09168,38.52545],[-121.09169,38.52545],[-121.09186,38.52544],[-121.0919,38.52543],[-121.09202,38.52541],[-121.09208,38.52538],[-121.09247,38.52514],[-121.09251,38.52512],[-121.09266,38.52504],[-121.09287,38.52497],[-121.09308,38.5249],[-121.0935,38.52474],[-121.09413,38.52452],[-121.09423,38.52448],[-121.09432,38.52443],[-121.09442,38.52438],[-121.09457,38.52427],[-121.09467,38.52419],[-121.09474,38.52415],[-121.09492,38.52395],[-121.09513,38.52368],[-121.09522,38.52348],[-121.09526,38.52343],[-121.09528,38.5234],[-121.09543,38.52326],[-121.09586,38.52285],[-121.09601,38.52271],[-121.09607,38.52265],[-121.09617,38.52252],[-121.09625,38.5224],[-121.09631,38.52223],[-121.09637,38.52206],[-121.09658,38.52151],[-121.09663,38.5214],[-121.09665,38.52137],[-121.09666,38.52135],[-121.09672,38.52131],[-121.09683,38.52126],[-121.097,38.52119],[-121.09762,38.5209],[-121.09782,38.52081],[-121.09789,38.52077],[-121.098,38.52071],[-121.09801,38.52071],[-121.09808,38.52065],[-121.09816,38.52057],[-121.0982,38.52054],[-121.09831,38.52043],[-121.09834,38.5204],[-121.09859,38.52009],[-121.09877,38.51981],[-121.09887,38.51965],[-121.09908,38.51933],[-121.09916,38.51927],[-121.0992,38.51924],[-121.09926,38.51921],[-121.09937,38.51919],[-121.09948,38.51917],[-121.09961,38.51914],[-121.0997,38.51913],[-121.10015,38.51905],[-121.10094,38.51892],[-121.10106,38.51891],[-121.10123,38.51888],[-121.10144,38.51884],[-121.10151,38.51882],[-121.10166,38.51876],[-121.10171,38.51877],[-121.10174,38.51878],[-121.10178,38.51878],[-121.10186,38.51877],[-121.10202,38.51875],[-121.10237,38.5187],[-121.10245,38.51868],[-121.10257,38.51866],[-121.10275,38.51863],[-121.10304,38.51858],[-121.10322,38.51855],[-121.1033,38.51853],[-121.10335,38.51852],[-121.10339,38.51851],[-121.10346,38.51849],[-121.10349,38.51848],[-121.10367,38.51841],[-121.10375,38.51837],[-121.10383,38.51832],[-121.10405,38.51814],[-121.10405,38.51814],[-121.10406,38.51821],[-121.10406,38.51835],[-121.10406,38.5187],[-121.10406,38.51924],[-121.10407,38.5199],[-121.10407,38.52021],[-121.10408,38.52075],[-121.10408,38.52123],[-121.10408,38.52151],[-121.10409,38.52184],[-121.10409,38.52187],[-121.10409,38.52203],[-121.10408,38.52282],[-121.10408,38.52324],[-121.10408,38.52339],[-121.10407,38.52456],[-121.10407,38.52465],[-121.10407,38.52544],[-121.10406,38.52571],[-121.10406,38.52573],[-121.10406,38.52589],[-121.10406,38.52591],[-121.10406,38.52625],[-121.10406,38.52627],[-121.10406,38.52643],[-121.10406,38.52645],[-121.10406,38.52661],[-121.10406,38.52663],[-121.10406,38.52679],[-121.10406,38.52715],[-121.10406,38.52717],[-121.10406,38.52735],[-121.10406,38.52763],[-121.10406,38.52771],[-121.10406,38.52781],[-121.10406,38.52789],[-121.10406,38.52794],[-121.10406,38.52799],[-121.10405,38.52853],[-121.10405,38.52861],[-121.10405,38.52871],[-121.10405,38.52883],[-121.10405,38.52897],[-121.10405,38.52907],[-121.10404,38.52915],[-121.10404,38.52939],[-121.10404,38.52943],[-121.10404,38.52951],[-121.10404,38.52961],[-121.10404,38.52969],[-121.10403,38.52994],[-121.10403,38.53005],[-121.10403,38.53015],[-121.10403,38.53051],[-121.10403,38.53069],[-121.10404,38.53077],[-121.10404,38.53086],[-121.10404,38.53095],[-121.10404,38.53104],[-121.10404,38.53131],[-121.10404,38.5314],[-121.10404,38.53146],[-121.10404,38.53149],[-121.10404,38.53158],[-121.10404,38.53167],[-121.10404,38.53176],[-121.10404,38.53202],[-121.10404,38.53212],[-121.10404,38.5322],[-121.10404,38.5323],[-121.10404,38.53238],[-121.10404,38.53246],[-121.10404,38.53266],[-121.10404,38.53274],[-121.10404,38.53284],[-121.10404,38.53313],[-121.10404,38.53338],[-121.10403,38.53379],[-121.10403,38.53415],[-121.10403,38.53426],[-121.10402,38.53445],[-121.10402,38.53466],[-121.10402,38.5349],[-121.10402,38.53501],[-121.10402,38.53504],[-121.10402,38.53517],[-121.10402,38.53533],[-121.10402,38.53544],[-121.10401,38.53558],[-121.10401,38.53561],[-121.10401,38.53576],[-121.10401,38.5358],[-121.10401,38.53594],[-121.10401,38.53604],[-121.104,38.53627],[-121.104,38.5363],[-121.104,38.53644],[-121.104,38.53648],[-121.104,38.53669],[-121.104,38.53684],[-121.104,38.53689],[-121.104,38.53702],[-121.104,38.53711],[-121.104,38.53728],[-121.10399,38.53754],[-121.10399,38.53756],[-121.104,38.53777],[-121.10399,38.53804],[-121.10399,38.5381],[-121.10399,38.53828],[-121.10399,38.53852],[-121.10398,38.53875],[-121.10398,38.53881],[-121.10397,38.53894],[-121.10397,38.53903],[-121.10397,38.5391],[-121.10398,38.53914],[-121.10399,38.53918],[-121.104,38.53921],[-121.10401,38.53924],[-121.10403,38.53927],[-121.10406,38.53929],[-121.10409,38.53933],[-121.10419,38.53941],[-121.10426,38.53946],[-121.10428,38.53947],[-121.10438,38.53954],[-121.1045,38.53962],[-121.10466,38.53973],[-121.10478,38.53982],[-121.10486,38.53987],[-121.105,38.53997],[-121.10511,38.54004],[-121.10512,38.54005],[-121.10537,38.54022],[-121.1055,38.54031],[-121.10566,38.54043],[-121.10582,38.54054],[-121.10605,38.5407],[-121.10611,38.54075],[-121.10614,38.54078],[-121.10616,38.54079],[-121.10623,38.54085],[-121.10631,38.54095],[-121.10639,38.54105],[-121.1065,38.54117],[-121.10659,38.54128],[-121.10667,38.54136],[-121.10673,38.54144],[-121.10681,38.54152],[-121.10697,38.54165],[-121.10705,38.54172],[-121.1071,38.54176],[-121.10711,38.54178],[-121.1072,38.54186],[-121.10732,38.54199],[-121.10744,38.54211],[-121.10749,38.54218],[-121.10756,38.54228],[-121.10758,38.54231],[-121.10772,38.54252],[-121.10777,38.5426],[-121.10783,38.54268],[-121.10788,38.54274],[-121.10791,38.54278],[-121.10793,38.5428],[-121.10802,38.54289],[-121.1081,38.54294],[-121.1082,38.543],[-121.10832,38.54306],[-121.10839,38.5431],[-121.10844,38.54312],[-121.10848,38.54313],[-121.1086,38.5432],[-121.10875,38.54327],[-121.10887,38.54333],[-121.10908,38.54343],[-121.10923,38.5435],[-121.1093,38.54354],[-121.10933,38.54355],[-121.1095,38.54363],[-121.10961,38.54368],[-121.10962,38.54369],[-121.10986,38.5438],[-121.1099,38.54383],[-121.10994,38.54385],[-121.11001,38.5439],[-121.11005,38.54394],[-121.1101,38.54401],[-121.11012,38.54405],[-121.11016,38.54412],[-121.11026,38.5443],[-121.1103,38.54438],[-121.11035,38.54449],[-121.11038,38.54455],[-121.11046,38.54471],[-121.11047,38.54474],[-121.11054,38.54488],[-121.11056,38.54491],[-121.11065,38.5451],[-121.11095,38.54568],[-121.11116,38.54606],[-121.11133,38.54638],[-121.11176,38.54718],[-121.11185,38.54735],[-121.11212,38.54786],[-121.11233,38.54829],[-121.11245,38.54852],[-121.11247,38.54857],[-121.11253,38.54868],[-121.11259,38.5488],[-121.11269,38.54896],[-121.11278,38.54907],[-121.1129,38.54922],[-121.11312,38.54945],[-121.11319,38.54953],[-121.11339,38.54974],[-121.11349,38.54985],[-121.11353,38.54989],[-121.11358,38.54994],[-121.11366,38.55002],[-121.11366,38.55003],[-121.11371,38.55009],[-121.11375,38.55015],[-121.1138,38.55024],[-121.11386,38.55035],[-121.11386,38.55036],[-121.11392,38.55053],[-121.11399,38.5507],[-121.11402,38.55077],[-121.11418,38.55113],[-121.11423,38.55124],[-121.11429,38.55138],[-121.11437,38.55155],[-121.11444,38.55172],[-121.11452,38.55189],[-121.11456,38.55198],[-121.11459,38.55206],[-121.11479,38.55252],[-121.11489,38.55274],[-121.11496,38.55291],[-121.11503,38.55305],[-121.11535,38.55376],[-121.11542,38.55389],[-121.11558,38.55425],[-121.11559,38.55427],[-121.11567,38.55443],[-121.11574,38.55456],[-121.11583,38.55475],[-121.11584,38.55477],[-121.11592,38.55492],[-121.11593,38.55493],[-121.11601,38.55509],[-121.11601,38.5551],[-121.11609,38.55525],[-121.11617,38.55537],[-121.1162,38.55543],[-121.11623,38.55547],[-121.11626,38.55552],[-121.11632,38.55558],[-121.11637,38.55563],[-121.11643,38.55569],[-121.11646,38.55571],[-121.11654,38.55578],[-121.11664,38.55586],[-121.11697,38.55607],[-121.11698,38.55608],[-121.11716,38.5562],[-121.11733,38.55631],[-121.1175,38.55642],[-121.11751,38.55643],[-121.11768,38.55654],[-121.11775,38.55658]]}},{"type":"Feature","properties":{"_gpxType":"trk","name":"9135 Landrum St, Plymouth, CA 95669 - 4391 Scott Rd - 2500 El Vita Way, Carmichael, CA","coordinateProperties":{},"id":103},"geometry":{"type":"LineString","coordinates":[[-121.11775,38.55658],[-121.11786,38.55666],[-121.11839,38.55701],[-121.11874,38.55724],[-121.11909,38.55747],[-121.1191,38.55747],[-121.11927,38.55758],[-121.1198,38.55793],[-121.11997,38.55804],[-121.11998,38.55805],[-121.1203,38.55826],[-121.1205,38.55839],[-121.12068,38.55851],[-121.12085,38.55862],[-121.12102,38.55874],[-121.12103,38.55874],[-121.12161,38.55913],[-121.12172,38.5592],[-121.12173,38.55921],[-121.12225,38.55955],[-121.12226,38.55955],[-121.12229,38.55957],[-121.12244,38.55967],[-121.12318,38.56016],[-121.12331,38.56024],[-121.12332,38.56025],[-121.12367,38.56048],[-121.1238,38.56056],[-121.12384,38.56058],[-121.12385,38.56059],[-121.12396,38.56067],[-121.12419,38.56082],[-121.1242,38.56083],[-121.12423,38.56085],[-121.12435,38.56092],[-121.12436,38.56093],[-121.12438,38.56094],[-121.12484,38.56123],[-121.1249,38.56127],[-121.12491,38.56128],[-121.12501,38.56134],[-121.12509,38.56139],[-121.12524,38.56149],[-121.12544,38.5616],[-121.12546,38.56161],[-121.1256,38.56169],[-121.12579,38.56177],[-121.12603,38.56188],[-121.12604,38.56189],[-121.12611,38.56192],[-121.1264,38.56206],[-121.12653,38.56212],[-121.12662,38.56216],[-121.12669,38.56219],[-121.12681,38.56225],[-121.12691,38.56231],[-121.127,38.56237],[-121.12709,38.56243],[-121.12717,38.56248],[-121.12728,38.56257],[-121.12732,38.5626],[-121.12742,38.56268],[-121.1275,38.56274],[-121.12763,38.56287],[-121.12772,38.56298],[-121.12781,38.56309],[-121.12787,38.56317],[-121.12787,38.56318],[-121.12792,38.56326],[-121.12799,38.56337],[-121.12802,38.56343],[-121.12803,38.56345],[-121.12805,38.56349],[-121.12806,38.5635],[-121.12809,38.56356],[-121.12812,38.56365],[-121.12819,38.56382],[-121.12829,38.56408],[-121.12831,38.56413],[-121.12833,38.56419],[-121.12837,38.56431],[-121.12837,38.56432],[-121.12844,38.56448],[-121.12847,38.56453],[-121.12851,38.56462],[-121.12858,38.56474],[-121.12866,38.56487],[-121.12871,38.56497],[-121.12872,38.56498],[-121.12874,38.56503],[-121.12875,38.56505],[-121.12878,38.56513],[-121.12878,38.56514],[-121.1288,38.5652],[-121.12886,38.56539],[-121.12897,38.56579],[-121.12902,38.56594],[-121.12907,38.56612],[-121.1291,38.56619],[-121.12911,38.56623],[-121.12912,38.56625],[-121.12915,38.56633],[-121.1292,38.56643],[-121.12926,38.56656],[-121.12934,38.56668],[-121.12935,38.5667],[-121.12939,38.56675],[-121.12941,38.56676],[-121.12946,38.56682],[-121.12948,38.56684],[-121.12952,38.56688],[-121.12953,38.56689],[-121.12963,38.56699],[-121.12991,38.56726],[-121.12995,38.5673],[-121.12996,38.56731],[-121.13007,38.56742],[-121.13018,38.56754],[-121.13027,38.56765],[-121.13034,38.56775],[-121.13043,38.5679],[-121.13046,38.56797],[-121.13048,38.56803],[-121.13051,38.56812],[-121.13052,38.56816],[-121.13053,38.56823],[-121.13053,38.56827],[-121.13053,38.5683],[-121.13052,38.56837],[-121.13051,38.56839],[-121.13049,38.56847],[-121.13045,38.56857],[-121.13042,38.56866],[-121.1304,38.56875],[-121.1304,38.56885],[-121.1304,38.56892],[-121.1304,38.56898],[-121.1304,38.56901],[-121.13043,38.56927],[-121.13044,38.56934],[-121.13046,38.56946],[-121.13048,38.5696],[-121.13048,38.56964],[-121.13049,38.5697],[-121.13051,38.5698],[-121.13052,38.56996],[-121.13052,38.57016],[-121.13051,38.57024],[-121.1305,38.57028],[-121.13048,38.57041],[-121.13047,38.57047],[-121.13046,38.57053],[-121.13043,38.57073],[-121.13043,38.57074],[-121.13031,38.57131],[-121.13023,38.5716],[-121.13023,38.57167],[-121.13021,38.57172],[-121.13018,38.57181],[-121.1301,38.572],[-121.13009,38.57201],[-121.13004,38.57211],[-121.13001,38.57217],[-121.12999,38.57221],[-121.12994,38.57234],[-121.12991,38.57239],[-121.12987,38.5725],[-121.12986,38.57261],[-121.12985,38.57269],[-121.12985,38.57279],[-121.12984,38.57287],[-121.12984,38.57292],[-121.12984,38.57305],[-121.12984,38.57306],[-121.12984,38.57323],[-121.12984,38.5734],[-121.12984,38.57341],[-121.12983,38.57361],[-121.12982,38.57377],[-121.1298,38.57389],[-121.12979,38.57394],[-121.12977,38.57402],[-121.12972,38.5743],[-121.12971,38.57433],[-121.12968,38.57447],[-121.12968,38.57448],[-121.12965,38.57465],[-121.12964,38.57468],[-121.12962,38.57478],[-121.12961,38.57483],[-121.1296,38.57489],[-121.12956,38.57501],[-121.12951,38.57518],[-121.12948,38.57531],[-121.12946,38.57536],[-121.12944,38.57541],[-121.1294,38.57553],[-121.12939,38.57556],[-121.12936,38.57569],[-121.12936,38.57571],[-121.12934,38.57579],[-121.12934,38.57599],[-121.12934,38.57607],[-121.12934,38.57611],[-121.12933,38.57621],[-121.12932,38.57625],[-121.1293,38.57634],[-121.12928,38.57642],[-121.1292,38.57673],[-121.12919,38.57678],[-121.12918,38.57683],[-121.12918,38.57689],[-121.12918,38.57695],[-121.12918,38.57696],[-121.1292,38.57702],[-121.12938,38.57747],[-121.1294,38.57753],[-121.12945,38.57765],[-121.12948,38.57775],[-121.12959,38.57803],[-121.12964,38.57816],[-121.12969,38.57828],[-121.12971,38.57833],[-121.12981,38.57859],[-121.1299,38.57885],[-121.12994,38.57897],[-121.13007,38.57931],[-121.13014,38.57951],[-121.13015,38.57954],[-121.1302,38.57971],[-121.13024,38.5799],[-121.13025,38.57994],[-121.13026,38.58008],[-121.13028,38.58026],[-121.13031,38.58055],[-121.13032,38.58061],[-121.13034,38.58079],[-121.13035,38.58094],[-121.13035,38.58097],[-121.13038,38.58115],[-121.13038,38.58122],[-121.13039,38.5813],[-121.1304,38.58149],[-121.13041,38.58158],[-121.13042,38.58173],[-121.13043,38.58176],[-121.13045,38.58194],[-121.13045,38.58196],[-121.13048,38.58223],[-121.13049,38.5823],[-121.1305,38.58243],[-121.1305,38.58248],[-121.13052,38.58268],[-121.13053,38.58283],[-121.13054,38.58299],[-121.13054,38.58301],[-121.13056,38.58328],[-121.13058,38.5835],[-121.13058,38.58355],[-121.13059,38.58367],[-121.13059,38.58373],[-121.1306,38.58388],[-121.1306,38.58391],[-121.1306,38.58398],[-121.13061,38.58427],[-121.13061,38.58447],[-121.13062,38.58462],[-121.13062,38.58463],[-121.13061,38.58477],[-121.13062,38.58481],[-121.13062,38.58486],[-121.13063,38.58517],[-121.13064,38.58538],[-121.13064,38.58551],[-121.13065,38.58573],[-121.13065,38.58589],[-121.13066,38.58606],[-121.13066,38.58631],[-121.13067,38.58654],[-121.13067,38.58659],[-121.13067,38.58661],[-121.13065,38.5867],[-121.13065,38.58672],[-121.13064,38.5868],[-121.1306,38.58697],[-121.13055,38.58715],[-121.13045,38.58749],[-121.13042,38.58764],[-121.13041,38.58767],[-121.1304,38.58776],[-121.13039,38.58788],[-121.13039,38.58796],[-121.13039,38.58803],[-121.1304,38.58804],[-121.1304,38.58812],[-121.13039,38.58819],[-121.13039,38.58821],[-121.13039,38.58825],[-121.13038,38.58833],[-121.13035,38.58842],[-121.13032,38.58852],[-121.13031,38.58856],[-121.13025,38.5887],[-121.13024,38.58873],[-121.13017,38.5889],[-121.13011,38.58908],[-121.13006,38.58921],[-121.12999,38.58942],[-121.12996,38.58948],[-121.12992,38.5896],[-121.12982,38.58989],[-121.1298,38.58994],[-121.12973,38.59014],[-121.12968,38.59029],[-121.12961,38.59046],[-121.1296,38.5905],[-121.12956,38.59064],[-121.12951,38.59081],[-121.12949,38.5909],[-121.12947,38.59099],[-121.12944,38.5911],[-121.12942,38.59117],[-121.12935,38.59151],[-121.12928,38.59188],[-121.12925,38.59206],[-121.12923,38.59213],[-121.12919,38.59238],[-121.12917,38.59254],[-121.12916,38.59266],[-121.12917,38.5928],[-121.12918,38.59289],[-121.1292,38.59307],[-121.12924,38.59323],[-121.12926,38.5933],[-121.12927,38.59335],[-121.12929,38.59342],[-121.12932,38.59351],[-121.12936,38.59362],[-121.12944,38.59377],[-121.12955,38.59395],[-121.12968,38.59414],[-121.12975,38.59423],[-121.1299,38.59445],[-121.12994,38.59451],[-121.12996,38.59455],[-121.13,38.59461],[-121.13007,38.59471],[-121.13008,38.59473],[-121.1301,38.59478],[-121.13015,38.59485],[-121.13019,38.59494],[-121.13024,38.59503],[-121.13032,38.5952],[-121.13042,38.59545],[-121.13049,38.59562],[-121.13056,38.59581],[-121.13063,38.59596],[-121.13065,38.59601],[-121.1307,38.59614],[-121.13077,38.59631],[-121.13089,38.59661],[-121.13096,38.59678],[-121.13103,38.59692],[-121.13105,38.59697],[-121.13106,38.59699],[-121.13107,38.59701],[-121.1311,38.59705],[-121.13112,38.59708],[-121.13115,38.59711],[-121.13118,38.59714],[-121.13122,38.59717],[-121.13165,38.5975],[-121.13182,38.59762],[-121.13211,38.59784],[-121.13226,38.59796],[-121.13235,38.59801],[-121.13242,38.59804],[-121.13247,38.59805],[-121.13251,38.59806],[-121.13257,38.59806],[-121.13261,38.59807],[-121.13276,38.59807],[-121.1328,38.59807],[-121.13297,38.59807],[-121.1338,38.59808],[-121.13395,38.59808],[-121.13418,38.59808],[-121.13435,38.59808],[-121.1351,38.59808],[-121.13524,38.59808],[-121.13556,38.59809],[-121.13558,38.59809],[-121.13602,38.59809],[-121.13612,38.59809],[-121.13625,38.59809],[-121.13642,38.59809],[-121.13671,38.59809],[-121.13672,38.59809],[-121.13685,38.5981],[-121.13689,38.59811],[-121.13693,38.59812],[-121.13698,38.59814],[-121.13701,38.59817],[-121.13703,38.5982],[-121.13704,38.59823],[-121.13705,38.59826],[-121.13705,38.59829],[-121.13706,38.59836],[-121.13705,38.59844],[-121.13705,38.59898],[-121.13705,38.59904],[-121.13704,38.5991],[-121.13704,38.59916],[-121.13704,38.59928],[-121.13704,38.59934],[-121.13704,38.59961],[-121.13703,38.59982],[-121.13703,38.59988],[-121.13703,38.60006],[-121.13703,38.60017],[-121.13702,38.60053],[-121.13702,38.6006],[-121.13702,38.6009],[-121.13702,38.60096],[-121.13701,38.60132],[-121.13701,38.60141],[-121.13701,38.6015],[-121.13701,38.6016],[-121.13701,38.60168],[-121.137,38.6018],[-121.137,38.60216],[-121.137,38.60217],[-121.137,38.60222],[-121.137,38.6024],[-121.137,38.60263],[-121.137,38.60276],[-121.137,38.60287],[-121.137,38.60294],[-121.13699,38.60308],[-121.13699,38.60312],[-121.13699,38.60325],[-121.13698,38.60366],[-121.13698,38.60368],[-121.13698,38.60384],[-121.13698,38.60435],[-121.13698,38.60438],[-121.13698,38.60456],[-121.13697,38.60461],[-121.13697,38.60466],[-121.13697,38.60484],[-121.13696,38.60492],[-121.13696,38.60495],[-121.13697,38.60505],[-121.13698,38.6051],[-121.13698,38.60511],[-121.13699,38.60513],[-121.137,38.60514],[-121.13701,38.60515],[-121.13704,38.60516],[-121.13707,38.60517],[-121.13709,38.60518],[-121.13711,38.60518],[-121.13721,38.60518],[-121.13729,38.60518],[-121.13739,38.60518],[-121.13774,38.60518],[-121.13797,38.60518],[-121.1382,38.60519],[-121.13843,38.60519],[-121.13866,38.60519],[-121.13912,38.60519],[-121.13981,38.60519],[-121.14011,38.60519],[-121.14027,38.6052],[-121.14034,38.6052],[-121.14043,38.6052],[-121.14052,38.60521],[-121.14057,38.60522],[-121.14064,38.60525],[-121.1407,38.6053],[-121.14072,38.60531],[-121.14088,38.60544],[-121.14106,38.60558],[-121.14119,38.60568],[-121.14126,38.60573],[-121.14143,38.60587],[-121.14151,38.60594],[-121.14154,38.60596],[-121.1416,38.60602],[-121.14163,38.60608],[-121.14164,38.60612],[-121.14165,38.60616],[-121.14165,38.60626],[-121.14165,38.60627],[-121.14165,38.60644],[-121.14165,38.60649],[-121.14165,38.60668],[-121.14164,38.60698],[-121.14164,38.6071],[-121.14164,38.60716],[-121.14165,38.60734],[-121.14165,38.60736],[-121.14164,38.60752],[-121.14164,38.60767],[-121.14164,38.60776],[-121.14164,38.60799],[-121.14164,38.60806],[-121.14164,38.60812],[-121.14164,38.60821],[-121.14164,38.60824],[-121.14164,38.60842],[-121.14164,38.60847],[-121.14164,38.60861],[-121.14164,38.6088],[-121.14164,38.60896],[-121.14164,38.60907],[-121.14164,38.6093],[-121.14164,38.60949],[-121.14164,38.60981],[-121.14164,38.60986],[-121.14164,38.61],[-121.14164,38.61022],[-121.14164,38.61029],[-121.14164,38.61038],[-121.14164,38.61047],[-121.14167,38.61061],[-121.14172,38.61075],[-121.1418,38.61091],[-121.14193,38.61111],[-121.14199,38.61116],[-121.14207,38.61124],[-121.14217,38.61132],[-121.14231,38.61141],[-121.14244,38.61149],[-121.14247,38.6115],[-121.14255,38.61153],[-121.14274,38.61159],[-121.14293,38.61163],[-121.14313,38.61165],[-121.14384,38.61167],[-121.14427,38.61167],[-121.14463,38.61171],[-121.14491,38.61176],[-121.14503,38.61178],[-121.14518,38.61181],[-121.14541,38.61186],[-121.14572,38.61193],[-121.14607,38.612],[-121.14709,38.6122],[-121.14721,38.61225],[-121.14738,38.61228],[-121.14753,38.61229],[-121.14772,38.61228],[-121.14782,38.61228],[-121.14794,38.6123],[-121.14794,38.6123],[-121.14794,38.61231],[-121.14795,38.61232],[-121.14796,38.61233],[-121.14797,38.61234],[-121.14797,38.61235],[-121.14799,38.61236],[-121.14801,38.61237],[-121.14802,38.61237],[-121.14803,38.61238],[-121.14804,38.61238],[-121.14805,38.61239],[-121.14807,38.61239],[-121.14808,38.61239],[-121.14809,38.61239],[-121.14811,38.61239],[-121.14812,38.6124],[-121.14827,38.61249],[-121.14835,38.61257],[-121.1484,38.61263],[-121.14846,38.61274],[-121.14857,38.61297],[-121.14874,38.6133],[-121.14894,38.6137],[-121.14906,38.61397],[-121.14913,38.61414],[-121.14921,38.6143],[-121.14924,38.61439],[-121.14926,38.61442],[-121.14928,38.61447],[-121.14938,38.61482],[-121.14949,38.61498],[-121.14958,38.61513],[-121.14964,38.61523],[-121.14969,38.61537],[-121.14986,38.61574],[-121.15002,38.61609],[-121.15019,38.61654],[-121.15021,38.6166],[-121.15027,38.6168],[-121.15031,38.61695],[-121.15032,38.617],[-121.15036,38.61721],[-121.15038,38.61731],[-121.15039,38.61734],[-121.15041,38.61758],[-121.15043,38.61766],[-121.15046,38.61782],[-121.15046,38.61797],[-121.15047,38.61821],[-121.15046,38.6184],[-121.15047,38.61855],[-121.15045,38.61921],[-121.15045,38.61964],[-121.15046,38.61972],[-121.15045,38.61983],[-121.15046,38.62036],[-121.15045,38.62057],[-121.15045,38.62091],[-121.15045,38.62108],[-121.15045,38.62109],[-121.15045,38.62127],[-121.15045,38.62181],[-121.15045,38.62199],[-121.15044,38.62249],[-121.15044,38.62289],[-121.15041,38.6236],[-121.15041,38.62364],[-121.15041,38.62382],[-121.15041,38.624],[-121.15041,38.62504],[-121.15041,38.62508],[-121.1504,38.62522],[-121.1504,38.62526],[-121.1504,38.62533],[-121.1504,38.6254],[-121.1504,38.62544],[-121.1504,38.6258],[-121.15039,38.62684],[-121.15039,38.62688],[-121.15039,38.62702],[-121.15039,38.62703],[-121.15039,38.62742],[-121.15039,38.62756],[-121.15038,38.6281],[-121.15038,38.62813],[-121.15038,38.62828],[-121.15038,38.62831],[-121.15038,38.62846],[-121.15038,38.62849],[-121.15038,38.62864],[-121.15038,38.62867],[-121.15038,38.62882],[-121.15038,38.62885],[-121.15037,38.62954],[-121.15037,38.62957],[-121.15037,38.63005],[-121.15037,38.63008],[-121.15037,38.63011],[-121.15036,38.63044],[-121.15036,38.63047],[-121.15036,38.63062],[-121.15036,38.63093],[-121.15036,38.63119],[-121.15035,38.63134],[-121.15035,38.63196],[-121.15035,38.63239],[-121.15034,38.63245],[-121.15034,38.63252],[-121.15034,38.63262],[-121.15035,38.63276],[-121.15035,38.6328],[-121.15036,38.63284],[-121.15037,38.63288],[-121.15038,38.63292],[-121.1504,38.63295],[-121.15041,38.63298],[-121.15043,38.63302],[-121.15046,38.63306],[-121.15048,38.63309],[-121.15055,38.63319],[-121.15074,38.6335],[-121.15089,38.63373],[-121.15091,38.63376],[-121.1512,38.63421],[-121.1513,38.63438],[-121.15132,38.6344],[-121.15141,38.63455],[-121.15142,38.63456],[-121.15148,38.63466],[-121.15152,38.63472],[-121.15157,38.63479],[-121.1516,38.63483],[-121.15162,38.63486],[-121.1517,38.63495],[-121.15175,38.63499],[-121.15183,38.63507],[-121.15189,38.63512],[-121.15191,38.63513],[-121.15194,38.63515],[-121.15199,38.63519],[-121.15207,38.63524],[-121.15217,38.6353],[-121.15247,38.63545],[-121.15294,38.63566],[-121.15336,38.63586],[-121.15345,38.63591],[-121.15354,38.63596],[-121.15362,38.63601],[-121.15369,38.63606],[-121.15379,38.63613],[-121.15403,38.63632],[-121.15417,38.63642],[-121.15419,38.63644],[-121.15427,38.63651],[-121.15435,38.63658],[-121.15441,38.63664],[-121.15446,38.6367],[-121.15451,38.63675],[-121.15456,38.63682],[-121.15461,38.63688],[-121.15467,38.63696],[-121.15483,38.63719],[-121.15486,38.63724],[-121.15506,38.63753],[-121.15516,38.63766],[-121.15524,38.63779],[-121.15527,38.63782],[-121.15536,38.63795],[-121.15538,38.63798],[-121.15538,38.63799],[-121.15549,38.63815],[-121.15555,38.63823],[-121.15559,38.6383],[-121.1556,38.63832],[-121.15563,38.63838],[-121.15565,38.63844],[-121.15566,38.63847],[-121.15569,38.63857],[-121.1557,38.63862],[-121.15571,38.63864],[-121.15572,38.6387],[-121.15573,38.6388],[-121.15573,38.63882],[-121.15574,38.63888],[-121.15576,38.63905],[-121.15577,38.63915],[-121.15579,38.6394],[-121.1558,38.63946],[-121.15581,38.6395],[-121.15582,38.63954],[-121.15586,38.63972],[-121.15591,38.6399],[-121.15595,38.64007],[-121.15599,38.64026],[-121.15603,38.64043],[-121.15607,38.64066],[-121.15609,38.64073],[-121.15611,38.64083],[-121.15618,38.64111],[-121.15624,38.64129],[-121.15629,38.64147],[-121.15634,38.64162],[-121.15637,38.64169],[-121.15641,38.64182],[-121.15641,38.64184],[-121.15645,38.64196],[-121.15646,38.64199],[-121.15649,38.64211],[-121.15653,38.64225],[-121.15654,38.64228],[-121.15656,38.64238],[-121.15659,38.64248],[-121.15664,38.64265],[-121.15669,38.64282],[-121.15673,38.64294],[-121.15679,38.6431],[-121.15679,38.64324],[-121.15681,38.64329],[-121.15697,38.64354],[-121.15704,38.64365],[-121.15705,38.64366],[-121.15714,38.64379],[-121.15723,38.64389],[-121.1574,38.64409],[-121.15755,38.64425],[-121.15781,38.64455],[-121.15785,38.6446],[-121.15822,38.64501],[-121.15875,38.64562],[-121.15879,38.64566],[-121.15911,38.64601],[-121.15922,38.64612],[-121.16017,38.64704],[-121.16095,38.64781],[-121.16108,38.64793],[-121.16154,38.64838],[-121.16158,38.64841],[-121.1617,38.64853],[-121.16211,38.6489],[-121.16242,38.6492],[-121.16272,38.6495],[-121.16286,38.64963],[-121.16286,38.64963],[-121.16302,38.64952],[-121.16333,38.64934],[-121.16348,38.64925],[-121.1639,38.649],[-121.16418,38.6488],[-121.16479,38.64842],[-121.16498,38.64833],[-121.16513,38.64826],[-121.16517,38.64824],[-121.16547,38.64812],[-121.16561,38.64806],[-121.16577,38.64801],[-121.16593,38.64796],[-121.1661,38.64792],[-121.16624,38.64788],[-121.16642,38.64784],[-121.16658,38.64781],[-121.16666,38.6478],[-121.16691,38.64776],[-121.16708,38.64774],[-121.16725,38.64773],[-121.1674,38.64772],[-121.16758,38.64771],[-121.16789,38.64768],[-121.16825,38.64765],[-121.16837,38.64764],[-121.16858,38.64763],[-121.16874,38.64761],[-121.16891,38.64759],[-121.16906,38.64756],[-121.16926,38.64753],[-121.16941,38.64749],[-121.16955,38.64746],[-121.16971,38.64741],[-121.16972,38.64741],[-121.16988,38.64736],[-121.16993,38.64735],[-121.17004,38.64731],[-121.17018,38.64726],[-121.17033,38.6472],[-121.17049,38.64714],[-121.17063,38.64707],[-121.17077,38.64701],[-121.17093,38.64693],[-121.17108,38.64684],[-121.17131,38.6467],[-121.17155,38.64654],[-121.17176,38.64639],[-121.17194,38.64626],[-121.17204,38.6462],[-121.17245,38.64591],[-121.17264,38.64578],[-121.17315,38.64541],[-121.17333,38.64529],[-121.17371,38.64502],[-121.17431,38.6446],[-121.17492,38.64417],[-121.17494,38.64415],[-121.17532,38.64389],[-121.1755,38.64377],[-121.17572,38.64365],[-121.17592,38.64355],[-121.17604,38.64349],[-121.17607,38.64347],[-121.17616,38.64343],[-121.17627,38.64339],[-121.17628,38.64338],[-121.17644,38.64332],[-121.17667,38.64324],[-121.17678,38.64321],[-121.17694,38.64316],[-121.17708,38.64313],[-121.1773,38.64308],[-121.17736,38.64306],[-121.17757,38.64302],[-121.17797,38.64294],[-121.17816,38.64289],[-121.17842,38.64285],[-121.17852,38.64283],[-121.17853,38.64283],[-121.17902,38.64276],[-121.17926,38.64272],[-121.17955,38.64268],[-121.17972,38.64266],[-121.17995,38.64263],[-121.18035,38.64257],[-121.18063,38.64254],[-121.18102,38.64249],[-121.18117,38.64246],[-121.18158,38.64241],[-121.18168,38.6424],[-121.18191,38.64237],[-121.18213,38.64236],[-121.18237,38.64236],[-121.18253,38.64237],[-121.18273,38.64238],[-121.18277,38.64239],[-121.1829,38.6424],[-121.18309,38.64241],[-121.18323,38.64242],[-121.18333,38.64242],[-121.18346,38.64242],[-121.18358,38.64242],[-121.18362,38.64242],[-121.18374,38.64241],[-121.18382,38.6424],[-121.18393,38.64239],[-121.18406,38.64237],[-121.18435,38.64231],[-121.18453,38.64227],[-121.18457,38.64226],[-121.18473,38.64221],[-121.18507,38.64209],[-121.18524,38.64203],[-121.18544,38.64198],[-121.18567,38.64192],[-121.18589,38.64188],[-121.18605,38.64186],[-121.18621,38.64184],[-121.18627,38.64183],[-121.18643,38.64182],[-121.18662,38.64182],[-121.1868,38.64183],[-121.18699,38.64184],[-121.18714,38.64186],[-121.18736,38.6419],[-121.18757,38.64194],[-121.18763,38.64196],[-121.1878,38.642],[-121.18797,38.64206],[-121.18812,38.64211],[-121.18827,38.64217],[-121.18827,38.64218],[-121.18842,38.64225],[-121.18854,38.64232],[-121.18857,38.64234],[-121.18878,38.64246],[-121.18887,38.64253],[-121.18904,38.64266],[-121.18929,38.64287],[-121.18961,38.64314],[-121.18992,38.64341],[-121.19024,38.64368],[-121.19032,38.64375],[-121.19062,38.64402],[-121.19081,38.64418],[-121.19093,38.64428],[-121.19104,38.64438],[-121.19104,38.64438],[-121.19118,38.64428],[-121.1913,38.64418],[-121.1913,38.64418],[-121.19146,38.64432],[-121.19146,38.64432],[-121.19157,38.64428],[-121.19166,38.64425],[-121.19182,38.64419],[-121.19197,38.64412],[-121.19207,38.64407],[-121.19215,38.64402],[-121.19224,38.64397],[-121.19232,38.64391],[-121.19234,38.64389],[-121.19238,38.64386],[-121.19246,38.64381],[-121.19251,38.64378],[-121.19279,38.64362],[-121.19291,38.64355],[-121.19303,38.64348],[-121.19308,38.64344],[-121.19312,38.64341],[-121.19317,38.64337],[-121.1932,38.64334],[-121.19322,38.64332],[-121.19326,38.64328],[-121.19336,38.64318],[-121.19337,38.64316],[-121.19345,38.64308],[-121.1935,38.64303],[-121.19356,38.64298],[-121.19369,38.64286],[-121.19374,38.64282],[-121.19382,38.64275],[-121.19389,38.6427],[-121.194,38.64261],[-121.1942,38.64248],[-121.1943,38.64241],[-121.19447,38.64229],[-121.1946,38.6422],[-121.19474,38.64212],[-121.19487,38.64205],[-121.19505,38.64196],[-121.19519,38.64189],[-121.19531,38.64182],[-121.19538,38.64177],[-121.19545,38.64173],[-121.19554,38.64166],[-121.19566,38.64157],[-121.19572,38.64153],[-121.19581,38.64146],[-121.19593,38.6414],[-121.19597,38.64138],[-121.19601,38.64137],[-121.19604,38.64136],[-121.19608,38.64136],[-121.19612,38.64136],[-121.19616,38.64136],[-121.1962,38.64136],[-121.19623,38.64136],[-121.19626,38.64137],[-121.19629,38.64137],[-121.19633,38.64139],[-121.19637,38.6414],[-121.19638,38.6414],[-121.19645,38.64142],[-121.19659,38.64147],[-121.19675,38.64151],[-121.19681,38.64153],[-121.19683,38.64154],[-121.19689,38.64156],[-121.19698,38.64159],[-121.19703,38.64162],[-121.19709,38.64165],[-121.1972,38.64172],[-121.19731,38.64177],[-121.1974,38.64181],[-121.1974,38.64181],[-121.19743,38.64174],[-121.19746,38.6417],[-121.19753,38.64164],[-121.19759,38.64158],[-121.19763,38.64156],[-121.19767,38.64153],[-121.19771,38.64152],[-121.19776,38.6415],[-121.19779,38.6415],[-121.19783,38.6415],[-121.19787,38.6415],[-121.19792,38.64149],[-121.19793,38.64149],[-121.19796,38.64148],[-121.19803,38.64147],[-121.19814,38.64145],[-121.19815,38.64144],[-121.19826,38.6414],[-121.19845,38.64134],[-121.19856,38.6413],[-121.19857,38.6413],[-121.19865,38.64126],[-121.19876,38.6412],[-121.19878,38.64119],[-121.19882,38.64118],[-121.19887,38.64116],[-121.1989,38.64115],[-121.19894,38.64115],[-121.19897,38.64115],[-121.19898,38.64116],[-121.19899,38.64116],[-121.19909,38.64123],[-121.19916,38.64127],[-121.19925,38.64134],[-121.19928,38.64136],[-121.1993,38.64137],[-121.19934,38.64138],[-121.19934,38.64138],[-121.19939,38.64138],[-121.19943,38.64137],[-121.19946,38.64135],[-121.19948,38.64134],[-121.19953,38.64129],[-121.19956,38.64123],[-121.19961,38.64109],[-121.19967,38.64094],[-121.19972,38.64086],[-121.19978,38.64079],[-121.19984,38.64075],[-121.19991,38.64071],[-121.19992,38.64071],[-121.20005,38.64066],[-121.20011,38.64064],[-121.20017,38.64063],[-121.20023,38.64063],[-121.20028,38.64064],[-121.20036,38.64065],[-121.20057,38.64073],[-121.20058,38.64073],[-121.20061,38.64074],[-121.20065,38.64075],[-121.2007,38.64076],[-121.20075,38.64076],[-121.20081,38.64076],[-121.20086,38.64076],[-121.20091,38.64075],[-121.20101,38.64071],[-121.20101,38.64071],[-121.20113,38.64064],[-121.20121,38.64058],[-121.20126,38.64053],[-121.20143,38.64035],[-121.20152,38.64027],[-121.20156,38.64023],[-121.20161,38.6402],[-121.20164,38.64018],[-121.20168,38.64016],[-121.20175,38.64014],[-121.20182,38.64012],[-121.20193,38.64008],[-121.20201,38.64005],[-121.20211,38.64001],[-121.2022,38.63998],[-121.20227,38.63997],[-121.20234,38.63995],[-121.20247,38.63991],[-121.20258,38.63988],[-121.20264,38.63986],[-121.20295,38.63972],[-121.20314,38.63963],[-121.20319,38.63961],[-121.20325,38.63959],[-121.20329,38.63957],[-121.20332,38.63954],[-121.20334,38.63952],[-121.20334,38.63949],[-121.20335,38.63947],[-121.20334,38.63944],[-121.20332,38.63941],[-121.20327,38.63936],[-121.20322,38.63932],[-121.20318,38.63927],[-121.20315,38.63923],[-121.20314,38.6392],[-121.20313,38.63915],[-121.20313,38.63912],[-121.20313,38.63906],[-121.20315,38.63901],[-121.20319,38.63892],[-121.20322,38.63888],[-121.20325,38.63885],[-121.20328,38.63882],[-121.20333,38.63879],[-121.20341,38.63875],[-121.20345,38.63873],[-121.20351,38.63871],[-121.20356,38.63869],[-121.20361,38.63867],[-121.20369,38.63865],[-121.20374,38.63863],[-121.2038,38.63859],[-121.20385,38.63854],[-121.20393,38.63845],[-121.20399,38.63838],[-121.20406,38.63829],[-121.20413,38.63824],[-121.20415,38.63822],[-121.20418,38.6382],[-121.20421,38.63819],[-121.20425,38.63818],[-121.2043,38.63817],[-121.20436,38.63816],[-121.20442,38.63815],[-121.20447,38.63815],[-121.20448,38.63815],[-121.20452,38.63814],[-121.20457,38.63813],[-121.20462,38.63812],[-121.20467,38.63811],[-121.20469,38.63811],[-121.20473,38.6381],[-121.20479,38.63809],[-121.20484,38.63808],[-121.20487,38.63808],[-121.20491,38.63808],[-121.20492,38.63808],[-121.20497,38.63809],[-121.20504,38.63811],[-121.20509,38.63812],[-121.20515,38.63812],[-121.20521,38.63812],[-121.20526,38.63812],[-121.20532,38.63811],[-121.20537,38.6381],[-121.20541,38.63809],[-121.20546,38.63807],[-121.20551,38.63805],[-121.20557,38.63803],[-121.20558,38.63802],[-121.20562,38.638],[-121.20571,38.63796],[-121.20578,38.63794],[-121.20579,38.63793],[-121.20589,38.6379],[-121.20598,38.63788],[-121.20604,38.63787],[-121.20607,38.63786],[-121.2061,38.63784],[-121.20612,38.63783],[-121.20614,38.6378],[-121.20621,38.63772],[-121.20626,38.63767],[-121.20632,38.63764],[-121.20636,38.63761],[-121.2064,38.63759],[-121.20648,38.63755],[-121.20651,38.63754],[-121.20659,38.6375],[-121.20665,38.63747],[-121.2067,38.63746],[-121.20672,38.63746],[-121.20674,38.63746],[-121.2068,38.63746],[-121.20695,38.63747],[-121.2071,38.6375],[-121.20733,38.63753],[-121.20756,38.63757],[-121.20778,38.63761],[-121.20791,38.63763],[-121.20794,38.63763],[-121.20796,38.63763],[-121.20797,38.63763],[-121.20798,38.63763],[-121.208,38.63761],[-121.20806,38.63756],[-121.20815,38.63749],[-121.20817,38.63747],[-121.20823,38.63743],[-121.20828,38.6374],[-121.20829,38.63739],[-121.20833,38.63736],[-121.20836,38.63734],[-121.20839,38.63732],[-121.2084,38.63729],[-121.20841,38.63726],[-121.20842,38.63723],[-121.20842,38.63719],[-121.20842,38.63716],[-121.20841,38.63713],[-121.2084,38.6371],[-121.20839,38.63708],[-121.20837,38.63704],[-121.20835,38.63701],[-121.20833,38.63696],[-121.20832,38.63692],[-121.20831,38.63686],[-121.20831,38.63684],[-121.20832,38.63682],[-121.20836,38.63676],[-121.20837,38.63674],[-121.20838,38.63673],[-121.20838,38.6367],[-121.20838,38.63663],[-121.20838,38.63655],[-121.20836,38.6364],[-121.20836,38.63635],[-121.20836,38.63624],[-121.20836,38.6362],[-121.20836,38.63615],[-121.20837,38.63611],[-121.20838,38.6361],[-121.20839,38.63607],[-121.20842,38.63603],[-121.2085,38.63596],[-121.20857,38.6359],[-121.20866,38.63583],[-121.20871,38.6358],[-121.2088,38.63571],[-121.20882,38.6357],[-121.20886,38.63567],[-121.20892,38.63562],[-121.20897,38.63559],[-121.20899,38.63558],[-121.209,38.63557],[-121.20904,38.63556],[-121.20908,38.63555],[-121.20912,38.63555],[-121.20916,38.63555],[-121.20921,38.63555],[-121.20925,38.63556],[-121.20939,38.63559],[-121.20947,38.6356],[-121.2096,38.6356],[-121.20966,38.6356],[-121.20968,38.63561],[-121.20969,38.6356],[-121.2097,38.6356],[-121.20971,38.6356],[-121.20972,38.63559],[-121.20978,38.63555],[-121.20986,38.6355],[-121.20996,38.63544],[-121.21011,38.63538],[-121.21019,38.63536],[-121.21025,38.63534],[-121.21037,38.6353],[-121.21056,38.63525],[-121.21081,38.63518],[-121.21097,38.63514],[-121.21112,38.63509],[-121.21137,38.635],[-121.21162,38.63492],[-121.2118,38.63486],[-121.21203,38.63478],[-121.21218,38.63473],[-121.21222,38.63472],[-121.21232,38.63469],[-121.21251,38.63463],[-121.2127,38.63458],[-121.21293,38.63451],[-121.2131,38.63447],[-121.2132,38.63445],[-121.21325,38.63444],[-121.21331,38.63444],[-121.21334,38.63445],[-121.21338,38.63447],[-121.21338,38.63447],[-121.21341,38.63449],[-121.21345,38.63453],[-121.21352,38.63462],[-121.2136,38.63472],[-121.21364,38.63478],[-121.21375,38.63491],[-121.21377,38.63494],[-121.21381,38.63497],[-121.21384,38.63499],[-121.21386,38.635],[-121.21387,38.635],[-121.21391,38.63501],[-121.21396,38.63502],[-121.21407,38.63502],[-121.21414,38.63502],[-121.21417,38.63501],[-121.21431,38.63499],[-121.21436,38.63498],[-121.21459,38.63495],[-121.21478,38.63493],[-121.21503,38.63491],[-121.21523,38.63488],[-121.21534,38.63486],[-121.2155,38.63484],[-121.2155,38.63484],[-121.21557,38.63477],[-121.2156,38.63473],[-121.21561,38.63466],[-121.21561,38.63465],[-121.21562,38.63448],[-121.21562,38.63445],[-121.21563,38.63436],[-121.21563,38.63433],[-121.21565,38.63418],[-121.21566,38.63415],[-121.21567,38.63412],[-121.2157,38.63405],[-121.21573,38.63398],[-121.21576,38.63395],[-121.21579,38.63391],[-121.21585,38.63384],[-121.21591,38.63379],[-121.21595,38.63376],[-121.21605,38.63371],[-121.21619,38.63364],[-121.21632,38.63359],[-121.21642,38.63357],[-121.21653,38.63356],[-121.21668,38.63356],[-121.21679,38.63357],[-121.21686,38.63358],[-121.21694,38.63359],[-121.21704,38.63362],[-121.21713,38.63366],[-121.21717,38.63367],[-121.21729,38.63369],[-121.21742,38.63369],[-121.21754,38.63368],[-121.21756,38.63367],[-121.21762,38.63365],[-121.21765,38.63365],[-121.21766,38.63365],[-121.2177,38.63366],[-121.21774,38.63368],[-121.21777,38.63371],[-121.21777,38.63371],[-121.2178,38.63373],[-121.21785,38.63375],[-121.21792,38.63376],[-121.21796,38.63375],[-121.21797,38.63375],[-121.21814,38.63369],[-121.21818,38.63367],[-121.21832,38.63362],[-121.21836,38.63361],[-121.21839,38.6336],[-121.21845,38.6336],[-121.21849,38.6336],[-121.21855,38.63361],[-121.21862,38.63365],[-121.21867,38.63369],[-121.2187,38.63374],[-121.21877,38.63384],[-121.21882,38.63391],[-121.21884,38.63395],[-121.21886,38.63397],[-121.21888,38.634],[-121.21892,38.63401],[-121.21897,38.63401],[-121.21897,38.63401],[-121.21938,38.63398],[-121.21951,38.63396],[-121.21963,38.63392],[-121.21974,38.63387],[-121.21988,38.63382],[-121.21992,38.63379],[-121.21993,38.63378],[-121.21994,38.63377],[-121.22003,38.63374],[-121.22012,38.63373],[-121.22018,38.63373],[-121.22045,38.63378],[-121.22046,38.63379],[-121.22066,38.63386],[-121.22077,38.63389],[-121.22086,38.63392],[-121.22086,38.63393],[-121.22092,38.63394],[-121.22096,38.63396],[-121.22099,38.63399],[-121.22102,38.63402],[-121.22103,38.63404],[-121.22103,38.63407],[-121.22102,38.63411],[-121.22101,38.63415],[-121.22096,38.6342],[-121.22089,38.63429],[-121.22077,38.63443],[-121.22077,38.63443],[-121.22071,38.6345],[-121.2207,38.63451],[-121.2207,38.63452],[-121.2207,38.63453],[-121.22071,38.63453],[-121.22072,38.63454],[-121.22081,38.63456],[-121.22094,38.63459],[-121.221,38.63459],[-121.22104,38.63459],[-121.22117,38.63459],[-121.22122,38.63458],[-121.22123,38.63458],[-121.22131,38.63456],[-121.22143,38.63452],[-121.22144,38.63452],[-121.22155,38.63446],[-121.22162,38.6344],[-121.22165,38.63438],[-121.22173,38.63433],[-121.2218,38.6343],[-121.22183,38.63428],[-121.22197,38.63422],[-121.22197,38.63422],[-121.22205,38.63425],[-121.22208,38.63426],[-121.22219,38.63428],[-121.22223,38.6343],[-121.22227,38.63432],[-121.22245,38.63448],[-121.22249,38.63451],[-121.22252,38.63452],[-121.22257,38.63454],[-121.22264,38.63456],[-121.22274,38.63458],[-121.22296,38.63463],[-121.22297,38.63463],[-121.22299,38.63463],[-121.22304,38.63465],[-121.22311,38.63466],[-121.22318,38.6347],[-121.22325,38.63473],[-121.22333,38.63477],[-121.22336,38.6348],[-121.22342,38.63485],[-121.22348,38.63491],[-121.2235,38.63493],[-121.22351,38.63494],[-121.22364,38.63508],[-121.22378,38.63523],[-121.22402,38.63549],[-121.22406,38.63551],[-121.22406,38.63552],[-121.22407,38.63552],[-121.22411,38.63555],[-121.22414,38.63556],[-121.22418,38.63556],[-121.22426,38.63557],[-121.22427,38.63557],[-121.22433,38.63556],[-121.2244,38.63554],[-121.22447,38.63551],[-121.22449,38.6355],[-121.22452,38.63549],[-121.22459,38.63545],[-121.22465,38.63541],[-121.22467,38.6354],[-121.22467,38.63539],[-121.22473,38.63535],[-121.22478,38.63529],[-121.22481,38.63525],[-121.22482,38.63524],[-121.22484,38.63521],[-121.22484,38.63519],[-121.22484,38.63517],[-121.22484,38.63515],[-121.22483,38.63513],[-121.22481,38.63511],[-121.2248,38.63509],[-121.22476,38.63507],[-121.22451,38.63497],[-121.22447,38.63495],[-121.22445,38.63494],[-121.2244,38.6349],[-121.22436,38.63487],[-121.2243,38.63483],[-121.22428,38.63481],[-121.22424,38.63478],[-121.22417,38.63472],[-121.2241,38.63465],[-121.22406,38.63461],[-121.22402,38.63457],[-121.22398,38.63452],[-121.22395,38.6345],[-121.22394,38.63449],[-121.22381,38.63435],[-121.22367,38.63421],[-121.22345,38.63398],[-121.22334,38.63386],[-121.22332,38.63379],[-121.2233,38.63366],[-121.22344,38.63351],[-121.22344,38.63351],[-121.22346,38.63347],[-121.22347,38.63346],[-121.22347,38.63345],[-121.22348,38.63341],[-121.22348,38.6333],[-121.22347,38.6332],[-121.22347,38.63312],[-121.22349,38.63304],[-121.22352,38.63296],[-121.22356,38.63287],[-121.22356,38.63287],[-121.22357,38.63285],[-121.22359,38.63282],[-121.2236,38.63281],[-121.2236,38.6328],[-121.22361,38.6328],[-121.22362,38.63279],[-121.22362,38.63278],[-121.22363,38.63278],[-121.22364,38.63278],[-121.22365,38.63278],[-121.22366,38.63278],[-121.22367,38.63278],[-121.2237,38.63279],[-121.22375,38.63281],[-121.2238,38.63284],[-121.2238,38.63284],[-121.22388,38.63283],[-121.22402,38.63287],[-121.2241,38.63289],[-121.22419,38.63291],[-121.22421,38.63291],[-121.22425,38.63291],[-121.22434,38.63291],[-121.22443,38.63291],[-121.22448,38.6329],[-121.22454,38.6329],[-121.22471,38.63286],[-121.22492,38.6328],[-121.22513,38.63274],[-121.22532,38.63269],[-121.22556,38.63265],[-121.22577,38.63261],[-121.2258,38.6326],[-121.22599,38.63257],[-121.22622,38.63254],[-121.22625,38.63254],[-121.22632,38.63252],[-121.22638,38.63251],[-121.22642,38.63251],[-121.22647,38.63251],[-121.22648,38.63251],[-121.22651,38.63252],[-121.22658,38.63255],[-121.22667,38.63261],[-121.22673,38.63265],[-121.22679,38.63268],[-121.22683,38.6327],[-121.22686,38.63271],[-121.22692,38.63272],[-121.227,38.63274],[-121.22705,38.63274],[-121.22709,38.63275],[-121.22722,38.63274],[-121.22727,38.63273],[-121.22732,38.63273],[-121.22753,38.63268],[-121.22775,38.63263],[-121.22798,38.63258],[-121.22806,38.63257],[-121.22811,38.63254],[-121.22815,38.63251],[-121.22818,38.63247],[-121.22822,38.63243],[-121.22824,38.63241],[-121.22824,38.63241],[-121.22829,38.63241],[-121.22832,38.63241],[-121.22837,38.63242],[-121.22845,38.63241],[-121.2285,38.63241],[-121.22855,38.63241],[-121.22858,38.6324],[-121.22877,38.63235],[-121.22899,38.63229],[-121.22909,38.63226],[-121.22921,38.63223],[-121.22942,38.63217],[-121.22964,38.63212],[-121.22972,38.63209],[-121.22981,38.63207],[-121.22992,38.63206],[-121.23006,38.63205],[-121.23023,38.63205],[-121.23033,38.63206],[-121.23041,38.63206],[-121.23058,38.63209],[-121.23077,38.63211],[-121.23091,38.63213],[-121.23107,38.63214],[-121.23122,38.63216],[-121.23137,38.63217],[-121.23154,38.63218],[-121.23164,38.63219],[-121.23175,38.63219],[-121.23185,38.6322],[-121.23195,38.6322],[-121.23208,38.6322],[-121.2322,38.63219],[-121.23228,38.63219],[-121.2324,38.63218],[-121.23257,38.63216],[-121.23274,38.63215],[-121.23288,38.63213],[-121.23306,38.63212],[-121.23329,38.63209],[-121.2335,38.63207],[-121.23365,38.63206],[-121.23377,38.63205],[-121.23393,38.63204],[-121.23412,38.63201],[-121.23428,38.632],[-121.23445,38.63198],[-121.23465,38.63196],[-121.23482,38.63194],[-121.23496,38.63191],[-121.23513,38.63189],[-121.23535,38.63186],[-121.23557,38.63183],[-121.23585,38.63179],[-121.23603,38.63177],[-121.23619,38.63175],[-121.23638,38.63173],[-121.23649,38.63173],[-121.23672,38.63172],[-121.23691,38.63171],[-121.23695,38.63171],[-121.23731,38.63171],[-121.23765,38.6317],[-121.23788,38.6317],[-121.23789,38.6317],[-121.23801,38.63169],[-121.23812,38.63167],[-121.23826,38.63166],[-121.23835,38.63166],[-121.23863,38.63163],[-121.23903,38.6316],[-121.23949,38.63162],[-121.23965,38.63162],[-121.23972,38.63162],[-121.23995,38.63164],[-121.24018,38.63166],[-121.24028,38.63167],[-121.24041,38.63168],[-121.24055,38.63169],[-121.24065,38.63171],[-121.24086,38.63175],[-121.24087,38.63175],[-121.2413,38.63186],[-121.24152,38.63191],[-121.24174,38.63198],[-121.24196,38.63203],[-121.24218,38.63208],[-121.2424,38.63214],[-121.24258,38.63217],[-121.24262,38.63217],[-121.24285,38.6322],[-121.24308,38.63222],[-121.24331,38.63223],[-121.24353,38.63225],[-121.24361,38.63226],[-121.24375,38.63227],[-121.24398,38.63228],[-121.24407,38.63229],[-121.24408,38.63229],[-121.24422,38.63231],[-121.24446,38.63234],[-121.24466,38.63236],[-121.24481,38.63239],[-121.24493,38.63241],[-121.24503,38.63243],[-121.24519,38.63246],[-121.24524,38.63247],[-121.24533,38.63249],[-121.24547,38.63251],[-121.24555,38.63253],[-121.24563,38.63255],[-121.24568,38.63256],[-121.24569,38.63256],[-121.24579,38.63259],[-121.24589,38.63263],[-121.2459,38.63263],[-121.24598,38.63267],[-121.24608,38.63271],[-121.24617,38.63274],[-121.24626,38.63278],[-121.2463,38.6328],[-121.24631,38.6328],[-121.24639,38.63284],[-121.24645,38.63287],[-121.2465,38.6329],[-121.24658,38.63295],[-121.24665,38.633],[-121.24669,38.63303],[-121.24676,38.63307],[-121.24684,38.63311],[-121.24685,38.63312],[-121.24695,38.63316],[-121.24704,38.63321],[-121.24712,38.63325],[-121.24718,38.63327],[-121.24722,38.63328],[-121.24726,38.63329],[-121.24732,38.6333],[-121.24737,38.63331],[-121.24742,38.63331],[-121.24748,38.6333],[-121.24756,38.63331],[-121.24763,38.63332],[-121.24771,38.63334],[-121.24778,38.63336],[-121.24787,38.63339],[-121.24799,38.63344],[-121.24813,38.63348],[-121.24813,38.63349],[-121.2483,38.63354],[-121.24845,38.6336],[-121.24861,38.63365],[-121.24876,38.6337],[-121.24897,38.63377],[-121.24906,38.6338],[-121.24914,38.63383],[-121.24929,38.63387],[-121.24941,38.6339],[-121.24952,38.63393],[-121.24961,38.63395],[-121.24972,38.63397],[-121.24981,38.63399],[-121.24991,38.63401],[-121.25,38.63404],[-121.25005,38.63407],[-121.25015,38.63412],[-121.25021,38.63416],[-121.25025,38.6342],[-121.25027,38.63422],[-121.25032,38.63428],[-121.25036,38.63436],[-121.25038,38.63444],[-121.25039,38.63451],[-121.25039,38.63452],[-121.2504,38.63457],[-121.25041,38.63463],[-121.25044,38.6347],[-121.25044,38.63472],[-121.2505,38.6348],[-121.25055,38.63485],[-121.25056,38.63486],[-121.25074,38.63497],[-121.25081,38.63502],[-121.25084,38.63505],[-121.25086,38.63508],[-121.25088,38.6351],[-121.2509,38.63514],[-121.25094,38.63517],[-121.251,38.63522],[-121.25103,38.63523],[-121.25104,38.63524],[-121.25107,38.63525],[-121.25126,38.63529],[-121.25138,38.63532],[-121.25147,38.63533],[-121.25148,38.63533],[-121.25155,38.63535],[-121.25163,38.63537],[-121.25168,38.63538],[-121.25171,38.6354],[-121.25173,38.63542],[-121.25175,38.63544],[-121.25176,38.63546],[-121.25178,38.63549],[-121.25179,38.63553],[-121.25179,38.63554],[-121.2518,38.63563],[-121.25181,38.6357],[-121.25184,38.63576],[-121.25193,38.63589],[-121.25199,38.63596],[-121.25209,38.63606],[-121.25213,38.63611],[-121.25219,38.63616],[-121.25223,38.6362],[-121.25229,38.63624],[-121.25236,38.63628],[-121.25237,38.63628],[-121.25241,38.6363],[-121.25247,38.63632],[-121.25251,38.63633],[-121.25256,38.63633],[-121.2526,38.63633],[-121.25263,38.63633],[-121.25274,38.63635],[-121.25281,38.63637],[-121.25285,38.63639],[-121.25294,38.63643],[-121.253,38.63646],[-121.25301,38.63646],[-121.25306,38.63649],[-121.25311,38.63653],[-121.25319,38.63659],[-121.25326,38.63665],[-121.25336,38.63672],[-121.25344,38.63676],[-121.25349,38.63678],[-121.25355,38.63681],[-121.25377,38.63686],[-121.25398,38.63692],[-121.25399,38.63692],[-121.25419,38.63698],[-121.25441,38.63704],[-121.25485,38.63716],[-121.25495,38.63718],[-121.25507,38.6372],[-121.25529,38.63723],[-121.25533,38.63724],[-121.25576,38.63726],[-121.25593,38.63727],[-121.25598,38.63727],[-121.25602,38.63727],[-121.25612,38.63728],[-121.25621,38.63727],[-121.25628,38.63726],[-121.25644,38.63723],[-121.25665,38.63717],[-121.25686,38.6371],[-121.25695,38.63707],[-121.25702,38.63704],[-121.25707,38.63703],[-121.25708,38.63703],[-121.25711,38.63703],[-121.25719,38.63703],[-121.25777,38.63709],[-121.25799,38.63711],[-121.25807,38.63712],[-121.25821,38.63712],[-121.25827,38.63712],[-121.25868,38.6371],[-121.25891,38.63709],[-121.25937,38.63707],[-121.25963,38.63705],[-121.25983,38.63703],[-121.25993,38.63702],[-121.26008,38.63701],[-121.26015,38.63702],[-121.26016,38.63702],[-121.26017,38.63702],[-121.26024,38.63702],[-121.26034,38.63702],[-121.26053,38.63704],[-121.26063,38.63705],[-121.26072,38.63706],[-121.26085,38.63707],[-121.26099,38.63709],[-121.26105,38.6371],[-121.26107,38.63709],[-121.26108,38.63709],[-121.26115,38.63708],[-121.2612,38.63707],[-121.26125,38.63706],[-121.26129,38.63705],[-121.2613,38.63705],[-121.26134,38.63703],[-121.2614,38.637],[-121.26149,38.63696],[-121.26159,38.63692],[-121.26169,38.63687],[-121.2618,38.63682],[-121.26188,38.63678],[-121.26197,38.63674],[-121.26206,38.6367],[-121.26214,38.63668],[-121.2622,38.63666],[-121.26226,38.63664],[-121.26231,38.63663],[-121.26236,38.63662],[-121.26243,38.6366],[-121.26252,38.63659],[-121.26259,38.63658],[-121.26266,38.63658],[-121.26275,38.63656],[-121.26282,38.63655],[-121.26288,38.63653],[-121.26293,38.63651],[-121.26297,38.63649],[-121.26301,38.63646],[-121.26305,38.63641],[-121.26309,38.63637],[-121.26314,38.63633],[-121.26319,38.63629],[-121.26328,38.63622],[-121.26332,38.6362],[-121.26335,38.63618],[-121.26346,38.63611],[-121.26355,38.63605],[-121.26365,38.63601],[-121.26375,38.63597],[-121.26386,38.63593],[-121.26396,38.63589],[-121.26417,38.63581],[-121.2643,38.63576],[-121.26437,38.63572],[-121.26451,38.63565],[-121.26455,38.63563],[-121.26456,38.63562],[-121.2647,38.63554],[-121.26473,38.63551],[-121.26481,38.63545],[-121.26489,38.63538],[-121.26489,38.63537],[-121.26492,38.63535],[-121.26496,38.6353],[-121.26502,38.63525],[-121.26503,38.63523],[-121.2651,38.63521],[-121.26524,38.63515],[-121.26534,38.63511],[-121.26545,38.63507],[-121.2656,38.63502],[-121.26568,38.63498],[-121.26579,38.63494],[-121.26585,38.6349],[-121.26594,38.63485],[-121.26605,38.63477],[-121.26613,38.63471],[-121.26617,38.63468],[-121.26619,38.63466],[-121.2663,38.63459],[-121.26635,38.63454],[-121.26645,38.63445],[-121.26661,38.63434],[-121.26672,38.63429],[-121.26687,38.63422],[-121.26689,38.63421],[-121.26694,38.63417],[-121.26706,38.63409],[-121.26707,38.63409],[-121.26708,38.63407],[-121.26723,38.63396],[-121.26729,38.63392],[-121.26736,38.63388],[-121.2674,38.63385],[-121.26744,38.63383],[-121.26748,38.6338],[-121.26752,38.63377],[-121.26757,38.63374],[-121.26758,38.63373],[-121.26763,38.6337],[-121.26775,38.63361],[-121.2678,38.63357],[-121.2679,38.63351],[-121.26792,38.6335],[-121.26793,38.63349],[-121.26794,38.63349],[-121.26803,38.63344],[-121.26811,38.6334],[-121.2683,38.63328],[-121.26838,38.63322],[-121.26854,38.63312],[-121.26855,38.63311],[-121.26868,38.63302],[-121.26872,38.63299],[-121.26874,38.63297],[-121.26876,38.63295],[-121.26881,38.63292],[-121.26889,38.63285],[-121.26911,38.63263],[-121.26916,38.63257],[-121.26933,38.63239],[-121.26938,38.63233],[-121.26941,38.6323],[-121.26945,38.63223],[-121.2695,38.63213],[-121.26949,38.63207],[-121.26946,38.63202],[-121.26943,38.63198],[-121.26941,38.63196],[-121.26934,38.63191],[-121.26926,38.63187],[-121.26915,38.63182],[-121.26913,38.63182],[-121.26905,38.63179],[-121.26888,38.63173],[-121.26873,38.63167],[-121.26868,38.63165],[-121.26853,38.63158],[-121.26846,38.63154],[-121.26838,38.6315],[-121.26835,38.63148],[-121.26831,38.63145],[-121.26828,38.63141],[-121.26826,38.63137],[-121.26825,38.63132],[-121.26824,38.63129],[-121.26824,38.63117],[-121.26827,38.63107],[-121.26831,38.63099],[-121.26845,38.63083],[-121.26846,38.63083],[-121.2686,38.63071],[-121.26862,38.63069],[-121.26871,38.63061],[-121.26888,38.63046],[-121.26912,38.63021],[-121.26934,38.63003],[-121.26952,38.6299],[-121.26969,38.6298],[-121.26988,38.62969],[-121.26999,38.62959],[-121.27005,38.62955],[-121.27011,38.62948],[-121.27025,38.62935],[-121.27039,38.6292],[-121.27055,38.62899],[-121.27065,38.62886],[-121.27078,38.6287],[-121.27087,38.62861],[-121.27101,38.6285],[-121.27112,38.62839],[-121.27126,38.62826],[-121.27148,38.62807],[-121.27158,38.62801],[-121.27178,38.62791],[-121.27179,38.62791],[-121.27193,38.62788],[-121.27214,38.62786],[-121.27227,38.62786],[-121.27247,38.62787],[-121.2725,38.62788],[-121.27259,38.62788],[-121.27269,38.62789],[-121.27277,38.62789],[-121.27289,38.62788],[-121.27296,38.62789],[-121.27303,38.6279],[-121.27311,38.62791],[-121.27318,38.62791],[-121.27327,38.62789],[-121.27344,38.62786],[-121.27376,38.62778],[-121.27412,38.62771],[-121.27435,38.62766],[-121.27454,38.6276],[-121.27466,38.62754],[-121.27474,38.62749],[-121.27475,38.62749],[-121.27492,38.62743],[-121.27503,38.62738],[-121.27511,38.62734],[-121.27521,38.62728],[-121.2753,38.62719],[-121.27532,38.62718],[-121.27533,38.62716],[-121.27534,38.62715],[-121.27536,38.62708],[-121.27538,38.62703],[-121.2754,38.62699],[-121.2755,38.62688],[-121.27557,38.62681],[-121.27563,38.62674],[-121.27568,38.62665],[-121.27571,38.62655],[-121.27571,38.6265],[-121.27571,38.62645],[-121.2757,38.62639],[-121.27569,38.62632],[-121.27568,38.62629],[-121.27567,38.62619],[-121.27566,38.62603],[-121.27568,38.62591],[-121.2757,38.62584],[-121.27576,38.62566],[-121.2758,38.62551],[-121.27583,38.62543],[-121.27589,38.62533],[-121.27597,38.62524],[-121.27604,38.62518],[-121.27605,38.62518],[-121.27622,38.62506],[-121.27633,38.62498],[-121.27654,38.62484],[-121.27667,38.62475],[-121.27672,38.62471],[-121.27672,38.6247],[-121.27679,38.62465],[-121.27683,38.62461],[-121.27686,38.62457],[-121.27688,38.62453],[-121.27689,38.62448],[-121.27691,38.62443],[-121.27692,38.62438],[-121.27692,38.62436],[-121.27695,38.62427],[-121.27699,38.62419],[-121.27703,38.62415],[-121.27706,38.62413],[-121.27711,38.62411],[-121.27714,38.62409],[-121.27729,38.62404],[-121.27736,38.62403],[-121.27744,38.62401],[-121.27753,38.62399],[-121.27761,38.62397],[-121.27774,38.62391],[-121.27784,38.62388],[-121.27788,38.62387],[-121.27799,38.62388],[-121.27801,38.62388],[-121.27807,38.62388],[-121.27815,38.62387],[-121.27824,38.62386],[-121.2783,38.62384],[-121.27838,38.62382],[-121.27849,38.62379],[-121.27858,38.62378],[-121.27861,38.62378],[-121.27863,38.62378],[-121.27864,38.62378],[-121.27867,38.62379],[-121.27871,38.62382],[-121.27875,38.62387],[-121.27879,38.62391],[-121.27881,38.62394],[-121.27883,38.62396],[-121.27885,38.62398],[-121.2789,38.62403],[-121.27898,38.62408],[-121.27904,38.62411],[-121.27911,38.62413],[-121.2792,38.62415],[-121.27924,38.62415],[-121.27929,38.62415],[-121.27934,38.62414],[-121.2794,38.62411],[-121.27951,38.62407],[-121.27969,38.62399],[-121.27984,38.6239],[-121.27993,38.62387],[-121.28,38.62384],[-121.28006,38.6238],[-121.28014,38.62372],[-121.28021,38.62366],[-121.28029,38.62359],[-121.28034,38.62355],[-121.28038,38.6235],[-121.28044,38.62343],[-121.28052,38.62334],[-121.28067,38.62322],[-121.28069,38.6232],[-121.28081,38.62312],[-121.2809,38.62303],[-121.28104,38.62292],[-121.28108,38.62289],[-121.28113,38.62286],[-121.28119,38.62283],[-121.28129,38.62279],[-121.28139,38.62275],[-121.28145,38.62273],[-121.28166,38.62265],[-121.28177,38.6226],[-121.28189,38.62253],[-121.28194,38.62248],[-121.28198,38.62244],[-121.28205,38.62233],[-121.28211,38.62225],[-121.28216,38.62217],[-121.28224,38.62201],[-121.28233,38.62184],[-121.28236,38.62181],[-121.28239,38.62177],[-121.28247,38.62169],[-121.28258,38.62158],[-121.28264,38.62153],[-121.28274,38.62145],[-121.28279,38.62142],[-121.28281,38.6214],[-121.28286,38.62137],[-121.28293,38.62133],[-121.283,38.62126],[-121.28306,38.6212],[-121.28311,38.62114],[-121.28312,38.62113],[-121.28322,38.62102],[-121.28325,38.62099],[-121.28333,38.62092],[-121.28339,38.62085],[-121.2834,38.62085],[-121.28352,38.62072],[-121.28353,38.62071],[-121.28357,38.62068],[-121.28363,38.62063],[-121.2837,38.62059],[-121.2837,38.62058],[-121.28376,38.62053],[-121.28378,38.62051],[-121.28379,38.6205],[-121.28381,38.62047],[-121.28381,38.62044],[-121.28381,38.62043],[-121.28381,38.62042],[-121.28379,38.62037],[-121.28377,38.62032],[-121.28375,38.62027],[-121.28374,38.62026],[-121.28371,38.62021],[-121.28364,38.62013],[-121.28363,38.6201],[-121.28362,38.62008],[-121.28362,38.62005],[-121.28362,38.62003],[-121.28362,38.62002],[-121.28362,38.62002],[-121.28364,38.61999],[-121.28366,38.61997],[-121.28368,38.61996],[-121.2837,38.61995],[-121.28372,38.61994],[-121.28374,38.61994],[-121.28376,38.61994],[-121.28379,38.61994],[-121.2838,38.61994],[-121.28381,38.61995],[-121.28393,38.61997],[-121.28397,38.61998],[-121.28404,38.61999],[-121.28446,38.62004],[-121.28471,38.62007],[-121.28493,38.62009],[-121.28516,38.62012],[-121.28517,38.62012],[-121.28538,38.62013],[-121.28552,38.62015],[-121.28562,38.62015],[-121.28585,38.62016],[-121.28602,38.62017],[-121.28616,38.62018],[-121.28624,38.62019],[-121.28629,38.6202],[-121.28631,38.6202],[-121.28634,38.62021],[-121.28653,38.62025],[-121.28684,38.62031],[-121.28698,38.62034],[-121.28715,38.62037],[-121.28737,38.62042],[-121.28758,38.62047],[-121.28759,38.62047],[-121.28764,38.62048],[-121.28768,38.6205],[-121.28771,38.62052],[-121.28775,38.62054],[-121.28777,38.62056],[-121.2878,38.62059],[-121.28785,38.62063],[-121.28789,38.62065],[-121.2879,38.62066],[-121.28792,38.62067],[-121.28794,38.62067],[-121.28796,38.62067],[-121.28797,38.62066],[-121.28799,38.62066],[-121.28801,38.62065],[-121.28803,38.62063],[-121.28807,38.62061],[-121.28811,38.62059],[-121.28813,38.62058],[-121.28816,38.62057],[-121.28831,38.62056],[-121.2885,38.62053],[-121.28873,38.62051],[-121.28885,38.6205],[-121.28894,38.62049],[-121.28907,38.62048],[-121.28915,38.62049],[-121.28923,38.62051],[-121.2893,38.62054],[-121.28936,38.62058],[-121.28938,38.62062],[-121.28941,38.62069],[-121.28941,38.6207],[-121.28941,38.62071],[-121.28941,38.62073],[-121.28941,38.62079],[-121.2894,38.62087],[-121.28936,38.62099],[-121.28936,38.62103],[-121.28937,38.62107],[-121.28938,38.62109],[-121.28938,38.6211],[-121.28941,38.62114],[-121.28946,38.62119],[-121.28946,38.6212],[-121.2895,38.62124],[-121.28953,38.62132],[-121.28955,38.62137],[-121.28956,38.62142],[-121.28955,38.62145],[-121.28955,38.62151],[-121.28954,38.62153],[-121.28954,38.62156],[-121.28954,38.62157],[-121.28955,38.6216],[-121.28956,38.62161],[-121.28957,38.62162],[-121.28959,38.62163],[-121.28962,38.62165],[-121.28967,38.62167],[-121.28972,38.62168],[-121.28983,38.6217],[-121.28988,38.62171],[-121.28991,38.62172],[-121.28994,38.62173],[-121.28997,38.62174],[-121.29,38.62176],[-121.29003,38.62179],[-121.29007,38.62182],[-121.29014,38.62186],[-121.29021,38.62191],[-121.29025,38.62193],[-121.29033,38.62197],[-121.2904,38.622],[-121.29043,38.62203],[-121.29047,38.62206],[-121.29052,38.6221],[-121.29055,38.62212],[-121.29057,38.62215],[-121.29059,38.62218],[-121.2906,38.62222],[-121.29061,38.62226],[-121.29062,38.62233],[-121.29062,38.62234],[-121.29064,38.62236],[-121.29065,38.62238],[-121.29066,38.62239],[-121.29068,38.6224],[-121.29071,38.62241],[-121.29077,38.62242],[-121.29082,38.62243],[-121.29085,38.62245],[-121.29087,38.62246],[-121.2909,38.62247],[-121.29094,38.62249],[-121.29098,38.62252],[-121.291,38.62254],[-121.29102,38.62258],[-121.29105,38.62264],[-121.29106,38.62268],[-121.29106,38.62272],[-121.29106,38.62275],[-121.29108,38.62278],[-121.29109,38.6228],[-121.29111,38.62282],[-121.29112,38.62283],[-121.29115,38.62284],[-121.29119,38.62285],[-121.29125,38.62286],[-121.29134,38.62287],[-121.2914,38.62289],[-121.29142,38.6229],[-121.29145,38.62292],[-121.29154,38.62299],[-121.29158,38.62303],[-121.2916,38.62305],[-121.29166,38.6231],[-121.29172,38.62314],[-121.29176,38.62316],[-121.29183,38.6232],[-121.29188,38.62326],[-121.2919,38.62328],[-121.29194,38.62333],[-121.29199,38.62337],[-121.29203,38.6234],[-121.29205,38.62342],[-121.29209,38.62343],[-121.29213,38.62344],[-121.29219,38.62345],[-121.29231,38.62344],[-121.29239,38.62344],[-121.29247,38.62342],[-121.29255,38.62341],[-121.29266,38.62339],[-121.29271,38.62338],[-121.29276,38.62338],[-121.29284,38.62337],[-121.2929,38.62336],[-121.29299,38.62336],[-121.29306,38.62336],[-121.29313,38.62336],[-121.29321,38.62337],[-121.29327,38.62339],[-121.29335,38.6234],[-121.29343,38.62343],[-121.29353,38.62347],[-121.29364,38.62351],[-121.29364,38.62352],[-121.29373,38.62355],[-121.29379,38.62357],[-121.29385,38.6236],[-121.29394,38.62363],[-121.29405,38.62367],[-121.2941,38.62369],[-121.29414,38.62371],[-121.29426,38.62375],[-121.29428,38.62376],[-121.29434,38.62378],[-121.29439,38.6238],[-121.29447,38.62382],[-121.29452,38.62384],[-121.29462,38.62387],[-121.29468,38.62389],[-121.29469,38.62389],[-121.29477,38.62391],[-121.29484,38.62393],[-121.2949,38.62395],[-121.29499,38.62398],[-121.29504,38.62399],[-121.29512,38.62401],[-121.29523,38.62405],[-121.29533,38.62407],[-121.2954,38.62409],[-121.29551,38.62412],[-121.2956,38.62415],[-121.29568,38.62417],[-121.29577,38.6242],[-121.29583,38.62421],[-121.29589,38.62422],[-121.29595,38.62422],[-121.29599,38.62421],[-121.296,38.62421],[-121.29604,38.6242],[-121.29608,38.62418],[-121.2962,38.62411],[-121.29636,38.624],[-121.2964,38.62397],[-121.29645,38.62395],[-121.2965,38.62393],[-121.29657,38.6239],[-121.29663,38.62389],[-121.29673,38.62387],[-121.29681,38.62386],[-121.29689,38.62386],[-121.29698,38.62386],[-121.29701,38.62387],[-121.29706,38.62388],[-121.29717,38.62392],[-121.29721,38.62394],[-121.29724,38.62396],[-121.29734,38.62399],[-121.29741,38.624],[-121.29743,38.624],[-121.29752,38.62399],[-121.29761,38.62398],[-121.29766,38.62397],[-121.29775,38.62394],[-121.29786,38.62389],[-121.29787,38.62388],[-121.29791,38.62385],[-121.29794,38.62381],[-121.29798,38.62373],[-121.29799,38.62372],[-121.29801,38.62368],[-121.29804,38.62363],[-121.29808,38.62358],[-121.29811,38.62355],[-121.29818,38.62348],[-121.29822,38.62344],[-121.29823,38.62344],[-121.29827,38.62342],[-121.29834,38.6234],[-121.2984,38.62339],[-121.29843,38.62337],[-121.29846,38.62334],[-121.29851,38.62328],[-121.29854,38.62325],[-121.29858,38.62323],[-121.29861,38.62321],[-121.29871,38.62316],[-121.29876,38.62315],[-121.29879,38.62314],[-121.2988,38.62313],[-121.29888,38.6231],[-121.29894,38.62306],[-121.29896,38.62303],[-121.29899,38.623],[-121.29903,38.62294],[-121.29904,38.62287],[-121.29905,38.62283],[-121.29905,38.62279],[-121.29906,38.62275],[-121.29907,38.62272],[-121.29908,38.62269],[-121.29909,38.62267],[-121.29911,38.62266],[-121.29912,38.62265],[-121.29914,38.62265],[-121.29917,38.62264],[-121.29923,38.62263],[-121.29923,38.62263],[-121.29943,38.6226],[-121.29964,38.62257],[-121.29981,38.62253],[-121.29996,38.62249],[-121.30008,38.62245],[-121.30017,38.6224],[-121.30063,38.6221],[-121.30081,38.62199],[-121.30094,38.62191],[-121.30116,38.62178],[-121.30135,38.62165],[-121.30139,38.62162],[-121.3015,38.62152],[-121.3016,38.62141],[-121.30164,38.62136],[-121.3017,38.6213],[-121.30178,38.62121],[-121.30189,38.62111],[-121.30202,38.62102],[-121.3021,38.62098],[-121.30213,38.62096],[-121.30223,38.62091],[-121.30251,38.62083],[-121.30264,38.62079],[-121.30273,38.62076],[-121.30277,38.62075],[-121.30285,38.62071],[-121.30294,38.62066],[-121.30296,38.62064],[-121.30304,38.62056],[-121.30308,38.62049],[-121.30313,38.62039],[-121.30317,38.62032],[-121.3032,38.62018],[-121.30329,38.61986],[-121.30332,38.61979],[-121.30338,38.6197],[-121.30342,38.61966],[-121.30349,38.61963],[-121.30368,38.61956],[-121.30387,38.61947],[-121.30408,38.61937],[-121.30425,38.61928],[-121.30442,38.61916],[-121.30447,38.61912],[-121.30451,38.61907],[-121.30453,38.61903],[-121.30453,38.61898],[-121.30456,38.61867],[-121.30458,38.61848],[-121.30459,38.61842],[-121.3046,38.61837],[-121.30462,38.61833],[-121.30466,38.61828],[-121.30469,38.61823],[-121.30472,38.61818],[-121.30473,38.61815],[-121.30473,38.6181],[-121.30472,38.61803],[-121.30471,38.61786],[-121.30471,38.61784],[-121.30471,38.61777],[-121.30472,38.61767],[-121.30472,38.61761],[-121.30471,38.61758],[-121.3047,38.61755],[-121.30465,38.61746],[-121.3046,38.61741],[-121.30453,38.61735],[-121.30434,38.61718],[-121.30431,38.61716],[-121.30429,38.61714],[-121.30426,38.61713],[-121.30419,38.61712],[-121.30407,38.6171],[-121.30396,38.61708],[-121.30387,38.61706],[-121.30378,38.61702],[-121.30372,38.61699],[-121.30367,38.61694],[-121.30362,38.61688],[-121.30353,38.61679],[-121.30331,38.6166],[-121.30312,38.61643],[-121.30302,38.61633],[-121.30279,38.61609],[-121.30263,38.61588],[-121.30257,38.61579],[-121.30252,38.61568],[-121.30245,38.61552],[-121.30235,38.61522],[-121.3023,38.61506],[-121.3023,38.61505],[-121.30225,38.61491],[-121.30221,38.61478],[-121.30219,38.61471],[-121.30218,38.61461],[-121.30222,38.61454],[-121.30235,38.61441],[-121.30237,38.6144],[-121.30246,38.61432],[-121.30258,38.61421],[-121.3027,38.61412],[-121.30275,38.61407],[-121.30277,38.61405],[-121.3028,38.61399],[-121.30283,38.6139],[-121.30283,38.61378],[-121.30281,38.61365],[-121.30277,38.61353],[-121.30275,38.61343],[-121.30274,38.6133],[-121.30276,38.61318],[-121.30278,38.61301],[-121.30281,38.61282],[-121.30283,38.61272],[-121.30285,38.61263],[-121.30289,38.61252],[-121.30301,38.61227],[-121.30308,38.61212],[-121.30315,38.61198],[-121.30321,38.61189],[-121.30327,38.61182],[-121.30347,38.61165],[-121.3037,38.61143],[-121.30387,38.61127],[-121.30402,38.61113],[-121.30414,38.61099],[-121.30423,38.61084],[-121.30431,38.61071],[-121.30443,38.61051],[-121.30465,38.61019],[-121.30467,38.61016],[-121.30477,38.61003],[-121.30488,38.60991],[-121.30492,38.60986],[-121.30504,38.60974],[-121.3052,38.60958],[-121.30526,38.60952],[-121.30546,38.60933],[-121.3055,38.6093],[-121.30551,38.60929],[-121.30579,38.60905],[-121.30581,38.60904],[-121.30598,38.60891],[-121.30611,38.60881],[-121.30649,38.60852],[-121.30675,38.60831],[-121.30679,38.60828],[-121.30695,38.60816],[-121.30717,38.60799],[-121.30734,38.60787],[-121.30762,38.60769],[-121.3078,38.60756],[-121.30792,38.60749],[-121.30809,38.60736],[-121.30829,38.60723],[-121.30847,38.60711],[-121.3086,38.60702],[-121.30876,38.60694],[-121.30887,38.60689],[-121.30897,38.60682],[-121.30904,38.60677],[-121.30919,38.60664],[-121.30922,38.60663],[-121.30924,38.60661],[-121.30936,38.60652],[-121.30938,38.6065],[-121.30951,38.60638],[-121.30953,38.60637],[-121.30961,38.60631],[-121.30971,38.60623],[-121.30979,38.60618],[-121.30984,38.60614],[-121.30992,38.6061],[-121.31006,38.60605],[-121.31025,38.606],[-121.3107,38.60587],[-121.31077,38.60585],[-121.31092,38.6058],[-121.31098,38.60577],[-121.31105,38.60573],[-121.3111,38.6057],[-121.31118,38.60565],[-121.31164,38.60534],[-121.31187,38.60521],[-121.31188,38.60521],[-121.31197,38.60515],[-121.312,38.60513],[-121.31208,38.60505],[-121.31215,38.60499],[-121.31233,38.6048],[-121.31241,38.60471],[-121.31247,38.60466],[-121.31272,38.60446],[-121.31322,38.60407],[-121.3136,38.60378],[-121.31411,38.60339],[-121.31414,38.60336],[-121.31435,38.60322],[-121.31439,38.60319],[-121.31442,38.60314],[-121.31445,38.60307],[-121.31445,38.60297],[-121.31445,38.6028],[-121.31443,38.60247],[-121.31446,38.60238],[-121.31452,38.60231],[-121.31475,38.60213],[-121.31508,38.6019],[-121.31542,38.60166],[-121.31557,38.60156],[-121.31568,38.60149],[-121.31573,38.60145],[-121.31581,38.60142],[-121.31589,38.6014],[-121.31597,38.6014],[-121.31599,38.6014],[-121.31666,38.60138],[-121.31668,38.60138],[-121.31674,38.60138],[-121.31685,38.60137],[-121.31705,38.60133],[-121.31713,38.60131],[-121.31728,38.60127],[-121.31733,38.60125],[-121.31741,38.60126],[-121.31745,38.60127],[-121.31748,38.60129],[-121.31752,38.60131],[-121.31764,38.60141],[-121.3177,38.60144],[-121.31774,38.60145],[-121.31779,38.60146],[-121.31782,38.60146],[-121.31787,38.60146],[-121.318,38.60143],[-121.31818,38.60137],[-121.31833,38.60131],[-121.31854,38.60123],[-121.31867,38.6012],[-121.31883,38.60116],[-121.31902,38.60112],[-121.31934,38.60106],[-121.31949,38.60102],[-121.31956,38.60099],[-121.31965,38.60095],[-121.31994,38.60077],[-121.32018,38.6006],[-121.32039,38.60045],[-121.32057,38.60032],[-121.32078,38.60015],[-121.32089,38.60006],[-121.32101,38.59992],[-121.32113,38.59978],[-121.32123,38.59966],[-121.32137,38.59949],[-121.3214,38.59946],[-121.32143,38.59944],[-121.32147,38.59942],[-121.32153,38.5994],[-121.32154,38.59939],[-121.32177,38.59937],[-121.32195,38.59933],[-121.3221,38.59929],[-121.32217,38.59927],[-121.32219,38.59926],[-121.32228,38.59923],[-121.32237,38.59919],[-121.32242,38.59914],[-121.32247,38.59911],[-121.32251,38.59904],[-121.32254,38.59898],[-121.32257,38.59891],[-121.32261,38.59882],[-121.3227,38.59847],[-121.32272,38.59837],[-121.32282,38.59794],[-121.32284,38.59785],[-121.32286,38.59775],[-121.32286,38.59766],[-121.32287,38.59759],[-121.32288,38.59743],[-121.32288,38.59699],[-121.32288,38.59687],[-121.32286,38.59681],[-121.32285,38.59676],[-121.32283,38.59668],[-121.32281,38.59664],[-121.32266,38.59643],[-121.32263,38.59638],[-121.32261,38.59634],[-121.3226,38.5963],[-121.3226,38.59627],[-121.3226,38.59621],[-121.3226,38.59619],[-121.32263,38.596],[-121.32268,38.59573],[-121.32269,38.59566],[-121.32272,38.59551],[-121.32275,38.59539],[-121.32276,38.59534],[-121.32276,38.59529],[-121.32276,38.59516],[-121.32274,38.59507],[-121.32272,38.59502],[-121.3227,38.595],[-121.32268,38.59496],[-121.32267,38.59495],[-121.32255,38.5948],[-121.32248,38.59471],[-121.32245,38.59464],[-121.32243,38.59456],[-121.32242,38.5945],[-121.32242,38.59446],[-121.32244,38.59429],[-121.32247,38.59412],[-121.32248,38.594],[-121.32249,38.59393],[-121.3225,38.59383],[-121.32251,38.59376],[-121.32254,38.59361],[-121.32259,38.59333],[-121.32259,38.59325],[-121.32259,38.59322],[-121.32259,38.59319],[-121.32256,38.59312],[-121.32253,38.59308],[-121.3225,38.59303],[-121.32242,38.59295],[-121.32237,38.59287],[-121.3223,38.59275],[-121.32228,38.59271],[-121.32225,38.59264],[-121.3222,38.59255],[-121.32217,38.59247],[-121.32216,38.59243],[-121.32214,38.59228],[-121.32212,38.59216],[-121.3221,38.59211],[-121.32207,38.59205],[-121.32205,38.59194],[-121.32204,38.59188],[-121.32206,38.5918],[-121.32209,38.59169],[-121.32218,38.5915],[-121.32222,38.59142],[-121.32227,38.59135],[-121.32231,38.59126],[-121.32232,38.59125],[-121.32237,38.59118],[-121.32245,38.591],[-121.32252,38.59091],[-121.32257,38.59086],[-121.32266,38.59077],[-121.32274,38.5907],[-121.32281,38.59066],[-121.32292,38.5906],[-121.32304,38.59053],[-121.32307,38.5905],[-121.32315,38.59043],[-121.32327,38.59032],[-121.32331,38.59028],[-121.32335,38.59026],[-121.32341,38.59024],[-121.32345,38.59024],[-121.32349,38.59025],[-121.32351,38.59025],[-121.32362,38.59028],[-121.32368,38.59029],[-121.32394,38.59036],[-121.32402,38.59038],[-121.32409,38.59039],[-121.32417,38.59039],[-121.32418,38.59039],[-121.32428,38.59036],[-121.32444,38.59034],[-121.32451,38.59033],[-121.32457,38.59034],[-121.32462,38.59035],[-121.32463,38.59036],[-121.3247,38.59038],[-121.32474,38.59041],[-121.32478,38.59043],[-121.32481,38.59046],[-121.32484,38.59049],[-121.32488,38.59053],[-121.32502,38.59066],[-121.32503,38.59067],[-121.3251,38.59073],[-121.32519,38.5908],[-121.32533,38.59091],[-121.32538,38.59095],[-121.32541,38.591],[-121.32545,38.59103],[-121.32549,38.59109],[-121.32552,38.59117],[-121.32553,38.59126],[-121.32554,38.59131],[-121.32555,38.59133],[-121.32557,38.59144],[-121.32558,38.59147],[-121.32561,38.59152],[-121.32563,38.59155],[-121.32568,38.5916],[-121.32583,38.59173],[-121.32589,38.59178],[-121.32602,38.5919],[-121.32613,38.59202],[-121.32618,38.59207],[-121.32625,38.59214],[-121.32631,38.59221],[-121.32634,38.59225],[-121.32636,38.59227],[-121.32639,38.59229],[-121.32652,38.59236],[-121.32677,38.59248],[-121.32687,38.59252],[-121.32688,38.59252],[-121.32696,38.59256],[-121.32704,38.59259],[-121.32717,38.59264],[-121.32721,38.59265],[-121.32734,38.59268],[-121.3274,38.5927],[-121.32744,38.59271],[-121.32749,38.59272],[-121.32751,38.59273],[-121.32759,38.59279],[-121.32761,38.59281],[-121.32767,38.59286],[-121.32771,38.5929],[-121.32774,38.59293],[-121.32776,38.59295],[-121.32778,38.59298],[-121.32781,38.59303],[-121.32783,38.59308],[-121.32784,38.59311],[-121.32785,38.59314],[-121.32786,38.59316],[-121.32788,38.59319],[-121.32792,38.59323],[-121.32796,38.59327],[-121.32802,38.59331],[-121.32809,38.59338],[-121.32817,38.59344],[-121.32823,38.59349],[-121.32828,38.59353],[-121.32829,38.59354],[-121.32834,38.59356],[-121.3284,38.59359],[-121.32847,38.59363],[-121.32848,38.59364],[-121.32858,38.59368],[-121.32871,38.59373],[-121.32884,38.59377],[-121.32894,38.5938],[-121.32899,38.59382],[-121.32905,38.59383],[-121.32909,38.59384],[-121.3291,38.59384],[-121.32915,38.59383],[-121.32918,38.59383],[-121.32922,38.59382],[-121.32927,38.59381],[-121.32929,38.5938],[-121.32932,38.59379],[-121.32934,38.59378],[-121.32936,38.59377],[-121.32937,38.59376],[-121.32939,38.59375],[-121.32954,38.59363],[-121.32955,38.59362],[-121.32971,38.59349],[-121.32987,38.59336],[-121.32995,38.5933],[-121.33003,38.59323],[-121.33011,38.59317],[-121.33019,38.5931],[-121.33039,38.59295],[-121.33041,38.59293],[-121.33055,38.59282],[-121.33071,38.59269],[-121.33086,38.59257],[-121.33087,38.59256],[-121.33102,38.59243],[-121.33118,38.5923],[-121.33129,38.59221],[-121.33145,38.59208],[-121.33159,38.59197],[-121.33169,38.59189],[-121.33185,38.59176],[-121.33187,38.59175],[-121.33201,38.59163],[-121.33203,38.59162],[-121.33206,38.59159],[-121.33215,38.59153],[-121.33221,38.59151],[-121.33233,38.59146],[-121.3324,38.59144],[-121.33241,38.59144],[-121.33242,38.59144],[-121.33268,38.59138],[-121.33276,38.59135],[-121.33285,38.59132],[-121.33285,38.59132],[-121.33289,38.59137],[-121.33293,38.5914],[-121.33296,38.59142],[-121.33299,38.59142],[-121.33301,38.59143],[-121.33303,38.59144],[-121.33306,38.59144],[-121.3331,38.59145],[-121.33317,38.59147],[-121.33325,38.59151],[-121.33338,38.59156],[-121.33346,38.5916],[-121.33348,38.59161],[-121.33362,38.59169],[-121.33365,38.5917],[-121.33371,38.59173],[-121.3339,38.59184],[-121.33402,38.59192],[-121.33403,38.59194],[-121.33405,38.592],[-121.33411,38.5921],[-121.3342,38.59216],[-121.33432,38.59222],[-121.33432,38.59222],[-121.33451,38.59232],[-121.33481,38.59251],[-121.33565,38.59297],[-121.33679,38.59358],[-121.33783,38.59415],[-121.33821,38.59435],[-121.33876,38.59465],[-121.33898,38.59476],[-121.33909,38.59482],[-121.33916,38.59484],[-121.33922,38.59487],[-121.33933,38.59491],[-121.33943,38.59494],[-121.33953,38.59497],[-121.33957,38.59498],[-121.33966,38.595],[-121.33975,38.59502],[-121.33992,38.59505],[-121.34026,38.59511],[-121.34071,38.59518],[-121.34094,38.59521],[-121.34104,38.59523],[-121.34116,38.59524],[-121.34124,38.59526],[-121.34135,38.59527],[-121.34136,38.59527],[-121.34144,38.59528],[-121.34154,38.59528],[-121.34165,38.59529],[-121.34176,38.59529],[-121.34197,38.59529],[-121.34201,38.59529],[-121.34208,38.59529],[-121.3422,38.59529],[-121.34266,38.5953],[-121.34289,38.5953],[-121.34303,38.59531],[-121.34319,38.59531],[-121.34349,38.59531],[-121.34387,38.59531],[-121.34452,38.59533],[-121.34462,38.59533],[-121.34484,38.59533],[-121.34484,38.59533],[-121.3448,38.59546],[-121.34479,38.59551],[-121.34479,38.59551],[-121.3448,38.59554],[-121.34482,38.59555],[-121.34485,38.59556],[-121.34488,38.59558],[-121.34496,38.59559],[-121.34504,38.59559],[-121.34516,38.59559],[-121.34521,38.5956],[-121.34522,38.59561],[-121.34523,38.59561],[-121.34524,38.59562],[-121.34525,38.59563],[-121.34525,38.59567],[-121.34525,38.5957],[-121.34525,38.59572],[-121.34526,38.59572],[-121.34526,38.59573],[-121.34529,38.59576],[-121.3453,38.59576],[-121.34541,38.59583],[-121.34541,38.59583],[-121.34534,38.59591],[-121.34515,38.59612],[-121.34502,38.59627],[-121.34489,38.5964],[-121.34469,38.59662],[-121.34448,38.59685],[-121.34447,38.59693],[-121.34432,38.59709],[-121.34422,38.5972],[-121.34382,38.59764],[-121.34308,38.59846],[-121.34297,38.59856],[-121.34267,38.59889],[-121.34227,38.59933],[-121.34222,38.59938],[-121.34216,38.59945],[-121.34206,38.59955],[-121.342,38.59962],[-121.3417,38.59995],[-121.34155,38.60011],[-121.34143,38.60025],[-121.34117,38.60053],[-121.34082,38.60088],[-121.34074,38.60097],[-121.34055,38.60117],[-121.3399,38.60168],[-121.33973,38.6018],[-121.33931,38.60214],[-121.339,38.60238],[-121.33883,38.60251],[-121.33851,38.60276],[-121.33834,38.60289],[-121.33803,38.60313],[-121.33738,38.60365],[-121.33704,38.60394],[-121.33678,38.60414],[-121.33668,38.60422],[-121.33668,38.60422],[-121.33675,38.60432],[-121.33677,38.60436],[-121.33679,38.6044],[-121.3368,38.60444],[-121.33681,38.60447],[-121.33681,38.6045],[-121.33682,38.60453],[-121.33682,38.60464],[-121.33681,38.60496],[-121.3368,38.60519],[-121.3368,38.60575],[-121.33679,38.60626],[-121.33679,38.6066],[-121.33679,38.60694],[-121.33679,38.60704],[-121.33679,38.6073],[-121.33679,38.60775],[-121.33679,38.60797],[-121.33679,38.60821],[-121.33679,38.60826],[-121.33678,38.60866],[-121.33678,38.60891],[-121.33678,38.60909],[-121.33678,38.60927],[-121.33679,38.60959],[-121.33679,38.60991],[-121.33679,38.60991],[-121.33613,38.6099],[-121.33593,38.6099],[-121.3358,38.60989],[-121.33524,38.60989],[-121.33519,38.60989],[-121.33449,38.60988],[-121.33392,38.60988],[-121.33392,38.60988],[-121.33392,38.6101]]}}]}