{"type":"FeatureCollection","features":[{"type":"Feature","properties":{"_gpxType":"trk","name":"Hampton Inn & Suites Xenia Dayton, Progress Drive, Xenia, OH - 7753 Wooster Pike - 2110 Kemper Lane, Cincinnati, OH","coordinateProperties":{},"id":19},"geometry":{"type":"LineString","coordinates":[[-83.96502,39.6862],[-83.96479,39.68583],[-83.96459,39.68599],[-83.96459,39.68599],[-83.96438,39.68583],[-83.96428,39.68578],[-83.96426,39.68577],[-83.96417,39.68573],[-83.96413,39.68571],[-83.96404,39.68568],[-83.9639,39.68563],[-83.96369,39.68558],[-83.96363,39.68556],[-83.96313,39.68549],[-83.96313,39.68549],[-83.96318,39.68527],[-83.96319,39.68522],[-83.96321,39.68508],[-83.9632,39.68497],[-83.9632,39.68494],[-83.96318,39.68479],[-83.96315,39.68467],[-83.96309,39.6845],[-83.96306,39.68444],[-83.96302,39.68436],[-83.96294,39.68422],[-83.96262,39.68386],[-83.96207,39.68323],[-83.96202,39.68318],[-83.96194,39.68309],[-83.96179,39.68296],[-83.96177,39.68295],[-83.9617,39.68289],[-83.96154,39.68279],[-83.96136,39.6827],[-83.96127,39.68266],[-83.96105,39.68258],[-83.96084,39.68252],[-83.96077,39.68251],[-83.96073,39.6825],[-83.96055,39.68248],[-83.96037,39.68246],[-83.96031,39.68246],[-83.96007,39.68246],[-83.95928,39.68247],[-83.95809,39.68246],[-83.95781,39.68246],[-83.95758,39.68246],[-83.95735,39.68246],[-83.95692,39.68247],[-83.95618,39.68246],[-83.95618,39.68246],[-83.95612,39.68211],[-83.9561,39.68196],[-83.9561,39.68193],[-83.95605,39.68166],[-83.95606,39.68076],[-83.95607,39.68004],[-83.95607,39.67986],[-83.95608,39.67909],[-83.95602,39.67899],[-83.95596,39.6789],[-83.9559,39.67883],[-83.95588,39.67881],[-83.95588,39.67881],[-83.95579,39.67877],[-83.9554,39.67863],[-83.95523,39.6786],[-83.95518,39.67859],[-83.95495,39.67855],[-83.95472,39.67852],[-83.95437,39.67846],[-83.95378,39.67832],[-83.95373,39.6783],[-83.95368,39.67828],[-83.95363,39.67825],[-83.95358,39.67821],[-83.95354,39.67817],[-83.9535,39.67812],[-83.95347,39.67808],[-83.95344,39.67802],[-83.95344,39.67799],[-83.95343,39.67797],[-83.95342,39.67791],[-83.95342,39.67783],[-83.95345,39.67772],[-83.95376,39.67688],[-83.95376,39.67688],[-83.95354,39.67683],[-83.95331,39.67677],[-83.95287,39.67666],[-83.95265,39.6766],[-83.95234,39.67651],[-83.95204,39.67645],[-83.95198,39.67643],[-83.95153,39.67632],[-83.95147,39.67631],[-83.95141,39.67628],[-83.95135,39.67625],[-83.9513,39.67622],[-83.95121,39.67615],[-83.95097,39.67586],[-83.95097,39.67586],[-83.94995,39.67635],[-83.94933,39.67666],[-83.94913,39.67676],[-83.94889,39.67687],[-83.94798,39.67732],[-83.94798,39.67732],[-83.94787,39.6772],[-83.94772,39.67702],[-83.94759,39.67687],[-83.94755,39.67682],[-83.94752,39.67679],[-83.94746,39.67673],[-83.94745,39.67672],[-83.94704,39.67629],[-83.94701,39.67626],[-83.94697,39.67622],[-83.9469,39.67615],[-83.94684,39.67607],[-83.94637,39.67556],[-83.94583,39.67497],[-83.94583,39.67497],[-83.94705,39.67413],[-83.94758,39.67378],[-83.9481,39.67342],[-83.94845,39.67318],[-83.94893,39.67278],[-83.94924,39.67252],[-83.9494,39.67238],[-83.94982,39.67202],[-83.95035,39.67159],[-83.95084,39.6712],[-83.951,39.67107],[-83.95148,39.67068],[-83.95163,39.67055],[-83.95179,39.67041],[-83.95201,39.67024],[-83.95227,39.67002],[-83.95259,39.66975],[-83.95274,39.66962],[-83.95338,39.66909],[-83.95423,39.66838],[-83.95464,39.66803],[-83.95524,39.66755],[-83.95544,39.66737],[-83.95554,39.66729],[-83.9556,39.66724],[-83.95574,39.66712],[-83.95576,39.66711],[-83.95607,39.66684],[-83.95612,39.6668],[-83.95623,39.66671],[-83.95639,39.66658],[-83.95654,39.66644],[-83.95749,39.66565],[-83.95764,39.66551],[-83.95812,39.66512],[-83.95827,39.66498],[-83.95843,39.66485],[-83.9585,39.66479],[-83.95879,39.66454],[-83.95955,39.66393],[-83.96003,39.66354],[-83.96035,39.66328],[-83.96064,39.66304],[-83.96067,39.66301],[-83.96114,39.66261],[-83.96129,39.66248],[-83.96235,39.66157],[-83.96257,39.6614],[-83.96267,39.66131],[-83.96315,39.66092],[-83.96379,39.66039],[-83.96411,39.66013],[-83.96506,39.65934],[-83.96554,39.65894],[-83.96572,39.65879],[-83.96585,39.65868],[-83.96617,39.65841],[-83.96624,39.65835],[-83.96673,39.65793],[-83.96704,39.65766],[-83.96736,39.6574],[-83.9683,39.65659],[-83.96861,39.65632],[-83.96925,39.6558],[-83.96973,39.65541],[-83.97005,39.65515],[-83.97021,39.65502],[-83.97037,39.65489],[-83.97041,39.65486],[-83.97085,39.65449],[-83.97117,39.65423],[-83.97148,39.65396],[-83.97164,39.65383],[-83.9718,39.6537],[-83.97196,39.65357],[-83.97243,39.65317],[-83.97259,39.65304],[-83.9729,39.65277],[-83.97322,39.65251],[-83.97354,39.65224],[-83.9737,39.65211],[-83.97401,39.65184],[-83.97407,39.65179],[-83.97432,39.65158],[-83.97448,39.65144],[-83.97479,39.65117],[-83.9751,39.65091],[-83.97526,39.65077],[-83.97541,39.65064],[-83.97557,39.6505],[-83.97572,39.65037],[-83.97592,39.65021],[-83.97607,39.65007],[-83.97623,39.64994],[-83.97639,39.64981],[-83.97654,39.64967],[-83.97685,39.6494],[-83.97701,39.64927],[-83.97709,39.6492],[-83.97716,39.64913],[-83.9773,39.64899],[-83.97745,39.64885],[-83.97759,39.64871],[-83.97788,39.64842],[-83.97816,39.64814],[-83.97825,39.64806],[-83.9783,39.64799],[-83.97844,39.64785],[-83.97857,39.6477],[-83.97921,39.64698],[-83.97977,39.64637],[-83.98003,39.64607],[-83.98016,39.64592],[-83.9803,39.64578],[-83.98043,39.64563],[-83.98069,39.64533],[-83.98083,39.64518],[-83.98109,39.64489],[-83.98122,39.64474],[-83.98136,39.64459],[-83.98149,39.64444],[-83.98162,39.64429],[-83.98175,39.64415],[-83.98206,39.64381],[-83.98215,39.6437],[-83.98242,39.6434],[-83.98281,39.64296],[-83.98307,39.64266],[-83.98321,39.64251],[-83.98334,39.64237],[-83.9836,39.64207],[-83.984,39.64162],[-83.98413,39.64147],[-83.98426,39.64133],[-83.98433,39.64125],[-83.98453,39.64103],[-83.9848,39.64074],[-83.98508,39.64045],[-83.98562,39.63986],[-83.98589,39.63957],[-83.9859,39.63956],[-83.98603,39.63943],[-83.98631,39.63914],[-83.98694,39.63848],[-83.98716,39.63828],[-83.98731,39.63814],[-83.98762,39.63787],[-83.98777,39.63774],[-83.98806,39.63748],[-83.98808,39.63746],[-83.98856,39.63707],[-83.98872,39.63694],[-83.98904,39.63668],[-83.98936,39.63642],[-83.98958,39.63625],[-83.98969,39.63616],[-83.99002,39.63591],[-83.99018,39.63578],[-83.99035,39.63566],[-83.99085,39.63527],[-83.99101,39.63515],[-83.99134,39.63489],[-83.99201,39.63439],[-83.99234,39.63413],[-83.99284,39.63375],[-83.993,39.63363],[-83.9935,39.63325],[-83.99416,39.63274],[-83.99418,39.63273],[-83.99467,39.63237],[-83.99517,39.63199],[-83.99534,39.63187],[-83.99585,39.63149],[-83.99635,39.63112],[-83.99686,39.63075],[-83.9972,39.6305],[-83.99737,39.63038],[-83.99753,39.63025],[-83.9977,39.63013],[-83.99787,39.63],[-83.99804,39.62988],[-83.99855,39.6295],[-83.99905,39.62913],[-83.99922,39.62901],[-83.99939,39.62888],[-83.9999,39.62851],[-83.99991,39.6285],[-84.00006,39.62838],[-84.00022,39.62825],[-84.00038,39.62812],[-84.0007,39.62786],[-84.00077,39.6278],[-84.00079,39.62779],[-84.00103,39.62761],[-84.0012,39.62748],[-84.0017,39.6271],[-84.00207,39.62681],[-84.00242,39.62644],[-84.00267,39.6261],[-84.00278,39.62594],[-84.00314,39.62548],[-84.00325,39.62533],[-84.00342,39.62505],[-84.0035,39.62482],[-84.00355,39.62464],[-84.00362,39.62444],[-84.00369,39.6243],[-84.00393,39.62379],[-84.00401,39.62362],[-84.00425,39.62311],[-84.00457,39.62244],[-84.00497,39.62159],[-84.00505,39.62143],[-84.00513,39.62126],[-84.00532,39.62087],[-84.00562,39.62024],[-84.0057,39.62008],[-84.00586,39.61974],[-84.0061,39.61923],[-84.00617,39.61906],[-84.00641,39.61855],[-84.00648,39.61838],[-84.00669,39.61792],[-84.00679,39.6177],[-84.00717,39.61685],[-84.00721,39.61677],[-84.00725,39.61668],[-84.00748,39.61617],[-84.00756,39.616],[-84.00771,39.61566],[-84.00779,39.61549],[-84.00783,39.61541],[-84.00791,39.61524],[-84.00814,39.61473],[-84.00822,39.61456],[-84.0083,39.61439],[-84.00853,39.61388],[-84.00861,39.61373],[-84.00861,39.61371],[-84.00869,39.61354],[-84.00892,39.61303],[-84.00916,39.61247],[-84.00925,39.61213],[-84.00931,39.6119],[-84.00933,39.61177],[-84.00938,39.61149],[-84.00941,39.61106],[-84.00942,39.61088],[-84.00942,39.61063],[-84.00942,39.61016],[-84.00942,39.60998],[-84.00942,39.60984],[-84.00942,39.6098],[-84.0094,39.60962],[-84.00939,39.60957],[-84.00937,39.60944],[-84.00936,39.60939],[-84.00935,39.60924],[-84.00936,39.60908],[-84.00937,39.60856],[-84.00939,39.60847],[-84.00939,39.60836],[-84.00938,39.60782],[-84.00937,39.60764],[-84.00936,39.60728],[-84.00936,39.60707],[-84.00933,39.6063],[-84.00932,39.60601],[-84.00931,39.60583],[-84.00931,39.60565],[-84.00929,39.60511],[-84.00929,39.605],[-84.00929,39.60493],[-84.0093,39.60475],[-84.0093,39.60439],[-84.00931,39.60419],[-84.00933,39.60385],[-84.00934,39.60367],[-84.00935,39.60349],[-84.00936,39.6033],[-84.0094,39.60301],[-84.0094,39.60296],[-84.00941,39.60291],[-84.00949,39.60242],[-84.00951,39.60224],[-84.00952,39.60222],[-84.00955,39.60206],[-84.00959,39.60189],[-84.00974,39.60118],[-84.00978,39.601],[-84.00979,39.60095],[-84.0099,39.60065],[-84.00996,39.60048],[-84.01009,39.60013],[-84.01028,39.59961],[-84.01034,39.59944],[-84.01044,39.59917],[-84.0107,39.59858],[-84.01084,39.59824],[-84.01092,39.59807],[-84.01106,39.59773],[-84.01114,39.59756],[-84.01136,39.59705],[-84.01143,39.59688],[-84.01158,39.59654],[-84.01166,39.59637],[-84.01166,39.59636],[-84.01173,39.59619],[-84.01181,39.59602],[-84.01188,39.59585],[-84.01195,39.59568],[-84.01203,39.59551],[-84.0121,39.59534],[-84.01218,39.59517],[-84.01233,39.59483],[-84.01255,39.59432],[-84.0127,39.59398],[-84.01277,39.59381],[-84.01285,39.59364],[-84.01292,39.59347],[-84.01307,39.59313],[-84.01322,39.59279],[-84.01326,39.5927],[-84.01329,39.59261],[-84.01335,39.59244],[-84.01342,39.59227],[-84.01348,39.59209],[-84.01355,39.59192],[-84.01361,39.59175],[-84.01367,39.59158],[-84.01374,39.5914],[-84.01388,39.59101],[-84.01392,39.59088],[-84.01404,39.59053],[-84.01421,39.59001],[-84.01432,39.58966],[-84.01443,39.58931],[-84.01449,39.58914],[-84.0146,39.58879],[-84.01466,39.58861],[-84.01472,39.58844],[-84.01478,39.58826],[-84.01482,39.58809],[-84.01487,39.58791],[-84.01496,39.58756],[-84.0151,39.58703],[-84.01514,39.58686],[-84.01519,39.58668],[-84.01524,39.5865],[-84.01528,39.58633],[-84.01533,39.58615],[-84.01537,39.58597],[-84.01547,39.58562],[-84.01551,39.58544],[-84.01556,39.58527],[-84.01561,39.58509],[-84.01565,39.58493],[-84.01571,39.58474],[-84.01576,39.58457],[-84.01581,39.58439],[-84.01592,39.58404],[-84.01608,39.58352],[-84.01619,39.58317],[-84.01624,39.58299],[-84.01635,39.58264],[-84.01644,39.58229],[-84.01649,39.58211],[-84.01654,39.58194],[-84.01668,39.58141],[-84.01673,39.58123],[-84.01678,39.58106],[-84.01706,39.58],[-84.01711,39.57982],[-84.01716,39.57965],[-84.01721,39.57947],[-84.01725,39.57929],[-84.0173,39.57912],[-84.01735,39.57894],[-84.0174,39.57877],[-84.01763,39.57789],[-84.01768,39.57771],[-84.01782,39.57718],[-84.01802,39.57648],[-84.01816,39.57595],[-84.01835,39.57524],[-84.01838,39.57514],[-84.0184,39.57507],[-84.01865,39.57419],[-84.0187,39.57401],[-84.0188,39.57366],[-84.01895,39.57314],[-84.01905,39.57279],[-84.01915,39.57243],[-84.0192,39.57226],[-84.01935,39.57173],[-84.01965,39.57068],[-84.0197,39.5705],[-84.01982,39.57009],[-84.02005,39.56927],[-84.02015,39.56892],[-84.02033,39.56829],[-84.02042,39.5675],[-84.02044,39.56732],[-84.02046,39.56714],[-84.02049,39.56687],[-84.0205,39.56678],[-84.02052,39.5666],[-84.02053,39.56642],[-84.02058,39.56589],[-84.02063,39.56535],[-84.02066,39.56499],[-84.02069,39.56463],[-84.02074,39.56412],[-84.02074,39.56409],[-84.02076,39.56391],[-84.02077,39.56373],[-84.02079,39.56355],[-84.0208,39.56337],[-84.02082,39.56319],[-84.02084,39.56301],[-84.02087,39.56266],[-84.02088,39.56248],[-84.0209,39.5623],[-84.02091,39.56212],[-84.02094,39.56179],[-84.02095,39.56176],[-84.02099,39.5614],[-84.02103,39.56104],[-84.02109,39.5605],[-84.02112,39.56024],[-84.02123,39.55979],[-84.02128,39.55962],[-84.02136,39.55926],[-84.02139,39.55916],[-84.02141,39.55909],[-84.02148,39.55892],[-84.02154,39.55874],[-84.02167,39.5584],[-84.02186,39.55788],[-84.02188,39.55785],[-84.02195,39.55771],[-84.02212,39.55738],[-84.0222,39.55721],[-84.02237,39.55687],[-84.0225,39.55662],[-84.02273,39.55621],[-84.02282,39.55604],[-84.02309,39.55554],[-84.02325,39.55525],[-84.02332,39.55516],[-84.02338,39.55507],[-84.02361,39.55475],[-84.02365,39.55469],[-84.02381,39.55447],[-84.02384,39.55444],[-84.02397,39.55429],[-84.02425,39.554],[-84.02438,39.55386],[-84.02452,39.55371],[-84.02458,39.55365],[-84.02461,39.55362],[-84.0248,39.55342],[-84.02486,39.55336],[-84.02494,39.55328],[-84.02508,39.55314],[-84.02514,39.55308],[-84.02522,39.55299],[-84.0255,39.55271],[-84.02556,39.55265],[-84.02564,39.55257],[-84.02596,39.5523],[-84.02634,39.55198],[-84.02659,39.55177],[-84.02691,39.5515],[-84.02697,39.55145],[-84.02701,39.55141],[-84.02707,39.55137],[-84.02724,39.55125],[-84.02757,39.551],[-84.02774,39.55088],[-84.02781,39.55083],[-84.02791,39.55075],[-84.02842,39.55038],[-84.02849,39.55033],[-84.02876,39.55013],[-84.02892,39.55001],[-84.02926,39.54976],[-84.0295,39.54958],[-84.0296,39.54951],[-84.02977,39.54939],[-84.03011,39.54914],[-84.03018,39.54909],[-84.03044,39.54889],[-84.03051,39.54884],[-84.03129,39.54827],[-84.03153,39.54809],[-84.03162,39.54802],[-84.03179,39.5479],[-84.03186,39.54785],[-84.03213,39.54765],[-84.0322,39.5476],[-84.03247,39.5474],[-84.03254,39.54735],[-84.03281,39.54715],[-84.03288,39.5471],[-84.03298,39.54703],[-84.03372,39.54648],[-84.03382,39.54641],[-84.03433,39.54604],[-84.0344,39.54598],[-84.03466,39.54579],[-84.03473,39.54574],[-84.03534,39.54529],[-84.03558,39.54512],[-84.03568,39.54504],[-84.03601,39.54479],[-84.03608,39.54474],[-84.03618,39.54467],[-84.03652,39.54442],[-84.03659,39.54437],[-84.03669,39.5443],[-84.0376,39.54363],[-84.03766,39.54358],[-84.0377,39.54355],[-84.03794,39.54338],[-84.03906,39.54257],[-84.03913,39.54252],[-84.03974,39.54208],[-84.03981,39.54202],[-84.03998,39.5419],[-84.04049,39.54153],[-84.04059,39.54146],[-84.04083,39.54129],[-84.04093,39.54121],[-84.04127,39.54097],[-84.04134,39.54092],[-84.04144,39.54084],[-84.04168,39.54067],[-84.04185,39.54055],[-84.04195,39.54047],[-84.04229,39.54023],[-84.04236,39.54018],[-84.04314,39.53961],[-84.04338,39.53944],[-84.04382,39.53912],[-84.04399,39.539],[-84.0445,39.53863],[-84.04462,39.53854],[-84.04467,39.53851],[-84.04485,39.53839],[-84.0452,39.53815],[-84.04538,39.53803],[-84.0459,39.53768],[-84.04608,39.53756],[-84.04609,39.53755],[-84.04642,39.53732],[-84.04701,39.5369],[-84.04712,39.53684],[-84.04788,39.53643],[-84.04807,39.53632],[-84.04828,39.53623],[-84.04848,39.53614],[-84.0494,39.53573],[-84.04949,39.5357],[-84.05054,39.53531],[-84.05066,39.53526],[-84.05195,39.53483],[-84.05226,39.53474],[-84.05365,39.53434],[-84.05393,39.53427],[-84.05459,39.5341],[-84.05481,39.53404],[-84.05503,39.53399],[-84.05548,39.53387],[-84.05592,39.53376],[-84.05636,39.53364],[-84.0568,39.53352],[-84.05702,39.53346],[-84.0579,39.53323],[-84.05834,39.53311],[-84.05849,39.53307],[-84.05861,39.53304],[-84.05883,39.53299],[-84.05905,39.53293],[-84.05928,39.53287],[-84.0595,39.53282],[-84.0596,39.53279],[-84.05994,39.53271],[-84.06039,39.5326],[-84.06061,39.53254],[-84.06083,39.53249],[-84.06105,39.53243],[-84.06127,39.53238],[-84.06167,39.53228],[-84.06193,39.53219],[-84.06214,39.53211],[-84.06235,39.53203],[-84.06277,39.53188],[-84.06293,39.53182],[-84.06298,39.5318],[-84.06318,39.53171],[-84.06338,39.53162],[-84.06359,39.53153],[-84.06379,39.53144],[-84.06419,39.53126],[-84.06425,39.53124],[-84.0644,39.53118],[-84.06501,39.53092],[-84.06522,39.53083],[-84.06542,39.53075],[-84.06563,39.53066],[-84.06583,39.53058],[-84.06604,39.53049],[-84.06624,39.53041],[-84.06645,39.53032],[-84.06665,39.53024],[-84.06676,39.53019],[-84.06686,39.53015],[-84.06706,39.53006],[-84.06726,39.52997],[-84.06787,39.5297],[-84.06807,39.52961],[-84.06827,39.52952],[-84.06888,39.52925],[-84.06908,39.52916],[-84.06929,39.52908],[-84.06949,39.52899],[-84.0697,39.5289],[-84.0699,39.52882],[-84.0701,39.52873],[-84.07031,39.52865],[-84.07051,39.52856],[-84.07092,39.52839],[-84.07113,39.5283],[-84.07133,39.52821],[-84.07154,39.52813],[-84.07194,39.52795],[-84.07297,39.52752],[-84.07317,39.52743],[-84.07379,39.52718],[-84.07399,39.52709],[-84.07419,39.527],[-84.0744,39.52692],[-84.0746,39.52683],[-84.07481,39.52674],[-84.07501,39.52666],[-84.07584,39.52631],[-84.07713,39.52578],[-84.07756,39.52558],[-84.07774,39.5255],[-84.07807,39.52534],[-84.07835,39.52519],[-84.07855,39.52511],[-84.07936,39.52476],[-84.07977,39.52458],[-84.08077,39.52416],[-84.08161,39.52386],[-84.08183,39.52378],[-84.08192,39.52375],[-84.08203,39.5237],[-84.08275,39.5234],[-84.08285,39.52336],[-84.08326,39.52317],[-84.08366,39.52299],[-84.08378,39.52294],[-84.08386,39.5229],[-84.08406,39.52281],[-84.08449,39.52259],[-84.08471,39.52248],[-84.08485,39.52242],[-84.08498,39.52236],[-84.08502,39.52235],[-84.08505,39.52234],[-84.08515,39.5223],[-84.08516,39.52228],[-84.08516,39.52226],[-84.08516,39.52225],[-84.0852,39.52222],[-84.0854,39.52212],[-84.0855,39.52207],[-84.08596,39.5218],[-84.08614,39.52169],[-84.08621,39.52165],[-84.0865,39.52147],[-84.08668,39.52135],[-84.08672,39.52133],[-84.08704,39.52112],[-84.08715,39.52105],[-84.08722,39.521],[-84.08754,39.52076],[-84.08791,39.52051],[-84.08822,39.52025],[-84.0883,39.52019],[-84.08855,39.51999],[-84.08867,39.51989],[-84.08886,39.51973],[-84.08915,39.51947],[-84.08917,39.51945],[-84.08932,39.51932],[-84.08947,39.51918],[-84.08962,39.51905],[-84.08999,39.51872],[-84.09024,39.51851],[-84.09133,39.51757],[-84.09148,39.51743],[-84.09178,39.51715],[-84.09192,39.51702],[-84.09207,39.51688],[-84.09222,39.51674],[-84.09237,39.5166],[-84.09249,39.51649],[-84.09279,39.51617],[-84.09292,39.51602],[-84.09306,39.51587],[-84.09319,39.51573],[-84.09333,39.51558],[-84.09346,39.51543],[-84.09349,39.51541],[-84.09407,39.51467],[-84.09424,39.51446],[-84.0943,39.51435],[-84.0944,39.51419],[-84.0945,39.51403],[-84.0946,39.51387],[-84.0947,39.5137],[-84.0949,39.51338],[-84.09496,39.51329],[-84.095,39.51322],[-84.0951,39.51305],[-84.09519,39.51289],[-84.09529,39.51273],[-84.09531,39.51269],[-84.09538,39.51256],[-84.09547,39.51239],[-84.09549,39.51236],[-84.0956,39.51211],[-84.09569,39.51188],[-84.09576,39.51171],[-84.09596,39.51119],[-84.0961,39.51084],[-84.09617,39.51068],[-84.09625,39.51051],[-84.09628,39.51043],[-84.09632,39.51034],[-84.09638,39.51016],[-84.09645,39.50999],[-84.09651,39.50982],[-84.09657,39.50965],[-84.0967,39.5093],[-84.09683,39.50895],[-84.09703,39.50843],[-84.09715,39.50809],[-84.09717,39.50801],[-84.09721,39.50792],[-84.09727,39.50778],[-84.09728,39.50774],[-84.0976,39.50659],[-84.09764,39.50615],[-84.09768,39.50555],[-84.09767,39.50525],[-84.09766,39.50507],[-84.09766,39.50489],[-84.09765,39.50471],[-84.09762,39.50454],[-84.09759,39.50436],[-84.09755,39.50418],[-84.09751,39.50392],[-84.09731,39.5033],[-84.09726,39.50313],[-84.09713,39.50272],[-84.0971,39.5026],[-84.09699,39.50225],[-84.09693,39.50208],[-84.09673,39.50142],[-84.09672,39.50138],[-84.09659,39.5008],[-84.09659,39.50049],[-84.09659,39.50031],[-84.0966,39.50022],[-84.09664,39.49971],[-84.09665,39.49959],[-84.09668,39.49941],[-84.0967,39.49922],[-84.09696,39.49873],[-84.09698,39.49869],[-84.09725,39.49832],[-84.09748,39.49803],[-84.09763,39.49777],[-84.09767,39.49771],[-84.09777,39.49758],[-84.09779,39.49755],[-84.09818,39.4971],[-84.09865,39.49654],[-84.09869,39.4965],[-84.09881,39.49635],[-84.09904,39.49604],[-84.09916,39.49588],[-84.09928,39.49573],[-84.09964,39.49527],[-84.09988,39.49496],[-84.10012,39.49465],[-84.10024,39.49449],[-84.10048,39.49418],[-84.10084,39.49372],[-84.10095,39.49357],[-84.10121,39.49323],[-84.10124,39.49321],[-84.10128,39.4932],[-84.10132,39.4932],[-84.10139,39.4932],[-84.10139,39.4932],[-84.10146,39.49317],[-84.1015,39.49315],[-84.10152,39.49313],[-84.10154,39.49311],[-84.10155,39.49308],[-84.10183,39.49258],[-84.10184,39.49256],[-84.10194,39.49243],[-84.10218,39.49212],[-84.1023,39.49196],[-84.10266,39.4915],[-84.10278,39.49135],[-84.10302,39.49104],[-84.10314,39.49088],[-84.10325,39.49073],[-84.10373,39.49011],[-84.10385,39.48996],[-84.10388,39.48992],[-84.10397,39.4898],[-84.10443,39.48918],[-84.10462,39.48893],[-84.10477,39.4887],[-84.10487,39.48854],[-84.10519,39.48807],[-84.10529,39.4879],[-84.10538,39.48773],[-84.10548,39.48757],[-84.10558,39.48741],[-84.10568,39.48723],[-84.10576,39.48704],[-84.10584,39.48687],[-84.10607,39.48636],[-84.10616,39.48614],[-84.10626,39.48584],[-84.10642,39.48532],[-84.10653,39.48497],[-84.10657,39.48483],[-84.10658,39.48479],[-84.10669,39.48444],[-84.10675,39.48427],[-84.10685,39.48396],[-84.10686,39.48392],[-84.10691,39.48374],[-84.10703,39.48326],[-84.10709,39.48304],[-84.10713,39.48286],[-84.10717,39.48269],[-84.10726,39.48233],[-84.10731,39.48215],[-84.10735,39.48198],[-84.10753,39.48127],[-84.10762,39.48092],[-84.10775,39.48039],[-84.10784,39.48004],[-84.10793,39.47968],[-84.10797,39.47953],[-84.10804,39.47926],[-84.10818,39.47873],[-84.10823,39.47856],[-84.10827,39.47838],[-84.10832,39.4782],[-84.10836,39.47803],[-84.10841,39.47785],[-84.10846,39.47767],[-84.1085,39.4775],[-84.10855,39.47732],[-84.10859,39.47714],[-84.10864,39.47697],[-84.10869,39.47679],[-84.10873,39.47662],[-84.10876,39.47652],[-84.10877,39.47644],[-84.10881,39.47626],[-84.10889,39.47591],[-84.10892,39.47573],[-84.10896,39.47555],[-84.10899,39.47537],[-84.10901,39.47527],[-84.10902,39.47519],[-84.10904,39.47502],[-84.10907,39.47483],[-84.10906,39.47466],[-84.10905,39.47448],[-84.10904,39.4743],[-84.10904,39.47427],[-84.10896,39.47394],[-84.10891,39.47377],[-84.10886,39.47359],[-84.10882,39.47341],[-84.10874,39.47325],[-84.10858,39.47291],[-84.10839,39.47251],[-84.10833,39.4724],[-84.10824,39.47224],[-84.10815,39.47207],[-84.10807,39.4719],[-84.10798,39.47174],[-84.1079,39.47159],[-84.10779,39.47141],[-84.10769,39.47124],[-84.1075,39.47092],[-84.10741,39.47075],[-84.10731,39.47059],[-84.10724,39.47047],[-84.10702,39.4701],[-84.10699,39.47005],[-84.10681,39.46978],[-84.1067,39.46962],[-84.1066,39.46947],[-84.10658,39.46946],[-84.10644,39.46932],[-84.10629,39.46918],[-84.10614,39.46904],[-84.106,39.4689],[-84.1058,39.46872],[-84.10571,39.46862],[-84.10557,39.46847],[-84.1053,39.46818],[-84.10503,39.46789],[-84.1049,39.46774],[-84.10463,39.46745],[-84.10449,39.4673],[-84.10409,39.46686],[-84.10405,39.46682],[-84.10381,39.46657],[-84.10367,39.46643],[-84.10353,39.46629],[-84.10339,39.46614],[-84.10325,39.466],[-84.10284,39.46556],[-84.10256,39.46528],[-84.10242,39.46513],[-84.10228,39.46499],[-84.102,39.4647],[-84.10186,39.46455],[-84.10179,39.46448],[-84.10173,39.46441],[-84.10161,39.46425],[-84.10126,39.46382],[-84.10124,39.46379],[-84.10112,39.46364],[-84.101,39.46349],[-84.10088,39.46333],[-84.10076,39.46318],[-84.10063,39.46303],[-84.10051,39.46287],[-84.10039,39.46272],[-84.10015,39.46241],[-84.10003,39.46226],[-84.0999,39.46211],[-84.09979,39.46196],[-84.09956,39.46164],[-84.09948,39.46151],[-84.09945,39.46148],[-84.09933,39.46133],[-84.0992,39.46117],[-84.09908,39.46102],[-84.09895,39.46087],[-84.09883,39.46072],[-84.0987,39.46055],[-84.09859,39.46041],[-84.09846,39.46022],[-84.09825,39.4599],[-84.09821,39.45984],[-84.09808,39.45957],[-84.09804,39.45946],[-84.09801,39.4594],[-84.09791,39.45918],[-84.0977,39.45867],[-84.09766,39.45854],[-84.09763,39.45848],[-84.09756,39.45819],[-84.09751,39.45801],[-84.09741,39.45765],[-84.0974,39.45748],[-84.09728,39.45629],[-84.09728,39.45622],[-84.09728,39.45604],[-84.09727,39.45568],[-84.09727,39.4555],[-84.09726,39.45532],[-84.09726,39.45514],[-84.09726,39.4548],[-84.09723,39.45451],[-84.09721,39.45433],[-84.0972,39.45415],[-84.09717,39.4538],[-84.09713,39.45344],[-84.09711,39.45308],[-84.0971,39.45296],[-84.09709,39.4529],[-84.09706,39.45239],[-84.09705,39.45209],[-84.09703,39.45179],[-84.09703,39.45173],[-84.09702,39.45155],[-84.09699,39.45119],[-84.09696,39.45083],[-84.09701,39.45047],[-84.09705,39.45012],[-84.09706,39.45005],[-84.09708,39.44994],[-84.09713,39.44976],[-84.09715,39.44966],[-84.09727,39.44923],[-84.09732,39.44906],[-84.09733,39.44903],[-84.09753,39.44854],[-84.09762,39.44832],[-84.09778,39.44804],[-84.09816,39.44738],[-84.09826,39.44722],[-84.09867,39.44651],[-84.09901,39.4459],[-84.09911,39.44574],[-84.0994,39.44525],[-84.09949,39.44508],[-84.09961,39.44488],[-84.09968,39.44476],[-84.0998,39.44455],[-84.10001,39.44411],[-84.10024,39.44361],[-84.10033,39.44337],[-84.10058,39.44273],[-84.10063,39.44256],[-84.1008,39.44204],[-84.10083,39.44192],[-84.10085,39.44186],[-84.10089,39.44169],[-84.10095,39.4414],[-84.10096,39.44133],[-84.10101,39.44097],[-84.10109,39.44045],[-84.1011,39.44026],[-84.10111,39.44008],[-84.10113,39.43954],[-84.10116,39.439],[-84.10117,39.43864],[-84.10119,39.43828],[-84.1012,39.43807],[-84.10121,39.43774],[-84.10122,39.43732],[-84.10123,39.43699],[-84.10124,39.43663],[-84.10125,39.43627],[-84.10126,39.43609],[-84.10128,39.43537],[-84.10128,39.43519],[-84.10129,39.43501],[-84.1013,39.43465],[-84.10131,39.43429],[-84.10132,39.43411],[-84.10132,39.43393],[-84.10133,39.43357],[-84.10134,39.43344],[-84.10135,39.43339],[-84.10137,39.43321],[-84.10139,39.43303],[-84.10141,39.43283],[-84.10143,39.43267],[-84.10143,39.43262],[-84.10151,39.43232],[-84.10157,39.43215],[-84.10167,39.43188],[-84.10168,39.43187],[-84.10175,39.43171],[-84.10178,39.43166],[-84.10185,39.43155],[-84.10191,39.43145],[-84.10196,39.43139],[-84.10209,39.43121],[-84.1022,39.43108],[-84.10227,39.431],[-84.10233,39.43093],[-84.10245,39.4308],[-84.10246,39.43078],[-84.10256,39.43069],[-84.10261,39.43064],[-84.10267,39.43059],[-84.10277,39.43051],[-84.10293,39.43038],[-84.10295,39.43036],[-84.1031,39.43026],[-84.10327,39.43014],[-84.10344,39.43001],[-84.10354,39.42994],[-84.10371,39.42982],[-84.10389,39.4297],[-84.10406,39.42957],[-84.10423,39.42945],[-84.10432,39.42939],[-84.10441,39.42934],[-84.10469,39.42918],[-84.10478,39.42912],[-84.10495,39.429],[-84.10512,39.42888],[-84.10529,39.42876],[-84.10546,39.42863],[-84.10556,39.42856],[-84.1058,39.42839],[-84.10596,39.42826],[-84.1061,39.42814],[-84.10612,39.42812],[-84.10649,39.42779],[-84.10656,39.42771],[-84.10668,39.42755],[-84.10673,39.4275],[-84.10677,39.42739],[-84.10687,39.42717],[-84.10691,39.42704],[-84.10695,39.42687],[-84.10703,39.4266],[-84.10707,39.42616],[-84.10708,39.42604],[-84.10707,39.4258],[-84.10706,39.42562],[-84.10706,39.42552],[-84.10704,39.42544],[-84.10701,39.42526],[-84.10697,39.42508],[-84.10693,39.42491],[-84.1069,39.42477],[-84.10688,39.42473],[-84.1068,39.42456],[-84.10673,39.42439],[-84.10657,39.42405],[-84.10647,39.42389],[-84.10625,39.42355],[-84.10605,39.42325],[-84.10594,39.42309],[-84.10583,39.42293],[-84.10562,39.42263],[-84.10561,39.42261],[-84.10538,39.4223],[-84.10527,39.42214],[-84.1052,39.42205],[-84.10515,39.42199],[-84.10503,39.42183],[-84.10479,39.42152],[-84.10467,39.42137],[-84.10464,39.42133],[-84.10456,39.42121],[-84.10445,39.42105],[-84.10434,39.4209],[-84.10423,39.42074],[-84.10412,39.42058],[-84.10408,39.42052],[-84.10403,39.42041],[-84.10394,39.42025],[-84.10388,39.42012],[-84.10386,39.42008],[-84.10371,39.41977],[-84.1036,39.41955],[-84.10357,39.41948],[-84.10354,39.4194],[-84.10349,39.41928],[-84.10341,39.41906],[-84.10336,39.41888],[-84.1033,39.41871],[-84.10327,39.41863],[-84.10325,39.41853],[-84.1032,39.41836],[-84.10316,39.41818],[-84.10311,39.418],[-84.10309,39.41795],[-84.10308,39.41783],[-84.10306,39.41765],[-84.10304,39.41747],[-84.10303,39.41735],[-84.10303,39.41729],[-84.10305,39.41711],[-84.10308,39.41682],[-84.1031,39.41675],[-84.10315,39.41658],[-84.10325,39.41623],[-84.10326,39.41623],[-84.10332,39.41605],[-84.10348,39.41558],[-84.10355,39.41535],[-84.1036,39.41518],[-84.10367,39.41497],[-84.10372,39.41465],[-84.10376,39.41447],[-84.10379,39.41429],[-84.10381,39.41418],[-84.10381,39.41411],[-84.1038,39.41393],[-84.10379,39.41375],[-84.10379,39.41371],[-84.10369,39.4134],[-84.10367,39.41331],[-84.10359,39.41305],[-84.10357,39.413],[-84.1035,39.41289],[-84.1034,39.41273],[-84.10337,39.41268],[-84.1033,39.41257],[-84.10319,39.41241],[-84.10308,39.41225],[-84.10302,39.41216],[-84.10272,39.41178],[-84.10236,39.41132],[-84.10224,39.41117],[-84.10216,39.41107],[-84.10199,39.41086],[-84.10187,39.41071],[-84.10175,39.41056],[-84.10162,39.41041],[-84.10137,39.4101],[-84.101,39.40964],[-84.10063,39.40919],[-84.10043,39.40894],[-84.10038,39.40888],[-84.10026,39.40873],[-84.10013,39.40858],[-84.09976,39.40812],[-84.09964,39.40797],[-84.09939,39.40767],[-84.09926,39.40752],[-84.09901,39.40721],[-84.09876,39.40691],[-84.09864,39.40675],[-84.09852,39.4066],[-84.09839,39.40645],[-84.09827,39.4063],[-84.09814,39.40615],[-84.09802,39.40599],[-84.09798,39.40594],[-84.0979,39.40584],[-84.09779,39.40568],[-84.09768,39.40552],[-84.09751,39.40529],[-84.0974,39.40503],[-84.09731,39.40482],[-84.09724,39.40467],[-84.09721,39.40451],[-84.09717,39.40425],[-84.09715,39.4039],[-84.09716,39.4038],[-84.09719,39.40357],[-84.09722,39.40344],[-84.09727,39.40326],[-84.09732,39.40309],[-84.09733,39.40306],[-84.09741,39.40292],[-84.0975,39.40276],[-84.0976,39.40259],[-84.09764,39.40252],[-84.09771,39.40244],[-84.09784,39.40229],[-84.09796,39.40213],[-84.09809,39.40198],[-84.09819,39.40185],[-84.09838,39.4017],[-84.09854,39.40157],[-84.09869,39.40144],[-84.0987,39.40144],[-84.09886,39.40131],[-84.09902,39.40118],[-84.09918,39.40105],[-84.09926,39.40099],[-84.09933,39.40091],[-84.09946,39.40077],[-84.09959,39.40062],[-84.09986,39.40032],[-84.09987,39.40031],[-84.09997,39.40016],[-84.10007,39.4],[-84.10018,39.39984],[-84.10019,39.39982],[-84.10027,39.39968],[-84.10036,39.39951],[-84.10045,39.39935],[-84.10054,39.39918],[-84.10063,39.39901],[-84.10072,39.39885],[-84.10084,39.39855],[-84.10085,39.3985],[-84.10088,39.39833],[-84.1009,39.39821],[-84.10089,39.39815],[-84.10089,39.39797],[-84.10089,39.39781],[-84.10088,39.39779],[-84.10084,39.39761],[-84.1008,39.39743],[-84.10078,39.39735],[-84.10075,39.39726],[-84.10063,39.39696],[-84.1006,39.39692],[-84.10049,39.39676],[-84.10037,39.3966],[-84.10022,39.39647],[-84.10006,39.39634],[-84.09998,39.39626],[-84.0999,39.39621],[-84.09936,39.39587],[-84.09933,39.39585],[-84.09916,39.39577],[-84.09897,39.39567],[-84.09869,39.39554],[-84.09857,39.39548],[-84.09837,39.3954],[-84.09796,39.39522],[-84.09784,39.39516],[-84.09736,39.39494],[-84.09696,39.39476],[-84.09685,39.39471],[-84.09659,39.39455],[-84.09623,39.39432],[-84.09608,39.39418],[-84.09593,39.39404],[-84.09578,39.39391],[-84.09572,39.39385],[-84.09563,39.39377],[-84.09535,39.39348],[-84.09523,39.39336],[-84.09521,39.39333],[-84.09509,39.39318],[-84.09496,39.39303],[-84.09471,39.39273],[-84.0946,39.39261],[-84.09458,39.39258],[-84.09436,39.39226],[-84.09425,39.3921],[-84.09414,39.39194],[-84.09413,39.39193],[-84.09397,39.39161],[-84.09389,39.39144],[-84.0938,39.39127],[-84.09372,39.39111],[-84.09364,39.39095],[-84.09356,39.39077],[-84.09349,39.3906],[-84.09341,39.39043],[-84.09334,39.39026],[-84.09312,39.38975],[-84.09304,39.38957],[-84.09297,39.3894],[-84.0929,39.38923],[-84.09275,39.38889],[-84.09267,39.38872],[-84.0926,39.38855],[-84.09252,39.38838],[-84.09246,39.38824],[-84.09245,39.38821],[-84.09231,39.38787],[-84.09224,39.3877],[-84.09217,39.38753],[-84.0921,39.38735],[-84.09181,39.38667],[-84.09174,39.3865],[-84.0916,39.38616],[-84.09145,39.38581],[-84.09138,39.38564],[-84.09127,39.38535],[-84.0912,39.38518],[-84.09113,39.38501],[-84.09101,39.3847],[-84.091,39.38466],[-84.09096,39.38448],[-84.09092,39.38431],[-84.09089,39.38413],[-84.09085,39.38395],[-84.09081,39.38377],[-84.09077,39.3836],[-84.09074,39.38342],[-84.09072,39.38324],[-84.09069,39.38285],[-84.0907,39.3827],[-84.09071,39.38252],[-84.09073,39.38234],[-84.09074,39.38216],[-84.09075,39.38198],[-84.09076,39.38193],[-84.09079,39.38181],[-84.09089,39.38145],[-84.09094,39.38128],[-84.09103,39.38093],[-84.09114,39.38051],[-84.09119,39.38034],[-84.09124,39.38016],[-84.09128,39.37999],[-84.09138,39.37963],[-84.0914,39.37956],[-84.09142,39.37946],[-84.09148,39.37928],[-84.09153,39.37911],[-84.09158,39.37893],[-84.09163,39.37876],[-84.09168,39.37858],[-84.09173,39.3784],[-84.09178,39.37823],[-84.09183,39.37805],[-84.09188,39.37788],[-84.09193,39.3777],[-84.09197,39.37759],[-84.09199,39.37753],[-84.09207,39.37736],[-84.09214,39.37719],[-84.09221,39.37702],[-84.09229,39.37685],[-84.09237,39.37665],[-84.09245,39.37651],[-84.09253,39.37634],[-84.09261,39.37617],[-84.0927,39.37601],[-84.09272,39.37596],[-84.09291,39.37569],[-84.09302,39.37553],[-84.09314,39.37537],[-84.09334,39.37507],[-84.09336,39.37506],[-84.09362,39.37476],[-84.09388,39.37446],[-84.09401,39.37431],[-84.09414,39.37416],[-84.09427,39.37401],[-84.09493,39.37327],[-84.09506,39.37312],[-84.09532,39.37282],[-84.09545,39.37267],[-84.09558,39.37252],[-84.09584,39.37223],[-84.09597,39.37208],[-84.0961,39.37193],[-84.09636,39.37163],[-84.09649,39.37148],[-84.09657,39.37139],[-84.09662,39.37133],[-84.09675,39.37118],[-84.09688,39.37103],[-84.097,39.37088],[-84.09713,39.37073],[-84.09726,39.37058],[-84.09739,39.37043],[-84.09752,39.37028],[-84.0977,39.37006],[-84.09783,39.36991],[-84.09795,39.36976],[-84.09808,39.36961],[-84.09821,39.36946],[-84.09833,39.36931],[-84.09846,39.36916],[-84.09859,39.369],[-84.09871,39.36885],[-84.09884,39.3687],[-84.09897,39.36855],[-84.09898,39.36854],[-84.09925,39.36827],[-84.09939,39.36812],[-84.09953,39.36798],[-84.09982,39.3677],[-84.09996,39.36755],[-84.10006,39.36745],[-84.1001,39.36741],[-84.10025,39.36727],[-84.10055,39.367],[-84.10069,39.36686],[-84.10079,39.36677],[-84.101,39.36658],[-84.10115,39.36645],[-84.1013,39.36631],[-84.10146,39.36618],[-84.10161,39.36604],[-84.10176,39.36591],[-84.10179,39.36589],[-84.10193,39.36578],[-84.1021,39.36566],[-84.10227,39.36553],[-84.10243,39.36541],[-84.10263,39.36526],[-84.10283,39.36512],[-84.10298,39.36502],[-84.10316,39.3649],[-84.10351,39.36467],[-84.10368,39.36455],[-84.10404,39.36431],[-84.10421,39.3642],[-84.10457,39.36396],[-84.10482,39.36379],[-84.10529,39.36351],[-84.10547,39.36339],[-84.10565,39.36328],[-84.10583,39.36317],[-84.10656,39.36272],[-84.10674,39.36261],[-84.10681,39.36257],[-84.10711,39.36239],[-84.10783,39.36194],[-84.10802,39.36183],[-84.10813,39.36176],[-84.1082,39.36172],[-84.1084,39.36162],[-84.10859,39.36153],[-84.10899,39.36133],[-84.10901,39.36132],[-84.10919,39.36124],[-84.1098,39.36098],[-84.10987,39.36095],[-84.11023,39.36085],[-84.11045,39.36078],[-84.11067,39.36072],[-84.1109,39.36065],[-84.11111,39.36061],[-84.11133,39.36057],[-84.11156,39.36053],[-84.11179,39.36049],[-84.11189,39.36047],[-84.11201,39.36045],[-84.11247,39.36038],[-84.1127,39.36035],[-84.11293,39.36032],[-84.11311,39.36029],[-84.11316,39.36029],[-84.11362,39.36024],[-84.11385,39.36022],[-84.11408,39.3602],[-84.11431,39.36018],[-84.11464,39.36015],[-84.11478,39.36014],[-84.11501,39.36011],[-84.11524,39.36009],[-84.11547,39.36007],[-84.11593,39.36002],[-84.11605,39.36001],[-84.11616,39.36],[-84.11639,39.35997],[-84.11662,39.35995],[-84.11685,39.35992],[-84.11708,39.35989],[-84.11722,39.35988],[-84.11777,39.35983],[-84.118,39.35981],[-84.11802,39.35981],[-84.11823,39.35977],[-84.11846,39.35973],[-84.11891,39.35964],[-84.11914,39.3596],[-84.11941,39.35955],[-84.11957,39.35949],[-84.11978,39.35941],[-84.1202,39.35925],[-84.12041,39.35917],[-84.12076,39.35904],[-84.1212,39.3588],[-84.12139,39.35869],[-84.12158,39.35858],[-84.12176,39.35848],[-84.12195,39.35837],[-84.12214,39.35827],[-84.12231,39.35817],[-84.12233,39.35816],[-84.12252,39.35806],[-84.12271,39.35795],[-84.1229,39.35785],[-84.12328,39.35764],[-84.12346,39.35753],[-84.12365,39.35743],[-84.12384,39.35732],[-84.12403,39.35722],[-84.12422,39.35712],[-84.12441,39.35701],[-84.1246,39.35691],[-84.12479,39.3568],[-84.12498,39.3567],[-84.12517,39.35659],[-84.12536,39.35649],[-84.12543,39.35645],[-84.12574,39.35628],[-84.12593,39.35618],[-84.12612,39.35607],[-84.12629,39.35598],[-84.1267,39.35577],[-84.12738,39.35543],[-84.12779,39.35523],[-84.12804,39.35513],[-84.12855,39.35495],[-84.12863,39.35493],[-84.12896,39.35484],[-84.12929,39.35477],[-84.12955,39.35471],[-84.12975,39.35468],[-84.13057,39.35456],[-84.1308,39.35451],[-84.13094,39.3545],[-84.13116,39.35449],[-84.1317,39.35446],[-84.13217,39.35446],[-84.13248,39.35446],[-84.13266,39.35447],[-84.13301,39.35451],[-84.13325,39.35457],[-84.13338,39.3546],[-84.13341,39.3546],[-84.13354,39.35462],[-84.1336,39.35463],[-84.13369,39.35463],[-84.13386,39.35465],[-84.13401,39.35467],[-84.13423,39.35474],[-84.13448,39.35484],[-84.13458,39.35491],[-84.13475,39.35497],[-84.1352,39.35515],[-84.13573,39.35537],[-84.13603,39.35548],[-84.13623,39.35557],[-84.13644,39.35565],[-84.13659,39.35571],[-84.13665,39.35573],[-84.13681,39.35579],[-84.13685,39.35581],[-84.13706,39.3559],[-84.13726,39.35598],[-84.13747,39.35606],[-84.13748,39.35607],[-84.13768,39.35615],[-84.13788,39.35623],[-84.13809,39.35632],[-84.13829,39.3564],[-84.1385,39.35649],[-84.1387,39.35657],[-84.13891,39.35666],[-84.13911,39.35674],[-84.13932,39.35682],[-84.13952,39.35691],[-84.13973,39.35699],[-84.13993,39.35708],[-84.14014,39.35716],[-84.14035,39.35725],[-84.14055,39.35733],[-84.14076,39.35742],[-84.14096,39.3575],[-84.14107,39.35755],[-84.14117,39.35758],[-84.14138,39.35766],[-84.14159,39.35774],[-84.1418,39.35782],[-84.14201,39.3579],[-84.14222,39.35797],[-84.14243,39.35805],[-84.14263,39.35813],[-84.14284,39.35821],[-84.14289,39.35823],[-84.14305,39.35829],[-84.14326,39.35836],[-84.14348,39.35844],[-84.14369,39.35852],[-84.14419,39.3587],[-84.14473,39.35891],[-84.14494,39.35899],[-84.14515,39.35907],[-84.14535,39.35914],[-84.14536,39.35915],[-84.14556,39.35923],[-84.14598,39.3594],[-84.14639,39.35957],[-84.1464,39.35957],[-84.14661,39.35962],[-84.14683,39.35968],[-84.14705,39.35974],[-84.14731,39.3598],[-84.14749,39.35984],[-84.14772,39.35989],[-84.14794,39.35994],[-84.14799,39.35995],[-84.14839,39.36003],[-84.14862,39.36007],[-84.14884,39.36012],[-84.14904,39.36016],[-84.14907,39.36016],[-84.1493,39.3602],[-84.14998,39.36032],[-84.15005,39.36033],[-84.15067,39.36039],[-84.1509,39.36041],[-84.15113,39.36043],[-84.15123,39.36044],[-84.15159,39.36047],[-84.15182,39.3605],[-84.15228,39.36054],[-84.15252,39.36056],[-84.15275,39.36059],[-84.15298,39.36061],[-84.15318,39.36063],[-84.15321,39.36063],[-84.15344,39.36063],[-84.1538,39.36064],[-84.15391,39.36065],[-84.15414,39.36065],[-84.15437,39.36066],[-84.1546,39.36067],[-84.15483,39.36068],[-84.15507,39.36069],[-84.1553,39.36069],[-84.15553,39.3607],[-84.15576,39.36071],[-84.156,39.36072],[-84.15623,39.36073],[-84.15646,39.36073],[-84.15693,39.36075],[-84.15716,39.36076],[-84.15786,39.36078],[-84.15832,39.3608],[-84.15855,39.3608],[-84.15879,39.36081],[-84.15902,39.36082],[-84.15925,39.36083],[-84.15948,39.36084],[-84.15972,39.36084],[-84.15995,39.36085],[-84.16018,39.36086],[-84.16041,39.36087],[-84.16064,39.36088],[-84.16088,39.36088],[-84.16157,39.36091],[-84.16223,39.36093],[-84.16316,39.36095],[-84.16363,39.36097],[-84.16401,39.36098],[-84.16409,39.36098],[-84.16456,39.36101],[-84.16479,39.36102],[-84.16502,39.36103],[-84.16543,39.36105],[-84.16548,39.36105],[-84.16595,39.36108],[-84.16641,39.36111],[-84.1665,39.36112],[-84.16664,39.36113],[-84.16765,39.36123],[-84.1678,39.36124],[-84.16826,39.36129],[-84.16849,39.36132],[-84.16854,39.36132],[-84.16872,39.36134],[-84.16895,39.36137],[-84.16918,39.3614],[-84.16923,39.36141],[-84.16963,39.36146],[-84.16986,39.3615],[-84.17009,39.36153],[-84.17032,39.36156],[-84.17045,39.36157],[-84.17078,39.36163],[-84.17101,39.36167],[-84.17123,39.3617],[-84.17146,39.36174],[-84.17169,39.36178],[-84.17192,39.36182],[-84.17214,39.36185],[-84.17237,39.36189],[-84.1726,39.36193],[-84.17328,39.36204],[-84.17419,39.36219],[-84.17481,39.36229],[-84.17504,39.36232],[-84.17526,39.36236],[-84.17572,39.36243],[-84.17595,39.36247],[-84.17617,39.3625],[-84.17688,39.36262],[-84.17709,39.36265],[-84.17731,39.36269],[-84.17754,39.36273],[-84.17777,39.36276],[-84.178,39.3628],[-84.17845,39.36288],[-84.17868,39.36291],[-84.17913,39.36299],[-84.17936,39.36303],[-84.17959,39.36306],[-84.17982,39.3631],[-84.18004,39.36314],[-84.18027,39.36318],[-84.18073,39.36325],[-84.18141,39.36336],[-84.18209,39.36348],[-84.18232,39.36351],[-84.18323,39.36366],[-84.18346,39.3637],[-84.18368,39.36374],[-84.18437,39.36385],[-84.18459,39.36389],[-84.18503,39.36396],[-84.18505,39.36396],[-84.18528,39.364],[-84.18596,39.36413],[-84.18649,39.36422],[-84.18732,39.36435],[-84.18778,39.36442],[-84.18801,39.36445],[-84.1884,39.36451],[-84.18846,39.36452],[-84.18892,39.36459],[-84.18937,39.36467],[-84.1896,39.3647],[-84.19006,39.36477],[-84.19017,39.36479],[-84.19084,39.36494],[-84.19141,39.36506],[-84.19163,39.3651],[-84.19185,39.36515],[-84.19188,39.36516],[-84.1923,39.36524],[-84.19246,39.36528],[-84.19253,39.36529],[-84.19275,39.36534],[-84.19298,39.36539],[-84.19318,39.36547],[-84.19359,39.36564],[-84.19371,39.36569],[-84.1938,39.36573],[-84.19442,39.36598],[-84.19462,39.36606],[-84.19479,39.36613],[-84.19483,39.36614],[-84.19505,39.36619],[-84.19528,39.36624],[-84.19542,39.36627],[-84.1955,39.36628],[-84.19573,39.36631],[-84.19594,39.36634],[-84.19619,39.36634],[-84.19643,39.36633],[-84.19646,39.36633],[-84.19666,39.36631],[-84.19689,39.36628],[-84.19705,39.36626],[-84.19711,39.36624],[-84.19733,39.36618],[-84.19755,39.36612],[-84.19789,39.36603],[-84.19798,39.36599],[-84.19841,39.36584],[-84.19862,39.36577],[-84.19883,39.36569],[-84.19904,39.36562],[-84.19946,39.36547],[-84.19948,39.36546],[-84.19967,39.36538],[-84.19982,39.3653],[-84.20005,39.36517],[-84.20023,39.36506],[-84.20033,39.36501],[-84.20059,39.36483],[-84.20095,39.3646],[-84.20108,39.36451],[-84.20128,39.36435],[-84.20145,39.36423],[-84.20161,39.3641],[-84.20178,39.36397],[-84.20194,39.36385],[-84.20211,39.36372],[-84.20216,39.36368],[-84.20225,39.36363],[-84.20245,39.36354],[-84.20249,39.36352],[-84.20269,39.36343],[-84.20289,39.36333],[-84.20299,39.36329],[-84.20309,39.36324],[-84.20327,39.36315],[-84.20361,39.36307],[-84.20371,39.36306],[-84.20374,39.36305],[-84.2042,39.36302],[-84.20437,39.36301],[-84.20443,39.36301],[-84.20488,39.36299],[-84.20531,39.36301],[-84.20536,39.36302],[-84.20559,39.36305],[-84.20575,39.36307],[-84.20582,39.36308],[-84.20605,39.36311],[-84.20627,39.36314],[-84.2065,39.3632],[-84.20672,39.36325],[-84.20673,39.36325],[-84.20694,39.36331],[-84.20726,39.36339],[-84.20759,39.3635],[-84.20796,39.3636],[-84.20818,39.36366],[-84.2084,39.36372],[-84.20883,39.36385],[-84.20914,39.36393],[-84.20927,39.36397],[-84.20949,39.36403],[-84.20971,39.36409],[-84.20992,39.36416],[-84.21014,39.36422],[-84.21036,39.36428],[-84.21058,39.36434],[-84.21124,39.36453],[-84.21144,39.36458],[-84.21188,39.36473],[-84.21253,39.36494],[-84.21274,39.36501],[-84.21311,39.36513],[-84.21317,39.36515],[-84.21339,39.36521],[-84.21361,39.36527],[-84.21386,39.36534],[-84.21405,39.36538],[-84.21427,39.36544],[-84.21449,39.36549],[-84.2147,39.36554],[-84.21472,39.36554],[-84.21494,39.36559],[-84.21517,39.36563],[-84.21539,39.36568],[-84.21595,39.36579],[-84.21607,39.36582],[-84.21629,39.36586],[-84.21651,39.36591],[-84.21674,39.36596],[-84.21696,39.36601],[-84.21719,39.36605],[-84.21831,39.36629],[-84.21845,39.36632],[-84.2189,39.36642],[-84.21913,39.36646],[-84.21935,39.36651],[-84.21957,39.36656],[-84.2198,39.3666],[-84.22002,39.36665],[-84.22025,39.3667],[-84.2207,39.36679],[-84.22092,39.36684],[-84.22115,39.36689],[-84.22123,39.36691],[-84.22137,39.36693],[-84.2216,39.36698],[-84.22182,39.36703],[-84.22205,39.36707],[-84.22227,39.36712],[-84.22239,39.36714],[-84.2225,39.36716],[-84.22272,39.3672],[-84.22295,39.36724],[-84.22312,39.36727],[-84.22318,39.36727],[-84.22337,39.3673],[-84.22341,39.3673],[-84.22364,39.36732],[-84.22365,39.36732],[-84.22387,39.36732],[-84.22403,39.36732],[-84.22411,39.36732],[-84.22416,39.36732],[-84.22421,39.36732],[-84.22434,39.36731],[-84.22443,39.3673],[-84.22457,39.36728],[-84.22511,39.3672],[-84.22524,39.36715],[-84.22546,39.36709],[-84.22568,39.36702],[-84.22587,39.36697],[-84.22589,39.36696],[-84.2261,39.36688],[-84.22631,39.3668],[-84.22673,39.36664],[-84.22693,39.36656],[-84.22703,39.36652],[-84.22714,39.36647],[-84.22735,39.36639],[-84.22755,39.36631],[-84.22776,39.36622],[-84.2279,39.36616],[-84.22797,39.36614],[-84.22839,39.36599],[-84.22848,39.36595],[-84.22861,39.36593],[-84.22916,39.3658],[-84.22928,39.36578],[-84.22973,39.3657],[-84.22996,39.36566],[-84.23019,39.36563],[-84.23033,39.3656],[-84.23041,39.3656],[-84.23065,39.36558],[-84.23082,39.36558],[-84.23088,39.36558],[-84.23111,39.36559],[-84.23134,39.36559],[-84.23158,39.3656],[-84.23181,39.36561],[-84.23227,39.36563],[-84.23237,39.36563],[-84.23251,39.36564],[-84.23274,39.36565],[-84.23297,39.36567],[-84.2332,39.36568],[-84.23341,39.36569],[-84.23343,39.36569],[-84.23367,39.36569],[-84.23379,39.36569],[-84.2339,39.36568],[-84.23413,39.36565],[-84.23431,39.36563],[-84.23436,39.36562],[-84.23458,39.36557],[-84.23468,39.36554],[-84.23503,39.36543],[-84.23522,39.36536],[-84.23526,39.36535],[-84.23542,39.36527],[-84.23556,39.3652],[-84.23561,39.36516],[-84.23579,39.36505],[-84.23582,39.36503],[-84.23596,39.36492],[-84.23611,39.36481],[-84.23628,39.36466],[-84.23641,39.36451],[-84.23654,39.36436],[-84.23667,39.36422],[-84.23672,39.36416],[-84.23684,39.36388],[-84.23691,39.36371],[-84.23698,39.36354],[-84.23706,39.36337],[-84.23709,39.3633],[-84.23709,39.36319],[-84.23709,39.36301],[-84.23709,39.36283],[-84.23708,39.36265],[-84.23708,39.3626],[-84.23705,39.36248],[-84.23699,39.3623],[-84.23693,39.36213],[-84.23687,39.36196],[-84.23682,39.36178],[-84.23676,39.36161],[-84.23674,39.36157],[-84.23668,39.36144],[-84.23659,39.36127],[-84.2365,39.36111],[-84.23642,39.36094],[-84.23633,39.36077],[-84.23624,39.36061],[-84.23616,39.36044],[-84.23615,39.36044],[-84.23607,39.36028],[-84.23607,39.36027],[-84.23602,39.36019],[-84.23601,39.36016],[-84.23599,39.36011],[-84.23598,39.3601],[-84.23593,39.35999],[-84.23591,39.35993],[-84.23586,39.35982],[-84.23584,39.35977],[-84.23584,39.35976],[-84.23582,39.35971],[-84.23577,39.35959],[-84.23571,39.35942],[-84.23565,39.35924],[-84.23562,39.35917],[-84.23561,39.35907],[-84.23559,39.35889],[-84.23556,39.35871],[-84.23554,39.35859],[-84.23554,39.35854],[-84.23554,39.35853],[-84.23554,39.35836],[-84.23554,39.35835],[-84.23555,39.35823],[-84.23555,39.35818],[-84.23555,39.35817],[-84.23555,39.35805],[-84.23555,39.35799],[-84.23556,39.35787],[-84.23556,39.35781],[-84.23556,39.35778],[-84.23557,39.35763],[-84.23558,39.35751],[-84.23558,39.35746],[-84.23558,39.35745],[-84.23559,39.35733],[-84.23559,39.35728],[-84.23559,39.35727],[-84.2356,39.3571],[-84.2356,39.35709],[-84.23562,39.35691],[-84.23563,39.35674],[-84.23563,39.35672],[-84.23565,39.35655],[-84.23566,39.35643],[-84.23567,39.35638],[-84.23567,39.35637],[-84.23568,39.35621],[-84.23569,39.3562],[-84.23572,39.35604],[-84.23573,39.35602],[-84.23575,39.35589],[-84.23576,39.35585],[-84.23576,39.35584],[-84.23577,39.35578],[-84.23579,39.35572],[-84.23581,39.35567],[-84.23581,39.35566],[-84.23585,39.35554],[-84.23587,39.3555],[-84.23587,39.35549],[-84.23596,39.35533],[-84.23601,39.35524],[-84.23606,39.35516],[-84.23615,39.355],[-84.23622,39.35489],[-84.23623,39.35488],[-84.23626,39.35484],[-84.23635,39.35473],[-84.23638,39.3547],[-84.23639,39.35469],[-84.23652,39.35455],[-84.23666,39.3544],[-84.2368,39.35426],[-84.2368,39.35425],[-84.23683,39.35422],[-84.23691,39.35416],[-84.23696,39.35413],[-84.23697,39.35413],[-84.23714,39.35401],[-84.23726,39.35392],[-84.23731,39.35389],[-84.23731,39.35388],[-84.23743,39.3538],[-84.23748,39.35377],[-84.23748,39.35376],[-84.23766,39.35366],[-84.23767,39.35365],[-84.23784,39.35354],[-84.23785,39.35354],[-84.23803,39.35343],[-84.2382,39.35332],[-84.23834,39.35324],[-84.23839,39.35321],[-84.23839,39.3532],[-84.23852,39.35313],[-84.23857,39.3531],[-84.23857,39.35309],[-84.23875,39.35298],[-84.23876,39.35298],[-84.23893,39.35287],[-84.23894,39.35287],[-84.23907,39.35279],[-84.23912,39.35276],[-84.2393,39.35265],[-84.23931,39.35265],[-84.23943,39.35257],[-84.23948,39.35254],[-84.23949,39.35254],[-84.23962,39.35246],[-84.23967,39.35243],[-84.23985,39.35232],[-84.23986,39.35232],[-84.24004,39.35221],[-84.24012,39.35216],[-84.24023,39.35211],[-84.24023,39.3521],[-84.24037,39.35204],[-84.24042,39.35201],[-84.24043,39.35201],[-84.24062,39.35191],[-84.24081,39.35182],[-84.24091,39.35177],[-84.24122,39.35164],[-84.24129,39.35161],[-84.24139,39.35157],[-84.24158,39.35151],[-84.24161,39.3515],[-84.2421,39.35138],[-84.24232,39.35132],[-84.24255,39.35127],[-84.24276,39.35122],[-84.24277,39.35122],[-84.24299,39.35117],[-84.24321,39.35111],[-84.24366,39.351],[-84.24388,39.35095],[-84.24406,39.35091],[-84.2441,39.3509],[-84.24433,39.35086],[-84.24455,39.35081],[-84.24478,39.35077],[-84.24503,39.35072],[-84.24569,39.35064],[-84.246,39.3506],[-84.24615,39.35058],[-84.24638,39.35056],[-84.24662,39.35054],[-84.24685,39.35052],[-84.24731,39.35049],[-84.24744,39.35047],[-84.24754,39.35046],[-84.24777,39.35044],[-84.24798,39.35042],[-84.248,39.35042],[-84.24823,39.35038],[-84.24845,39.35033],[-84.24846,39.35033],[-84.24868,39.35028],[-84.2487,39.35028],[-84.24906,39.35015],[-84.24931,39.35006],[-84.24949,39.34999],[-84.24952,39.34998],[-84.24972,39.34989],[-84.24974,39.34988],[-84.24991,39.34978],[-84.25,39.34974],[-84.25009,39.34967],[-84.25027,39.34956],[-84.25028,39.34956],[-84.25044,39.34944],[-84.25058,39.34933],[-84.25061,39.34931],[-84.25076,39.34918],[-84.2508,39.34915],[-84.25091,39.34904],[-84.25106,39.3489],[-84.25112,39.34884],[-84.25121,39.34876],[-84.25134,39.34861],[-84.25148,39.34847],[-84.25162,39.34833],[-84.25168,39.34827],[-84.25174,39.34817],[-84.25186,39.34802],[-84.25197,39.34786],[-84.25198,39.34784],[-84.25218,39.34754],[-84.25228,39.34738],[-84.25239,39.34722],[-84.2527,39.34673],[-84.2528,39.34657],[-84.25295,39.34635],[-84.253,39.34625],[-84.25308,39.34608],[-84.25316,39.34591],[-84.25324,39.34574],[-84.25339,39.3454],[-84.25347,39.34523],[-84.25355,39.34506],[-84.25358,39.34501],[-84.25361,39.34489],[-84.25365,39.34471],[-84.2537,39.34454],[-84.25374,39.34436],[-84.25379,39.34418],[-84.25383,39.34401],[-84.25388,39.34383],[-84.25392,39.34365],[-84.25397,39.34348],[-84.25401,39.3433],[-84.25405,39.34316],[-84.25405,39.34312],[-84.25407,39.34294],[-84.25408,39.34276],[-84.2541,39.34258],[-84.25411,39.3424],[-84.25413,39.34223],[-84.25414,39.34205],[-84.25416,39.34187],[-84.25417,39.34169],[-84.25418,39.34156],[-84.25418,39.34151],[-84.25418,39.34133],[-84.25418,39.34079],[-84.25418,39.34061],[-84.25417,39.34043],[-84.25417,39.34025],[-84.25417,39.33989],[-84.25417,39.33984],[-84.25416,39.33971],[-84.25415,39.33953],[-84.25413,39.33917],[-84.25412,39.33899],[-84.2541,39.33881],[-84.25409,39.33863],[-84.25408,39.33845],[-84.25408,39.33841],[-84.25406,39.33827],[-84.25403,39.33809],[-84.254,39.33792],[-84.25397,39.33774],[-84.25394,39.33756],[-84.25391,39.33738],[-84.25388,39.3372],[-84.25385,39.33702],[-84.25382,39.33685],[-84.25379,39.33667],[-84.25376,39.33649],[-84.25376,39.33648],[-84.25372,39.33631],[-84.25369,39.33613],[-84.25365,39.33596],[-84.25362,39.33578],[-84.25358,39.3356],[-84.25355,39.33542],[-84.25352,39.33527],[-84.25351,39.33524],[-84.25346,39.33507],[-84.25345,39.33505],[-84.2534,39.33489],[-84.25334,39.33472],[-84.25329,39.33455],[-84.25323,39.33437],[-84.25317,39.3342],[-84.25305,39.33385],[-84.25299,39.33368],[-84.25298,39.33364],[-84.25296,39.33357],[-84.25294,39.3335],[-84.25291,39.33338],[-84.25289,39.33332],[-84.25287,39.33326],[-84.25283,39.33309],[-84.25278,39.33291],[-84.25273,39.33273],[-84.25267,39.33251],[-84.25265,39.33238],[-84.25261,39.3322],[-84.25258,39.33203],[-84.25254,39.33185],[-84.2525,39.33167],[-84.25247,39.33149],[-84.25243,39.33131],[-84.2524,39.33114],[-84.25237,39.33098],[-84.25236,39.33096],[-84.25233,39.33078],[-84.2523,39.3306],[-84.25227,39.33042],[-84.25225,39.33025],[-84.25222,39.33009],[-84.25222,39.33007],[-84.25218,39.32989],[-84.25214,39.32971],[-84.2521,39.32954],[-84.25206,39.32936],[-84.25204,39.32925],[-84.25203,39.32918],[-84.25202,39.329],[-84.252,39.32864],[-84.25199,39.32856],[-84.25199,39.32846],[-84.25199,39.32828],[-84.25199,39.3281],[-84.25199,39.32803],[-84.25197,39.32792],[-84.25195,39.32774],[-84.25192,39.32756],[-84.25191,39.3275],[-84.25191,39.32738],[-84.25191,39.3272],[-84.25191,39.32708],[-84.25191,39.32703],[-84.2519,39.32685],[-84.2519,39.32677],[-84.25189,39.32667],[-84.25187,39.32649],[-84.25185,39.32631],[-84.25184,39.32613],[-84.25182,39.32595],[-84.2518,39.32578],[-84.2518,39.32577],[-84.25179,39.32559],[-84.25177,39.32541],[-84.25176,39.32523],[-84.25175,39.32505],[-84.25173,39.32487],[-84.25172,39.32469],[-84.2517,39.32451],[-84.25169,39.32433],[-84.25168,39.32415],[-84.25167,39.3241],[-84.25168,39.32397],[-84.25168,39.32379],[-84.25169,39.32361],[-84.25169,39.32354],[-84.25168,39.32343],[-84.25166,39.32326],[-84.25165,39.32318],[-84.25163,39.32308],[-84.25161,39.3229],[-84.2516,39.32286],[-84.25153,39.32254],[-84.2515,39.32236],[-84.25146,39.32219],[-84.25142,39.32201],[-84.25136,39.32184],[-84.25135,39.3218],[-84.2513,39.32166],[-84.25126,39.32157],[-84.25124,39.32149],[-84.25119,39.32131],[-84.25113,39.32114],[-84.25112,39.32109],[-84.25111,39.32106],[-84.25109,39.32096],[-84.25108,39.32091],[-84.25106,39.32078],[-84.251,39.32043],[-84.251,39.3204],[-84.25097,39.32025],[-84.25094,39.32009],[-84.25093,39.32007],[-84.25089,39.3199],[-84.25089,39.31989],[-84.25087,39.31972],[-84.25086,39.31966],[-84.25087,39.31954],[-84.25087,39.31936],[-84.25088,39.31918],[-84.25088,39.31916],[-84.25088,39.319],[-84.25088,39.31882],[-84.25089,39.31873],[-84.25089,39.31864],[-84.25093,39.31827],[-84.25094,39.31812],[-84.25097,39.31792],[-84.25098,39.31787],[-84.25104,39.31756],[-84.25108,39.31738],[-84.25112,39.3172],[-84.25115,39.31703],[-84.25127,39.31649],[-84.25129,39.31637],[-84.25131,39.31632],[-84.25135,39.31614],[-84.2514,39.31596],[-84.25145,39.31579],[-84.25148,39.31564],[-84.25149,39.31561],[-84.25154,39.31544],[-84.25159,39.31526],[-84.25161,39.31519],[-84.25166,39.31509],[-84.25174,39.31492],[-84.25182,39.31475],[-84.25182,39.31474],[-84.25191,39.31458],[-84.25195,39.31452],[-84.25202,39.31443],[-84.25222,39.31417],[-84.25226,39.31412],[-84.25238,39.31397],[-84.2525,39.31381],[-84.25262,39.31366],[-84.25268,39.31358],[-84.25274,39.31351],[-84.25287,39.31335],[-84.25299,39.3132],[-84.25312,39.31305],[-84.25323,39.31291],[-84.25324,39.3129],[-84.25337,39.31275],[-84.2535,39.3126],[-84.25363,39.31245],[-84.25376,39.3123],[-84.25388,39.31215],[-84.25396,39.31205],[-84.25401,39.312],[-84.25414,39.31185],[-84.25427,39.3117],[-84.2544,39.31155],[-84.25453,39.3114],[-84.25463,39.31128],[-84.25466,39.31125],[-84.25479,39.31111],[-84.25493,39.31096],[-84.25507,39.31081],[-84.2552,39.31067],[-84.25529,39.31057],[-84.25533,39.31052],[-84.25546,39.31037],[-84.25558,39.31022],[-84.2557,39.31006],[-84.25583,39.30991],[-84.25595,39.30976],[-84.25608,39.30961],[-84.2561,39.30957],[-84.25618,39.30945],[-84.25628,39.30928],[-84.25639,39.30912],[-84.25648,39.30898],[-84.25648,39.30896],[-84.25655,39.30879],[-84.25662,39.30862],[-84.25669,39.30844],[-84.25676,39.30827],[-84.25678,39.30822],[-84.25681,39.3081],[-84.25685,39.30792],[-84.25689,39.30774],[-84.25693,39.3076],[-84.25693,39.30757],[-84.25693,39.30739],[-84.25694,39.30721],[-84.25695,39.30688],[-84.25694,39.30685],[-84.25691,39.30667],[-84.25689,39.30649],[-84.25686,39.30631],[-84.25684,39.30618],[-84.25683,39.30613],[-84.25679,39.30596],[-84.25675,39.30578],[-84.25672,39.3056],[-84.25671,39.30559],[-84.25666,39.30543],[-84.25659,39.30525],[-84.25653,39.30508],[-84.25647,39.30491],[-84.25641,39.30473],[-84.25635,39.30456],[-84.25623,39.30423],[-84.25622,39.30421],[-84.25615,39.30404],[-84.25607,39.30387],[-84.256,39.3037],[-84.25592,39.30353],[-84.25585,39.30336],[-84.25577,39.30319],[-84.25562,39.30285],[-84.25555,39.30268],[-84.25547,39.30251],[-84.2554,39.30234],[-84.25537,39.30229],[-84.25527,39.302],[-84.2552,39.30182],[-84.25514,39.30165],[-84.25508,39.30148],[-84.25502,39.3013],[-84.25495,39.30113],[-84.25489,39.30096],[-84.25483,39.30078],[-84.25476,39.30061],[-84.2547,39.30044],[-84.25469,39.3004],[-84.25456,39.29997],[-84.25454,39.29991],[-84.2545,39.29973],[-84.25448,39.29965],[-84.25444,39.29938],[-84.25442,39.29928],[-84.25442,39.2992],[-84.25441,39.29902],[-84.25439,39.29873],[-84.25439,39.29868],[-84.25439,39.2985],[-84.25439,39.29832],[-84.25438,39.29802],[-84.25441,39.2978],[-84.25442,39.29778],[-84.25449,39.29751],[-84.25452,39.29743],[-84.25459,39.29726],[-84.25466,39.29709],[-84.25472,39.29692],[-84.25472,39.29691],[-84.25481,39.29675],[-84.2549,39.29658],[-84.25499,39.29642],[-84.25508,39.29625],[-84.25517,39.29608],[-84.25526,39.29592],[-84.25534,39.29575],[-84.25543,39.29558],[-84.25548,39.2955],[-84.25552,39.29542],[-84.25561,39.29525],[-84.25578,39.29492],[-84.25586,39.29475],[-84.25595,39.29458],[-84.25612,39.29425],[-84.25616,39.29416],[-84.25631,39.29392],[-84.2564,39.29375],[-84.2565,39.29359],[-84.25659,39.29343],[-84.25667,39.29329],[-84.25669,39.29326],[-84.25681,39.29311],[-84.25692,39.29295],[-84.25715,39.29264],[-84.25724,39.29252],[-84.25727,39.29249],[-84.25742,39.29234],[-84.25756,39.2922],[-84.2577,39.29206],[-84.25784,39.29192],[-84.25798,39.29177],[-84.25812,39.29163],[-84.25827,39.29149],[-84.2584,39.29135],[-84.25855,39.2912],[-84.25869,39.29106],[-84.25897,39.29077],[-84.25911,39.29063],[-84.25925,39.29049],[-84.25939,39.29034],[-84.25953,39.2902],[-84.25964,39.2901],[-84.25967,39.29005],[-84.25978,39.2899],[-84.25989,39.28974],[-84.26,39.28958],[-84.26012,39.28942],[-84.26023,39.28927],[-84.26034,39.28911],[-84.26046,39.28895],[-84.26057,39.28879],[-84.26079,39.28848],[-84.26091,39.28832],[-84.26102,39.28816],[-84.26113,39.28801],[-84.26124,39.28785],[-84.26136,39.28769],[-84.26147,39.28754],[-84.2616,39.28735],[-84.26169,39.28722],[-84.26179,39.28706],[-84.2619,39.2869],[-84.262,39.28674],[-84.26222,39.28642],[-84.26228,39.28632],[-84.26231,39.28625],[-84.26239,39.28608],[-84.26246,39.28591],[-84.26254,39.28574],[-84.26259,39.28557],[-84.26264,39.28539],[-84.26269,39.28526],[-84.26269,39.28522],[-84.26272,39.28504],[-84.26275,39.28486],[-84.26277,39.28473],[-84.26277,39.28468],[-84.26278,39.2845],[-84.26279,39.28432],[-84.26279,39.28426],[-84.26277,39.28414],[-84.26273,39.28397],[-84.26271,39.28387],[-84.26269,39.28379],[-84.26264,39.28361],[-84.2626,39.28344],[-84.26259,39.28341],[-84.26254,39.28326],[-84.26246,39.28309],[-84.26239,39.28292],[-84.26238,39.28289],[-84.26228,39.28276],[-84.26216,39.28261],[-84.26204,39.28246],[-84.26204,39.28245],[-84.2619,39.28232],[-84.26175,39.28218],[-84.26167,39.2821],[-84.2616,39.28204],[-84.26142,39.28192],[-84.26125,39.2818],[-84.26116,39.28174],[-84.26108,39.28168],[-84.2609,39.28157],[-84.26073,39.28146],[-84.2602,39.28111],[-84.26002,39.281],[-84.25984,39.28088],[-84.25965,39.28077],[-84.25947,39.28066],[-84.25929,39.28055],[-84.25911,39.28043],[-84.25893,39.28032],[-84.25857,39.2801],[-84.25839,39.27998],[-84.25821,39.27987],[-84.25807,39.27979],[-84.25803,39.27976],[-84.25785,39.27964],[-84.25768,39.27952],[-84.25751,39.2794],[-84.25749,39.27939],[-84.25734,39.27927],[-84.25718,39.27914],[-84.25718,39.27913],[-84.25704,39.279],[-84.25692,39.27888],[-84.2569,39.27886],[-84.25677,39.2787],[-84.25664,39.27855],[-84.25655,39.27844],[-84.25652,39.2784],[-84.25641,39.27824],[-84.2563,39.27808],[-84.2563,39.27807],[-84.2562,39.27792],[-84.2561,39.27776],[-84.25604,39.27766],[-84.25601,39.2776],[-84.25592,39.27743],[-84.2559,39.27739],[-84.25582,39.27706],[-84.25581,39.2769],[-84.25579,39.27672],[-84.25578,39.27655],[-84.25578,39.27654],[-84.25578,39.27636],[-84.25577,39.27618],[-84.25577,39.276],[-84.25577,39.27582],[-84.25577,39.27566],[-84.25577,39.27564],[-84.25578,39.27546],[-84.25579,39.27528],[-84.25579,39.2751],[-84.2558,39.27492],[-84.25581,39.27479],[-84.25582,39.27474],[-84.25584,39.27456],[-84.25587,39.27438],[-84.2559,39.2742],[-84.25592,39.27403],[-84.25595,39.27385],[-84.25597,39.27367],[-84.25599,39.27351],[-84.256,39.27349],[-84.25604,39.27331],[-84.25612,39.27296],[-84.25612,39.27293],[-84.25616,39.27278],[-84.25619,39.27264],[-84.25621,39.2726],[-84.25625,39.27247],[-84.25634,39.27229],[-84.25651,39.27196],[-84.25659,39.27179],[-84.25667,39.27162],[-84.25668,39.2716],[-84.25676,39.27145],[-84.25681,39.27133],[-84.25684,39.27128],[-84.25693,39.27112],[-84.25703,39.27095],[-84.25703,39.27094],[-84.25712,39.27078],[-84.2572,39.27062],[-84.25721,39.2706],[-84.25729,39.27045],[-84.25729,39.27044],[-84.25733,39.27037],[-84.25737,39.27029],[-84.25738,39.27027],[-84.25741,39.27021],[-84.25746,39.27012],[-84.25746,39.2701],[-84.2575,39.27004],[-84.25756,39.26994],[-84.25765,39.26978],[-84.25768,39.2697],[-84.25772,39.26963],[-84.25777,39.26953],[-84.25779,39.26948],[-84.25785,39.26936],[-84.25793,39.26919],[-84.25808,39.26885],[-84.25817,39.26868],[-84.25827,39.26845],[-84.25835,39.26829],[-84.25843,39.26812],[-84.25851,39.26795],[-84.25869,39.26762],[-84.25878,39.26745],[-84.25887,39.26729],[-84.25887,39.26728],[-84.25893,39.26714],[-84.25893,39.26711],[-84.25894,39.26702],[-84.25894,39.26695],[-84.25894,39.26694],[-84.25894,39.26693],[-84.25895,39.26692],[-84.25896,39.26686],[-84.25897,39.26684],[-84.25899,39.26682],[-84.25905,39.26673],[-84.25916,39.26661],[-84.25928,39.26638],[-84.25939,39.26619],[-84.25956,39.26589],[-84.25957,39.26587],[-84.25967,39.26573],[-84.25972,39.26567],[-84.25979,39.26558],[-84.25986,39.2655],[-84.25992,39.26543],[-84.26001,39.26531],[-84.26018,39.26513],[-84.26019,39.26511],[-84.26031,39.26498],[-84.26039,39.26489],[-84.26045,39.26484],[-84.26057,39.26473],[-84.26074,39.26458],[-84.26075,39.26457],[-84.26092,39.26444],[-84.26109,39.26432],[-84.26126,39.2642],[-84.26144,39.26408],[-84.26162,39.26397],[-84.2618,39.26386],[-84.26198,39.26374],[-84.26216,39.26363],[-84.26234,39.26351],[-84.26243,39.26346],[-84.26252,39.2634],[-84.26271,39.26329],[-84.26289,39.26318],[-84.26307,39.26307],[-84.26326,39.26296],[-84.26335,39.2629],[-84.26344,39.26285],[-84.26362,39.26273],[-84.26377,39.26263],[-84.2638,39.26262],[-84.26415,39.26239],[-84.26433,39.26227],[-84.26435,39.26226],[-84.2645,39.26215],[-84.26477,39.26192],[-84.26481,39.26188],[-84.26499,39.26172],[-84.26548,39.26134],[-84.26555,39.26129],[-84.26563,39.2612],[-84.26577,39.26106],[-84.26608,39.26072],[-84.2662,39.26064],[-84.26637,39.26051],[-84.26654,39.26039],[-84.26671,39.26027],[-84.26705,39.26002],[-84.26722,39.2599],[-84.26741,39.25976],[-84.26776,39.25956],[-84.26794,39.25945],[-84.26813,39.25934],[-84.26826,39.25926],[-84.26887,39.25891],[-84.26891,39.25888],[-84.26905,39.2588],[-84.26999,39.25826],[-84.27009,39.2582],[-84.27017,39.25815],[-84.27091,39.25772],[-84.27107,39.25763],[-84.27258,39.25678],[-84.27325,39.25641],[-84.27344,39.25631],[-84.27382,39.2561],[-84.27391,39.25605],[-84.27401,39.25599],[-84.27419,39.25588],[-84.27438,39.25578],[-84.2746,39.25564],[-84.27509,39.25536],[-84.27535,39.25521],[-84.27553,39.2551],[-84.27591,39.25489],[-84.27609,39.25478],[-84.27628,39.25468],[-84.27647,39.25457],[-84.27777,39.25382],[-84.27813,39.25362],[-84.27815,39.25361],[-84.27833,39.2535],[-84.27889,39.25318],[-84.27908,39.25307],[-84.27926,39.25296],[-84.27959,39.25277],[-84.27964,39.25275],[-84.28002,39.25254],[-84.28044,39.25232],[-84.28059,39.25224],[-84.28079,39.25214],[-84.28117,39.25193],[-84.28127,39.25188],[-84.28136,39.25184],[-84.28157,39.25175],[-84.28158,39.25174],[-84.28173,39.25167],[-84.28176,39.25165],[-84.28187,39.25161],[-84.28196,39.25156],[-84.28205,39.25152],[-84.28217,39.25147],[-84.28226,39.25143],[-84.28244,39.25136],[-84.283,39.25115],[-84.28311,39.25111],[-84.28342,39.25101],[-84.28364,39.25094],[-84.28429,39.25074],[-84.28443,39.2507],[-84.28472,39.25063],[-84.28492,39.25058],[-84.28495,39.25058],[-84.28531,39.2505],[-84.2854,39.25048],[-84.28541,39.25047],[-84.2855,39.25045],[-84.28562,39.25043],[-84.28586,39.25038],[-84.28606,39.25033],[-84.28629,39.25027],[-84.28633,39.25026],[-84.28641,39.25025],[-84.28649,39.25022],[-84.28651,39.25022],[-84.28656,39.25021],[-84.28665,39.25019],[-84.28676,39.25016],[-84.28686,39.25013],[-84.28706,39.25008],[-84.28714,39.25006],[-84.28717,39.25005],[-84.28726,39.25001],[-84.28738,39.24997],[-84.28749,39.24994],[-84.28759,39.24991],[-84.28771,39.24986],[-84.2878,39.24983],[-84.28792,39.24978],[-84.288,39.24974],[-84.28804,39.24972],[-84.28816,39.24967],[-84.28833,39.24959],[-84.28846,39.24953],[-84.28856,39.24948],[-84.2886,39.24946],[-84.28862,39.24945],[-84.28868,39.24942],[-84.28879,39.24935],[-84.28882,39.24933],[-84.28891,39.24928],[-84.289,39.24922],[-84.28906,39.24918],[-84.28912,39.24915],[-84.28915,39.24913],[-84.28917,39.24911],[-84.28925,39.24905],[-84.28932,39.249],[-84.28936,39.24898],[-84.28949,39.24888],[-84.28962,39.24877],[-84.28975,39.24868],[-84.28982,39.24863],[-84.28987,39.24859],[-84.28996,39.24849],[-84.29006,39.24838],[-84.2901,39.24834],[-84.29018,39.24826],[-84.29024,39.2482],[-84.29037,39.24805],[-84.29049,39.2479],[-84.29061,39.24774],[-84.29063,39.24771],[-84.29072,39.24758],[-84.29076,39.24753],[-84.29082,39.24742],[-84.29091,39.24729],[-84.29093,39.24727],[-84.29095,39.24725],[-84.29098,39.2472],[-84.29101,39.24715],[-84.29104,39.2471],[-84.29104,39.24709],[-84.29109,39.24699],[-84.29111,39.24695],[-84.29114,39.2469],[-84.29116,39.24685],[-84.29123,39.24671],[-84.29126,39.24666],[-84.29128,39.24662],[-84.29138,39.24639],[-84.29146,39.24623],[-84.29177,39.24555],[-84.29182,39.24543],[-84.29185,39.24537],[-84.2919,39.24526],[-84.29191,39.24525],[-84.29207,39.24492],[-84.29208,39.2449],[-84.29214,39.24475],[-84.29221,39.24458],[-84.29221,39.24457],[-84.29236,39.24424],[-84.29244,39.24407],[-84.29252,39.2439],[-84.29266,39.24358],[-84.29267,39.24356],[-84.29284,39.24323],[-84.29292,39.24306],[-84.29296,39.24298],[-84.29323,39.24238],[-84.29324,39.24235],[-84.29327,39.24228],[-84.29331,39.24221],[-84.29333,39.24219],[-84.29339,39.24204],[-84.29347,39.24187],[-84.29354,39.2417],[-84.29359,39.2416],[-84.29362,39.24153],[-84.2937,39.24136],[-84.29376,39.24123],[-84.29386,39.24103],[-84.29394,39.24086],[-84.29411,39.24052],[-84.29413,39.24048],[-84.29416,39.24041],[-84.29419,39.24036],[-84.29436,39.24007],[-84.29439,39.24003],[-84.29443,39.23997],[-84.29446,39.23992],[-84.29449,39.23988],[-84.29449,39.23987],[-84.29452,39.23982],[-84.29456,39.23978],[-84.29459,39.23973],[-84.29461,39.23971],[-84.29464,39.23967],[-84.29467,39.23963],[-84.29471,39.23957],[-84.29475,39.23953],[-84.29479,39.23949],[-84.29483,39.23944],[-84.29486,39.23941],[-84.29491,39.23935],[-84.29499,39.23926],[-84.29501,39.23924],[-84.29508,39.23917],[-84.29513,39.23912],[-84.29514,39.23911],[-84.29528,39.23898],[-84.29534,39.23893],[-84.29538,39.23888],[-84.29542,39.23884],[-84.29547,39.2388],[-84.29556,39.2387],[-84.29562,39.23864],[-84.29571,39.23856],[-84.29571,39.23855],[-84.29586,39.23842],[-84.296,39.23828],[-84.29615,39.23814],[-84.29626,39.23804],[-84.2963,39.238],[-84.29644,39.23787],[-84.29645,39.23786],[-84.2965,39.23781],[-84.29659,39.23772],[-84.29673,39.23757],[-84.29699,39.2373],[-84.29701,39.23729],[-84.29714,39.23714],[-84.29727,39.23699],[-84.2974,39.23684],[-84.29744,39.2368],[-84.29753,39.23669],[-84.29765,39.23654],[-84.29778,39.23639],[-84.2979,39.23624],[-84.29808,39.23601],[-84.29815,39.23593],[-84.29828,39.23579],[-84.29842,39.23564],[-84.29855,39.23549],[-84.29868,39.23534],[-84.29875,39.23527],[-84.29882,39.2352],[-84.29897,39.23506],[-84.29911,39.23492],[-84.29912,39.23491],[-84.29927,39.23479],[-84.29943,39.23465],[-84.2995,39.23459],[-84.2996,39.23453],[-84.29978,39.23442],[-84.29996,39.23431],[-84.3001,39.23423],[-84.30015,39.2342],[-84.30035,39.23412],[-84.30056,39.23403],[-84.30066,39.23399],[-84.30077,39.23396],[-84.30098,39.23389],[-84.30142,39.23377],[-84.30169,39.23368],[-84.30186,39.23365],[-84.30208,39.23361],[-84.30231,39.23357],[-84.30253,39.23352],[-84.30276,39.23348],[-84.30299,39.23344],[-84.3032,39.2334],[-84.30344,39.23335],[-84.30366,39.2333],[-84.30388,39.23325],[-84.3041,39.23321],[-84.30411,39.2332],[-84.30432,39.23314],[-84.30454,39.23307],[-84.30493,39.23288],[-84.30513,39.23279],[-84.30573,39.2324],[-84.30614,39.23204],[-84.30618,39.232],[-84.30628,39.2319],[-84.30642,39.23176],[-84.30655,39.23161],[-84.30697,39.23118],[-84.3071,39.23103],[-84.30716,39.23098],[-84.30723,39.23088],[-84.30736,39.23073],[-84.30749,39.23058],[-84.30775,39.23029],[-84.30778,39.23025],[-84.30787,39.23013],[-84.30799,39.22998],[-84.30836,39.22952],[-84.30848,39.22937],[-84.30884,39.2289],[-84.30896,39.22875],[-84.30909,39.22859],[-84.30919,39.22844],[-84.30952,39.22796],[-84.30955,39.22792],[-84.30962,39.2278],[-84.30972,39.22764],[-84.30976,39.22758],[-84.30981,39.22747],[-84.3099,39.22731],[-84.30999,39.22714],[-84.30999,39.22713],[-84.31007,39.22697],[-84.31016,39.22681],[-84.31025,39.22664],[-84.31032,39.2265],[-84.31047,39.22616],[-84.31054,39.22599],[-84.31061,39.22582],[-84.31069,39.22565],[-84.31076,39.22548],[-84.31083,39.22531],[-84.31091,39.22514],[-84.31105,39.22479],[-84.3112,39.22445],[-84.31127,39.22428],[-84.31142,39.22394],[-84.31149,39.22377],[-84.31157,39.2236],[-84.31164,39.22343],[-84.31179,39.22309],[-84.31193,39.22275],[-84.31201,39.22258],[-84.31208,39.2224],[-84.3121,39.22236],[-84.31215,39.22223],[-84.31221,39.22209],[-84.31226,39.22195],[-84.31232,39.22171],[-84.31233,39.2217],[-84.31237,39.22153],[-84.31239,39.22143],[-84.31242,39.22136],[-84.31248,39.22119],[-84.31269,39.22059],[-84.31274,39.22013],[-84.31274,39.22012],[-84.31274,39.21995],[-84.31275,39.21968],[-84.31274,39.21941],[-84.31273,39.2193],[-84.31257,39.21869],[-84.31252,39.21853],[-84.31246,39.21835],[-84.31245,39.2183],[-84.31239,39.21818],[-84.31232,39.21801],[-84.31224,39.21784],[-84.31222,39.2178],[-84.31216,39.21768],[-84.31213,39.21763],[-84.31205,39.21752],[-84.31171,39.21704],[-84.31166,39.21698],[-84.31146,39.21674],[-84.31121,39.21645],[-84.31088,39.21618],[-84.31075,39.21608],[-84.31072,39.21606],[-84.31054,39.21594],[-84.31027,39.21577],[-84.31018,39.21571],[-84.30999,39.21561],[-84.30992,39.21557],[-84.30979,39.21551],[-84.30959,39.21542],[-84.30939,39.21533],[-84.3088,39.21505],[-84.30824,39.21488],[-84.30815,39.21486],[-84.30804,39.21483],[-84.30762,39.21475],[-84.30747,39.21473],[-84.30733,39.21471],[-84.30724,39.2147],[-84.307,39.21468],[-84.30676,39.21465],[-84.30655,39.21463],[-84.30601,39.21457],[-84.30571,39.21453],[-84.30563,39.21452],[-84.30517,39.21447],[-84.3047,39.21443],[-84.30448,39.2144],[-84.3041,39.21436],[-84.30402,39.21435],[-84.30379,39.21432],[-84.30364,39.21431],[-84.30315,39.21425],[-84.30296,39.21423],[-84.30269,39.2142],[-84.30267,39.21419],[-84.3025,39.21418],[-84.30227,39.21416],[-84.30206,39.21413],[-84.302,39.21413],[-84.30177,39.2141],[-84.30154,39.21408],[-84.30108,39.21402],[-84.30086,39.214],[-84.30071,39.21398],[-84.3004,39.21395],[-84.30005,39.21391],[-84.29998,39.2139],[-84.29982,39.21389],[-84.29959,39.21386],[-84.29957,39.21386],[-84.29936,39.21384],[-84.29913,39.21381],[-84.2989,39.21379],[-84.29867,39.21376],[-84.29844,39.21374],[-84.29831,39.21373],[-84.2982,39.21371],[-84.29804,39.21368],[-84.29754,39.21355],[-84.29748,39.21354],[-84.29746,39.21353],[-84.29733,39.21349],[-84.2973,39.21348],[-84.29724,39.21346],[-84.29717,39.21343],[-84.29704,39.21338],[-84.29695,39.21335],[-84.29676,39.21326],[-84.29673,39.21325],[-84.29663,39.21321],[-84.29643,39.21312],[-84.29625,39.21302],[-84.29612,39.21293],[-84.29596,39.21282],[-84.29588,39.21276],[-84.29563,39.21258],[-84.29562,39.21257],[-84.29542,39.21243],[-84.29529,39.21232],[-84.29522,39.21227],[-84.29501,39.21208],[-84.29498,39.21206],[-84.29498,39.21205],[-84.29489,39.21196],[-84.29484,39.21191],[-84.29456,39.21162],[-84.29442,39.21147],[-84.29415,39.21119],[-84.29415,39.21118],[-84.29396,39.21099],[-84.29387,39.21089],[-84.29373,39.21075],[-84.29359,39.21062],[-84.29359,39.21061],[-84.29344,39.21047],[-84.29331,39.21033],[-84.2933,39.21033],[-84.29316,39.21019],[-84.29301,39.21004],[-84.29296,39.20999],[-84.29273,39.20976],[-84.29259,39.20962],[-84.29257,39.2096],[-84.29206,39.2091],[-84.29202,39.20906],[-84.29188,39.20891],[-84.29174,39.20876],[-84.2917,39.20871],[-84.2915,39.20847],[-84.29149,39.20846],[-84.29127,39.20819],[-84.29109,39.20792],[-84.29104,39.20783],[-84.29094,39.20767],[-84.29092,39.20764],[-84.29075,39.20729],[-84.2907,39.20717],[-84.2907,39.20716],[-84.29063,39.20699],[-84.29058,39.20686],[-84.29057,39.20682],[-84.29048,39.20645],[-84.29043,39.20611],[-84.29042,39.206],[-84.29041,39.20575],[-84.2904,39.20557],[-84.2904,39.20547],[-84.29041,39.20521],[-84.29042,39.20491],[-84.29043,39.20485],[-84.29048,39.20449],[-84.29055,39.20402],[-84.2906,39.2036],[-84.29065,39.20324],[-84.2907,39.20288],[-84.29086,39.20163],[-84.29107,39.20002],[-84.29116,39.1993],[-84.29121,39.19894],[-84.29128,39.19841],[-84.29136,39.19787],[-84.29138,39.19769],[-84.29141,39.19751],[-84.29144,39.19733],[-84.29145,39.19722],[-84.29146,39.19715],[-84.29148,39.19698],[-84.29149,39.1968],[-84.29151,39.19662],[-84.29153,39.19644],[-84.29154,39.19631],[-84.29155,39.19626],[-84.2916,39.19587],[-84.29163,39.19554],[-84.29165,39.19542],[-84.29167,39.19524],[-84.2917,39.19506],[-84.29172,39.19489],[-84.29175,39.19471],[-84.29177,39.19454],[-84.29177,39.19453],[-84.29182,39.19417],[-84.29184,39.19399],[-84.29191,39.19345],[-84.29196,39.1931],[-84.29198,39.19289],[-84.29201,39.19274],[-84.29205,39.19258],[-84.29207,39.19238],[-84.29209,39.1922],[-84.2921,39.19202],[-84.29212,39.19184],[-84.29216,39.19149],[-84.2922,39.19113],[-84.29222,39.19095],[-84.29223,39.19077],[-84.29226,39.19048],[-84.29227,39.19041],[-84.2923,39.19005],[-84.29234,39.18945],[-84.29241,39.18861],[-84.29248,39.1879],[-84.29252,39.18736],[-84.29254,39.18718],[-84.29256,39.18694],[-84.29259,39.18664],[-84.29263,39.18623],[-84.29264,39.1861],[-84.29268,39.18574],[-84.29269,39.18556],[-84.29271,39.18539],[-84.29273,39.18521],[-84.29275,39.18503],[-84.29276,39.18485],[-84.29283,39.18417],[-84.29285,39.18395],[-84.29286,39.18379],[-84.29286,39.18377],[-84.29288,39.18359],[-84.29292,39.18323],[-84.29294,39.18305],[-84.29296,39.18287],[-84.29298,39.1827],[-84.29299,39.18259],[-84.293,39.18252],[-84.29302,39.18234],[-84.29304,39.18216],[-84.29306,39.18198],[-84.29309,39.18176],[-84.29313,39.18162],[-84.29319,39.18145],[-84.2932,39.1814],[-84.29326,39.18128],[-84.29335,39.18111],[-84.29341,39.18099],[-84.29354,39.18079],[-84.29359,39.18071],[-84.2938,39.18049],[-84.29393,39.18034],[-84.29395,39.18032],[-84.29423,39.18007],[-84.29429,39.18002],[-84.29459,39.17984],[-84.29477,39.17973],[-84.29478,39.17973],[-84.29517,39.17954],[-84.29529,39.17949],[-84.29538,39.17946],[-84.29559,39.17939],[-84.29581,39.17931],[-84.29601,39.17923],[-84.29622,39.17915],[-84.29663,39.17899],[-84.29684,39.17891],[-84.29705,39.17883],[-84.29767,39.17859],[-84.29774,39.17856],[-84.29788,39.17851],[-84.29798,39.17847],[-84.29808,39.17842],[-84.29827,39.17832],[-84.29846,39.17822],[-84.2986,39.17814],[-84.29883,39.178],[-84.29901,39.17789],[-84.2992,39.17778],[-84.29922,39.17777],[-84.2995,39.17751],[-84.29964,39.17737],[-84.29971,39.1773],[-84.30001,39.17691],[-84.30009,39.1768],[-84.30021,39.17659],[-84.30029,39.17645],[-84.3003,39.17642],[-84.30034,39.1763],[-84.30048,39.1759],[-84.30052,39.17579],[-84.30053,39.17578],[-84.30056,39.17568],[-84.30059,39.17558],[-84.30062,39.17529],[-84.3006,39.17507],[-84.30059,39.17489],[-84.30057,39.17471],[-84.30056,39.17453],[-84.30056,39.17452],[-84.30051,39.17435],[-84.30046,39.17418],[-84.30041,39.174],[-84.30036,39.17383],[-84.30031,39.17365],[-84.3003,39.1736],[-84.30026,39.17348],[-84.3002,39.1733],[-84.30015,39.17313],[-84.30009,39.17295],[-84.30004,39.17278],[-84.30002,39.17272],[-84.29986,39.17207],[-84.29984,39.17198],[-84.29982,39.17189],[-84.29978,39.17172],[-84.29977,39.17168],[-84.29976,39.17154],[-84.29975,39.17138],[-84.29975,39.17124],[-84.29975,39.1712],[-84.29977,39.17102],[-84.29979,39.17084],[-84.2998,39.17082],[-84.29984,39.17057],[-84.29986,39.17049],[-84.29988,39.17042],[-84.29992,39.17032],[-84.3,39.17015],[-84.30003,39.17007],[-84.30008,39.16998],[-84.30015,39.16984],[-84.30017,39.16981],[-84.30027,39.16965],[-84.30029,39.16961],[-84.30037,39.16949],[-84.30046,39.16937],[-84.30049,39.16934],[-84.30077,39.16905],[-84.30089,39.16892],[-84.30091,39.16891],[-84.30108,39.16878],[-84.30124,39.16865],[-84.3014,39.16852],[-84.30146,39.16848],[-84.30157,39.1684],[-84.30157,39.16839],[-84.3019,39.16814],[-84.30206,39.16802],[-84.30208,39.168],[-84.3021,39.16799],[-84.30223,39.16789],[-84.30231,39.16783],[-84.30264,39.16758],[-84.3027,39.16753],[-84.30281,39.16745],[-84.30297,39.16732],[-84.30313,39.16719],[-84.3033,39.16707],[-84.30346,39.16694],[-84.30362,39.16681],[-84.30395,39.16656],[-84.30412,39.16643],[-84.30436,39.16624],[-84.30453,39.16611],[-84.30503,39.16574],[-84.30552,39.16536],[-84.30569,39.16523],[-84.30602,39.16498],[-84.30605,39.16496],[-84.30619,39.16485],[-84.30635,39.16473],[-84.30685,39.16435],[-84.30702,39.16423],[-84.30751,39.16385],[-84.30768,39.16372],[-84.30784,39.1636],[-84.30801,39.16347],[-84.30818,39.16334],[-84.30834,39.16322],[-84.30867,39.16297],[-84.30884,39.16284],[-84.30917,39.16259],[-84.30933,39.16246],[-84.30938,39.16243],[-84.30939,39.16242],[-84.3095,39.16234],[-84.31015,39.16183],[-84.31032,39.1617],[-84.31048,39.16157],[-84.31064,39.16144],[-84.31081,39.16132],[-84.31097,39.16119],[-84.31146,39.16081],[-84.31194,39.16043],[-84.31227,39.16018],[-84.31243,39.16005],[-84.31259,39.15992],[-84.31276,39.1598],[-84.31308,39.15954],[-84.31325,39.15941],[-84.31341,39.15928],[-84.31357,39.15916],[-84.3139,39.1589],[-84.31422,39.15864],[-84.31439,39.15852],[-84.31455,39.15839],[-84.31471,39.15826],[-84.31488,39.15813],[-84.31504,39.15801],[-84.31506,39.15799],[-84.3152,39.15787],[-84.31535,39.15774],[-84.31551,39.15761],[-84.31566,39.15747],[-84.31575,39.1574],[-84.31582,39.15734],[-84.31599,39.15721],[-84.31615,39.15709],[-84.31631,39.15696],[-84.31648,39.15683],[-84.31664,39.15671],[-84.31681,39.15658],[-84.31697,39.15645],[-84.31713,39.15632],[-84.3173,39.1562],[-84.31746,39.15607],[-84.31763,39.15594],[-84.31781,39.1558],[-84.318,39.15565],[-84.31814,39.15555],[-84.3183,39.15542],[-84.31847,39.1553],[-84.31863,39.15517],[-84.3188,39.15504],[-84.31896,39.15492],[-84.31929,39.15467],[-84.31946,39.15454],[-84.31995,39.15416],[-84.32012,39.15403],[-84.32028,39.15391],[-84.32061,39.15366],[-84.32073,39.15357],[-84.32078,39.15353],[-84.32094,39.1534],[-84.32144,39.15302],[-84.32177,39.15277],[-84.32193,39.15264],[-84.3221,39.15251],[-84.32261,39.15212],[-84.32276,39.15201],[-84.32293,39.15189],[-84.32305,39.1518],[-84.3231,39.15177],[-84.32344,39.15155],[-84.32346,39.15154],[-84.32371,39.1514],[-84.32383,39.15133],[-84.32402,39.15122],[-84.3242,39.15111],[-84.32433,39.15104],[-84.32459,39.15091],[-84.32518,39.15063],[-84.32531,39.15056],[-84.32558,39.15045],[-84.32574,39.15038],[-84.32578,39.15036],[-84.32599,39.15028],[-84.32661,39.15004],[-84.32673,39.14999],[-84.32682,39.14996],[-84.32768,39.14968],[-84.32789,39.14961],[-84.32832,39.14947],[-84.32873,39.14934],[-84.32875,39.14933],[-84.32896,39.14927],[-84.32918,39.1492],[-84.33004,39.14893],[-84.3315,39.14847],[-84.3315,39.14847],[-84.33192,39.14832],[-84.33235,39.14817],[-84.33256,39.14808],[-84.33277,39.14799],[-84.33282,39.14797],[-84.33297,39.1479],[-84.33317,39.14781],[-84.33337,39.14772],[-84.33351,39.14766],[-84.33357,39.14763],[-84.33376,39.14752],[-84.33432,39.14722],[-84.33449,39.14712],[-84.33451,39.1471],[-84.3346,39.14703],[-84.33473,39.14693],[-84.33491,39.14678],[-84.33498,39.14671],[-84.33502,39.14668],[-84.33513,39.14657],[-84.33517,39.14654],[-84.33535,39.14633],[-84.33549,39.14617],[-84.33564,39.14597],[-84.33575,39.14581],[-84.33599,39.1455],[-84.33611,39.14533],[-84.33627,39.14512],[-84.33633,39.14504],[-84.33642,39.14492],[-84.33656,39.14472],[-84.33673,39.14449],[-84.33721,39.14398],[-84.33725,39.14394],[-84.3375,39.1437],[-84.33778,39.14341],[-84.33793,39.14327],[-84.33794,39.14326],[-84.33818,39.14304],[-84.3382,39.14302],[-84.33836,39.14292],[-84.33841,39.14288],[-84.33848,39.14283],[-84.33871,39.14264],[-84.33888,39.14249],[-84.33899,39.1424],[-84.33903,39.14235],[-84.33913,39.14223],[-84.33948,39.14183],[-84.33957,39.14174],[-84.33971,39.14163],[-84.33975,39.14159],[-84.34033,39.14109],[-84.34049,39.14096],[-84.34055,39.14091],[-84.34064,39.14083],[-84.34079,39.14069],[-84.34112,39.14039],[-84.34124,39.14027],[-84.34125,39.14026],[-84.34133,39.14016],[-84.34135,39.14012],[-84.34138,39.14008],[-84.34138,39.13994],[-84.34138,39.13991],[-84.34137,39.13976],[-84.34135,39.13959],[-84.34137,39.13938],[-84.34143,39.1393],[-84.34148,39.13925],[-84.34152,39.13921],[-84.34171,39.13906],[-84.34193,39.13888],[-84.34204,39.13882],[-84.34211,39.13879],[-84.34217,39.13879],[-84.3422,39.13879],[-84.3424,39.13882],[-84.34247,39.13882],[-84.34272,39.13884],[-84.3428,39.13883],[-84.34285,39.13881],[-84.3429,39.13879],[-84.34302,39.13868],[-84.34318,39.13856],[-84.34319,39.13855],[-84.34336,39.13844],[-84.34349,39.13834],[-84.34353,39.13832],[-84.34373,39.13823],[-84.34433,39.13795],[-84.34453,39.13786],[-84.34474,39.13777],[-84.34493,39.13768],[-84.34513,39.1376],[-84.34513,39.13759],[-84.34569,39.13739],[-84.34577,39.13737],[-84.34599,39.13732],[-84.3461,39.13729],[-84.34621,39.13727],[-84.34644,39.13722],[-84.34676,39.13715],[-84.34711,39.13711],[-84.34732,39.13709],[-84.34765,39.13706],[-84.34803,39.13705],[-84.34827,39.13706],[-84.34873,39.13707],[-84.34874,39.13707],[-84.34896,39.13709],[-84.34965,39.13717],[-84.34983,39.13718],[-84.35046,39.13725],[-84.35102,39.13734],[-84.35125,39.13738],[-84.35134,39.13739],[-84.35142,39.13741]]}},{"type":"Feature","properties":{"_gpxType":"trk","name":"Hampton Inn & Suites Xenia Dayton, Progress Drive, Xenia, OH - 7753 Wooster Pike - 2110 Kemper Lane, Cincinnati, OH","coordinateProperties":{},"id":19},"geometry":{"type":"LineString","coordinates":[[-84.35142,39.13741],[-84.35147,39.13743],[-84.35163,39.13747],[-84.35169,39.13749],[-84.35191,39.13755],[-84.35197,39.13757],[-84.35211,39.13764],[-84.3522,39.13768],[-84.35241,39.13775],[-84.35244,39.13776],[-84.35249,39.13778],[-84.35262,39.13783],[-84.35267,39.13784],[-84.3527,39.13785],[-84.3527,39.13785],[-84.35272,39.13785],[-84.35276,39.13784],[-84.35279,39.13782],[-84.35281,39.13779],[-84.35281,39.13775],[-84.3528,39.13772],[-84.35278,39.1377],[-84.35276,39.13768],[-84.35274,39.13765],[-84.35274,39.13763],[-84.35274,39.13762],[-84.35275,39.1376],[-84.35284,39.13747],[-84.35285,39.13747],[-84.35296,39.13731],[-84.35303,39.13722],[-84.35314,39.13707],[-84.35318,39.13702],[-84.35319,39.137],[-84.35325,39.13691],[-84.3533,39.13684],[-84.35341,39.13668],[-84.35341,39.13667],[-84.35358,39.13643],[-84.3537,39.13628],[-84.35375,39.13621],[-84.35381,39.13612],[-84.35387,39.13602],[-84.35392,39.13596],[-84.35402,39.13581],[-84.35425,39.13549],[-84.35447,39.13527],[-84.35464,39.13505],[-84.35469,39.13498],[-84.35477,39.13488],[-84.35478,39.13485],[-84.35489,39.13472],[-84.35501,39.13457],[-84.35506,39.13452],[-84.35522,39.13434],[-84.35533,39.13425],[-84.35543,39.13416],[-84.3555,39.13409],[-84.35557,39.134],[-84.35558,39.134],[-84.35566,39.13383],[-84.35575,39.13367],[-84.35584,39.1335],[-84.35593,39.13334],[-84.35594,39.13332],[-84.35612,39.13304],[-84.35625,39.13286],[-84.35636,39.1327],[-84.35642,39.13261],[-84.35646,39.13254],[-84.3566,39.13227],[-84.35664,39.13221],[-84.35675,39.13204],[-84.35684,39.1319],[-84.35696,39.13173],[-84.3572,39.13139],[-84.35726,39.13133],[-84.35733,39.13127],[-84.35733,39.13127],[-84.35742,39.13126],[-84.3575,39.13126],[-84.35756,39.13127],[-84.35757,39.13127],[-84.35765,39.1313],[-84.35776,39.13136],[-84.3578,39.13138],[-84.35794,39.13147],[-84.35811,39.13158],[-84.35812,39.13159],[-84.35822,39.13163],[-84.35828,39.13165],[-84.35835,39.13167],[-84.35835,39.13167],[-84.35843,39.13166],[-84.35862,39.13163],[-84.35871,39.13162],[-84.35877,39.13162],[-84.35878,39.13162],[-84.35886,39.13162],[-84.35896,39.13164],[-84.35907,39.13166],[-84.35916,39.13168],[-84.35932,39.13171],[-84.35942,39.13172],[-84.35945,39.13173],[-84.35949,39.13173],[-84.35953,39.13173],[-84.3596,39.1317],[-84.35969,39.13168],[-84.35978,39.13165],[-84.35988,39.13162],[-84.35989,39.13162],[-84.36002,39.13161],[-84.36011,39.13161],[-84.36012,39.13161],[-84.36021,39.13161],[-84.36037,39.13163],[-84.36047,39.13164],[-84.36058,39.13165],[-84.36067,39.13164],[-84.36074,39.13163],[-84.36081,39.13161],[-84.36082,39.1316],[-84.36091,39.13156],[-84.36097,39.13151],[-84.36099,39.1315],[-84.36102,39.13148],[-84.36106,39.13142],[-84.36113,39.13126],[-84.36118,39.13114],[-84.36125,39.13106],[-84.36131,39.131],[-84.36138,39.13095],[-84.36147,39.13091],[-84.36157,39.13087],[-84.36165,39.13081],[-84.36174,39.13075],[-84.36181,39.13067],[-84.36185,39.13062],[-84.36195,39.13051],[-84.36205,39.1304],[-84.36213,39.13033],[-84.36225,39.13028],[-84.36237,39.13023],[-84.36251,39.13019],[-84.36268,39.13011],[-84.36282,39.13005],[-84.3631,39.12996],[-84.36412,39.12955],[-84.36453,39.12938],[-84.36494,39.12921],[-84.36502,39.12918],[-84.36532,39.12906],[-84.36534,39.12904],[-84.36536,39.12902],[-84.36538,39.12899],[-84.36539,39.12898],[-84.36539,39.12894],[-84.36538,39.12889],[-84.36535,39.12884],[-84.36532,39.12881],[-84.36525,39.12871],[-84.36521,39.12865],[-84.36516,39.12858],[-84.36514,39.12856],[-84.3651,39.1285],[-84.36489,39.12823],[-84.36487,39.12818],[-84.36486,39.12818],[-84.36477,39.12802],[-84.36476,39.12801],[-84.36465,39.12782],[-84.36463,39.12779],[-84.36464,39.12777],[-84.36465,39.12774],[-84.3647,39.12771],[-84.3647,39.12771],[-84.36474,39.12768],[-84.36475,39.12766],[-84.36475,39.12763],[-84.36473,39.12759],[-84.36471,39.12753],[-84.36466,39.12746],[-84.36464,39.12743],[-84.3646,39.12738],[-84.36458,39.12736],[-84.36453,39.12729],[-84.36451,39.12722],[-84.3645,39.12721],[-84.36451,39.12712],[-84.36453,39.12708],[-84.36457,39.12706],[-84.36459,39.12706],[-84.36468,39.12703],[-84.3648,39.12703],[-84.36525,39.12702],[-84.36526,39.12702],[-84.36548,39.12701],[-84.36549,39.12701],[-84.36569,39.127],[-84.36588,39.12699],[-84.36613,39.12697],[-84.36618,39.12696],[-84.36642,39.12695],[-84.36647,39.12694],[-84.36686,39.12691],[-84.36688,39.12691],[-84.36705,39.1269],[-84.36711,39.1269],[-84.36722,39.1269],[-84.36734,39.12689],[-84.36736,39.12689],[-84.36757,39.12688],[-84.36763,39.12687],[-84.36768,39.12687],[-84.36776,39.12689],[-84.36787,39.12691],[-84.36799,39.12695],[-84.36801,39.12696],[-84.36809,39.12698],[-84.36817,39.12699],[-84.36829,39.12699],[-84.36847,39.12697],[-84.36854,39.12697],[-84.36916,39.12693],[-84.3693,39.12692],[-84.36986,39.12688],[-84.37009,39.12686],[-84.3704,39.12684],[-84.37059,39.12683],[-84.37075,39.12681],[-84.37078,39.12681],[-84.37083,39.12681],[-84.37089,39.12681],[-84.37101,39.12682],[-84.37122,39.12684],[-84.37154,39.12687],[-84.3719,39.12691],[-84.37213,39.12693],[-84.37216,39.12694],[-84.37219,39.12694],[-84.37223,39.12695],[-84.37227,39.12696],[-84.37232,39.12697],[-84.37266,39.1271],[-84.37272,39.12712],[-84.37278,39.12714],[-84.37284,39.12715],[-84.3729,39.12716],[-84.37303,39.12717],[-84.37326,39.1272],[-84.37349,39.12722],[-84.37418,39.12729],[-84.37427,39.12729],[-84.37434,39.12728],[-84.37439,39.12726],[-84.37444,39.12722],[-84.37444,39.12722],[-84.37447,39.1272],[-84.37449,39.12715],[-84.37449,39.12709],[-84.37464,39.12575],[-84.37465,39.12557],[-84.37469,39.1252],[-84.37473,39.12486],[-84.37475,39.12468],[-84.37478,39.12432],[-84.37484,39.12378],[-84.37487,39.12348],[-84.37491,39.12343],[-84.37493,39.12341],[-84.37497,39.12339],[-84.37511,39.12337],[-84.37603,39.12329],[-84.37649,39.12324],[-84.37683,39.12321],[-84.37695,39.12319],[-84.37718,39.12316],[-84.37732,39.12314],[-84.37762,39.12302],[-84.37784,39.123],[-84.37784,39.123],[-84.37793,39.123],[-84.37795,39.123],[-84.37798,39.12298],[-84.37799,39.12296],[-84.37801,39.12292],[-84.37801,39.12287],[-84.37801,39.12287],[-84.37802,39.12279],[-84.37804,39.12265],[-84.37805,39.12254],[-84.37807,39.12227],[-84.37808,39.12214],[-84.37809,39.12211],[-84.37809,39.1221],[-84.37811,39.12207],[-84.37814,39.12204],[-84.37819,39.12201],[-84.37825,39.12199],[-84.37838,39.12195],[-84.37867,39.12184],[-84.37971,39.12146],[-84.37982,39.12141],[-84.37995,39.12136],[-84.38011,39.12129],[-84.38012,39.12129],[-84.38048,39.12116],[-84.38131,39.12086],[-84.38148,39.1208],[-84.38173,39.12071],[-84.38194,39.12063],[-84.38215,39.12055],[-84.38232,39.12049],[-84.38236,39.12047],[-84.38327,39.12012],[-84.3836,39.11999],[-84.38402,39.11983],[-84.38408,39.11981],[-84.38422,39.11975],[-84.38426,39.11974],[-84.38435,39.1197],[-84.38443,39.11967],[-84.38453,39.11962],[-84.38463,39.11958],[-84.38478,39.1195],[-84.3849,39.11943],[-84.385,39.11936],[-84.38501,39.11936],[-84.38511,39.11929],[-84.38518,39.11924],[-84.38523,39.11921],[-84.38534,39.11912],[-84.38535,39.11911],[-84.3855,39.11898],[-84.38552,39.11896],[-84.38564,39.11885],[-84.38572,39.11876],[-84.3858,39.11867],[-84.38592,39.1185],[-84.38601,39.11839],[-84.38628,39.11801],[-84.38635,39.11791],[-84.3864,39.11785],[-84.38646,39.11779],[-84.38656,39.1177],[-84.38664,39.11763],[-84.38666,39.11761],[-84.38677,39.11753],[-84.38685,39.11748],[-84.38692,39.11744],[-84.38703,39.11739],[-84.38719,39.11731],[-84.38726,39.11728],[-84.38739,39.11722],[-84.38759,39.11713],[-84.3878,39.11703],[-84.38799,39.11695],[-84.38808,39.1169],[-84.38822,39.11683],[-84.38842,39.11671],[-84.38855,39.11663],[-84.38856,39.11662],[-84.38866,39.11656],[-84.38873,39.11651],[-84.3888,39.11646],[-84.38907,39.11627],[-84.38924,39.11615],[-84.3893,39.1161],[-84.38941,39.11602],[-84.38949,39.11597],[-84.38968,39.11583],[-84.38973,39.11579],[-84.3899,39.11567],[-84.39002,39.11559],[-84.39007,39.11555],[-84.39019,39.11546],[-84.39035,39.11535],[-84.39045,39.11527],[-84.39055,39.11521],[-84.39064,39.11516],[-84.39072,39.11512],[-84.39076,39.11509],[-84.39097,39.11499],[-84.39098,39.11499],[-84.39115,39.11491],[-84.39128,39.11487],[-84.39143,39.11483],[-84.39154,39.1148],[-84.39172,39.11474],[-84.39185,39.1147],[-84.39197,39.11465],[-84.39203,39.11463],[-84.39211,39.11459],[-84.39236,39.11448],[-84.39257,39.11438],[-84.39265,39.11435],[-84.39277,39.11429],[-84.39283,39.11426],[-84.39301,39.11418],[-84.39317,39.11411],[-84.39323,39.11409],[-84.39342,39.11401],[-84.39357,39.11395],[-84.39371,39.11391],[-84.39385,39.11387],[-84.39391,39.11385],[-84.39403,39.11382],[-84.39412,39.11379],[-84.39414,39.11379],[-84.39425,39.11376],[-84.39469,39.11364],[-84.39485,39.11359],[-84.39498,39.11356],[-84.39511,39.11351],[-84.3952,39.11347],[-84.39527,39.11344],[-84.39536,39.1134],[-84.3954,39.11338],[-84.39552,39.11334],[-84.39557,39.11332],[-84.39583,39.11326],[-84.39591,39.11323],[-84.39604,39.1132],[-84.39616,39.11319],[-84.39632,39.11317],[-84.39641,39.11316],[-84.39649,39.11314],[-84.39658,39.11312],[-84.39667,39.11308],[-84.39689,39.11296],[-84.39701,39.11289],[-84.39708,39.11285],[-84.39712,39.11283],[-84.39724,39.11276],[-84.39735,39.1127],[-84.39746,39.11264],[-84.3976,39.11255],[-84.39778,39.11243],[-84.39797,39.11229],[-84.39826,39.11209],[-84.39829,39.11206],[-84.39843,39.11196],[-84.39848,39.11192],[-84.39857,39.11186],[-84.39865,39.11179],[-84.39873,39.11171],[-84.39874,39.1117],[-84.39884,39.11159],[-84.39887,39.11155],[-84.39909,39.11126],[-84.3991,39.11124],[-84.39922,39.11108],[-84.39926,39.11102],[-84.39932,39.11095],[-84.39937,39.11087],[-84.3994,39.1108],[-84.39942,39.11076],[-84.39944,39.11072],[-84.39946,39.11065],[-84.39947,39.11059],[-84.39948,39.11053],[-84.39948,39.11041],[-84.39948,39.11041],[-84.39947,39.11019],[-84.39948,39.11009],[-84.39948,39.11008],[-84.39949,39.11004],[-84.39949,39.11002],[-84.39949,39.10999],[-84.39952,39.1099],[-84.39953,39.10987],[-84.39954,39.10985],[-84.39956,39.10976],[-84.39961,39.10968],[-84.39966,39.10962],[-84.39974,39.10952],[-84.39987,39.10939],[-84.40003,39.10926],[-84.40011,39.10919],[-84.40014,39.10916],[-84.40017,39.10913],[-84.40026,39.10905],[-84.40034,39.10899],[-84.40036,39.10896],[-84.40037,39.10893],[-84.40039,39.1089],[-84.4004,39.10887],[-84.4004,39.10886],[-84.40042,39.10876],[-84.40036,39.10851],[-84.40023,39.10832],[-84.40022,39.10827],[-84.40022,39.10825],[-84.40023,39.10816],[-84.40025,39.10809],[-84.40027,39.10798],[-84.40029,39.1079],[-84.40031,39.10785],[-84.40034,39.10772],[-84.40036,39.10764],[-84.40041,39.10757],[-84.40043,39.10756],[-84.40049,39.10752],[-84.40055,39.10751],[-84.40064,39.10751],[-84.40065,39.10751],[-84.40071,39.10752],[-84.40077,39.10754],[-84.40082,39.10757],[-84.40084,39.10759],[-84.40088,39.10762],[-84.40096,39.10774],[-84.40097,39.10776],[-84.40101,39.10793],[-84.40104,39.10806],[-84.40103,39.10819],[-84.40102,39.10824],[-84.40105,39.10835],[-84.40108,39.10841],[-84.40111,39.10846],[-84.4012,39.10859],[-84.40132,39.10874],[-84.40135,39.10878],[-84.40145,39.10889],[-84.40159,39.10904],[-84.40172,39.10918],[-84.40178,39.10924],[-84.40185,39.10933],[-84.40198,39.10948],[-84.40209,39.10962],[-84.4021,39.10963],[-84.40223,39.10977],[-84.40229,39.10984],[-84.40231,39.10985],[-84.40243,39.10998],[-84.40246,39.11001],[-84.40257,39.11009],[-84.40258,39.11012],[-84.40264,39.1102],[-84.40268,39.11026],[-84.40268,39.11026],[-84.40274,39.11023],[-84.40277,39.11021],[-84.40283,39.11015],[-84.40287,39.11008],[-84.40291,39.11004],[-84.40296,39.10999],[-84.40303,39.10995],[-84.40311,39.1099],[-84.40316,39.10986],[-84.4032,39.10984],[-84.4032,39.10983],[-84.40324,39.1098],[-84.40337,39.10971],[-84.40353,39.10958],[-84.4037,39.10946],[-84.4039,39.10933],[-84.40401,39.10925],[-84.40406,39.10921],[-84.40412,39.10914],[-84.40415,39.10909],[-84.40416,39.10906],[-84.40417,39.10906],[-84.40419,39.10906],[-84.40421,39.10904],[-84.40422,39.10903],[-84.40424,39.10902],[-84.40425,39.10901],[-84.40427,39.109],[-84.40429,39.10899],[-84.40433,39.10898],[-84.40439,39.10894],[-84.40451,39.10888],[-84.40494,39.10869],[-84.40514,39.1086],[-84.4052,39.10857],[-84.40553,39.10841],[-84.40573,39.10831],[-84.40588,39.10824],[-84.40593,39.10822],[-84.40612,39.10812],[-84.40631,39.10802],[-84.40651,39.10792],[-84.4067,39.10782],[-84.40689,39.10772],[-84.40709,39.10762],[-84.40728,39.10752],[-84.40731,39.10751],[-84.40748,39.10743],[-84.40757,39.10739],[-84.40768,39.10734],[-84.40768,39.10734],[-84.40765,39.10746],[-84.40766,39.10751],[-84.40769,39.10769],[-84.4077,39.10779],[-84.40772,39.10784],[-84.40773,39.10787],[-84.40776,39.10789],[-84.40779,39.10792],[-84.40783,39.10793],[-84.40789,39.10796],[-84.40792,39.10796],[-84.40799,39.10798],[-84.40809,39.10803],[-84.40812,39.10806],[-84.40826,39.10817],[-84.40828,39.10819],[-84.40842,39.10833],[-84.40873,39.10863],[-84.40937,39.10914],[-84.41,39.10962],[-84.41003,39.10966],[-84.41005,39.10972],[-84.41006,39.10979],[-84.41005,39.10985],[-84.40991,39.11014],[-84.40966,39.11064],[-84.40964,39.11075],[-84.40966,39.1108],[-84.40969,39.11085],[-84.40972,39.1109],[-84.40977,39.11093],[-84.40983,39.11097],[-84.4099,39.11099],[-84.40999,39.11099],[-84.41007,39.11099],[-84.41026,39.11093],[-84.4103,39.11092],[-84.41036,39.11092],[-84.41046,39.11093],[-84.41091,39.11107],[-84.41134,39.1112],[-84.41145,39.11121],[-84.41154,39.1112],[-84.4117,39.11117],[-84.41225,39.11108],[-84.4126,39.11101],[-84.41339,39.11078],[-84.41379,39.11067],[-84.414,39.11061],[-84.41407,39.11059],[-84.41444,39.11047],[-84.41449,39.11047],[-84.41458,39.11048],[-84.41472,39.11051],[-84.41477,39.11054],[-84.41482,39.11058],[-84.41494,39.11075],[-84.41516,39.11108],[-84.41581,39.11203],[-84.41581,39.11204],[-84.41594,39.11219],[-84.41598,39.11224],[-84.41652,39.11286],[-84.41659,39.11293],[-84.41672,39.11308],[-84.41685,39.11323],[-84.41698,39.11337],[-84.41711,39.11352],[-84.41712,39.11352],[-84.41717,39.11359],[-84.4172,39.11365],[-84.41721,39.11372],[-84.41722,39.11383],[-84.41722,39.11386],[-84.41724,39.11389],[-84.4173,39.11396],[-84.41737,39.114],[-84.41746,39.11405],[-84.41746,39.11405],[-84.41756,39.11404],[-84.41765,39.11402],[-84.41765,39.11402],[-84.41797,39.11357],[-84.41814,39.11334],[-84.41894,39.11221],[-84.41897,39.11217],[-84.41908,39.11201],[-84.41941,39.11154],[-84.41975,39.1111],[-84.4201,39.1106],[-84.42039,39.11016],[-84.4204,39.11015],[-84.42079,39.10957],[-84.42081,39.10953],[-84.42107,39.10914],[-84.42126,39.10885],[-84.4214,39.10863],[-84.42154,39.10847],[-84.42166,39.10837],[-84.42181,39.10827],[-84.42193,39.10821],[-84.42199,39.10818],[-84.42208,39.10813],[-84.42218,39.10809],[-84.42227,39.10805],[-84.42279,39.10786],[-84.42284,39.10784],[-84.42315,39.10772],[-84.42352,39.10757],[-84.42365,39.10752],[-84.42408,39.10737],[-84.42415,39.10734],[-84.42469,39.10712],[-84.425,39.107],[-84.42535,39.10687],[-84.4262,39.10654],[-84.42627,39.10652],[-84.42659,39.10639],[-84.42696,39.10625],[-84.42719,39.10616],[-84.42754,39.10603],[-84.42784,39.10592],[-84.42828,39.10574],[-84.42842,39.10569],[-84.42851,39.10565],[-84.42861,39.10555],[-84.42876,39.10539],[-84.4289,39.10524],[-84.42892,39.10519],[-84.42895,39.10511],[-84.42897,39.10501],[-84.42898,39.10495],[-84.42902,39.10487],[-84.42905,39.10483],[-84.42912,39.10478],[-84.4292,39.10472],[-84.42925,39.10466],[-84.42936,39.10436],[-84.42938,39.10426],[-84.42938,39.10425],[-84.42938,39.10425],[-84.4295,39.10428],[-84.42964,39.10431],[-84.42964,39.10431],[-84.42975,39.10405],[-84.42975,39.10404],[-84.42995,39.10359],[-84.43001,39.10345],[-84.43004,39.1034],[-84.43009,39.10336],[-84.43015,39.10332],[-84.43026,39.10327],[-84.43035,39.10325],[-84.43045,39.10324],[-84.43065,39.10326],[-84.43085,39.10332],[-84.43093,39.10336],[-84.43095,39.10338],[-84.43132,39.10393],[-84.43179,39.10462],[-84.432,39.10495],[-84.43211,39.10511],[-84.43221,39.10527],[-84.43231,39.10543],[-84.43255,39.10577],[-84.43262,39.10583],[-84.43266,39.10587],[-84.43272,39.1059],[-84.43282,39.10596],[-84.43287,39.106],[-84.43319,39.10626],[-84.43341,39.10644],[-84.4335,39.10652],[-84.4337,39.10672],[-84.43379,39.10681],[-84.43384,39.10688],[-84.43386,39.10693],[-84.43387,39.10699],[-84.43386,39.10707],[-84.43386,39.10715],[-84.43387,39.10723],[-84.4339,39.10732],[-84.434,39.10749],[-84.43412,39.10767],[-84.43412,39.10767],[-84.43417,39.10773],[-84.43508,39.10738],[-84.43597,39.10703],[-84.43597,39.10703],[-84.43616,39.10731],[-84.43655,39.10794],[-84.43718,39.10892],[-84.43774,39.10984],[-84.43814,39.11049],[-84.43866,39.11129],[-84.43886,39.11161],[-84.43917,39.1121],[-84.43926,39.11223],[-84.43943,39.1125],[-84.43968,39.11288],[-84.43986,39.11316],[-84.43996,39.11331],[-84.44013,39.1136],[-84.44023,39.11381],[-84.44029,39.11397],[-84.44033,39.1141],[-84.44037,39.11431],[-84.44039,39.11444],[-84.44037,39.11469],[-84.44032,39.11496],[-84.44029,39.1151],[-84.44026,39.11523],[-84.44022,39.11545],[-84.44021,39.11556],[-84.44021,39.11564],[-84.44022,39.11584],[-84.44027,39.116],[-84.4403,39.11609],[-84.44036,39.11624],[-84.4406,39.1166],[-84.44067,39.11667],[-84.44068,39.11669],[-84.44106,39.11703],[-84.44142,39.11733],[-84.44184,39.11763],[-84.44191,39.11769],[-84.44247,39.11796],[-84.44257,39.11801],[-84.44271,39.11808],[-84.4431,39.11827],[-84.44385,39.11864],[-84.44391,39.11867],[-84.44478,39.11909],[-84.44489,39.11915],[-84.44571,39.1195],[-84.44655,39.11989],[-84.44745,39.12028],[-84.44786,39.12046],[-84.44834,39.12068],[-84.44871,39.12084],[-84.44898,39.12097],[-84.44911,39.12102],[-84.44942,39.12116],[-84.45002,39.12142],[-84.45016,39.12147],[-84.45036,39.12154],[-84.45054,39.12158],[-84.45097,39.12167],[-84.45099,39.12168],[-84.45223,39.12196],[-84.45231,39.12198],[-84.45254,39.12203],[-84.45382,39.12232],[-84.45467,39.12251],[-84.45483,39.12255],[-84.4555,39.12269],[-84.4556,39.12271],[-84.45612,39.12283],[-84.45649,39.12291],[-84.45671,39.12296],[-84.45712,39.12305],[-84.45715,39.12306],[-84.45755,39.12314],[-84.45833,39.12332],[-84.45862,39.12339],[-84.45922,39.12352],[-84.45929,39.12354],[-84.45951,39.12359],[-84.45965,39.12362],[-84.45996,39.12369],[-84.46018,39.12374],[-84.4619,39.12412],[-84.46206,39.12416],[-84.46228,39.1242],[-84.46248,39.12423],[-84.46257,39.12424],[-84.46258,39.12424],[-84.46321,39.12422],[-84.46459,39.1241],[-84.4656,39.12402],[-84.46673,39.12395],[-84.46714,39.12392],[-84.46732,39.12391],[-84.46807,39.12382],[-84.46823,39.12379],[-84.46864,39.12372],[-84.46944,39.12352],[-84.47033,39.12326],[-84.47146,39.12295],[-84.47223,39.12273],[-84.47233,39.12271],[-84.47252,39.12266],[-84.47272,39.1226],[-84.47288,39.12255],[-84.47292,39.12253],[-84.47302,39.1225],[-84.47349,39.12228],[-84.47404,39.12202],[-84.47428,39.12191],[-84.47488,39.12164],[-84.47508,39.12155],[-84.47594,39.12116],[-84.47667,39.12083],[-84.4767,39.12082],[-84.4769,39.12073],[-84.4773,39.12055],[-84.4777,39.12037],[-84.47807,39.1202],[-84.47886,39.11985],[-84.47934,39.11964],[-84.48014,39.11928],[-84.48026,39.11922],[-84.48034,39.11919],[-84.48066,39.11904],[-84.48087,39.11895],[-84.48094,39.11892],[-84.48155,39.11865],[-84.48167,39.11859],[-84.48174,39.11855],[-84.48185,39.11849],[-84.48185,39.11848],[-84.48198,39.11841],[-84.48205,39.11836],[-84.48269,39.1179],[-84.48273,39.11787],[-84.483,39.11769],[-84.48349,39.11734],[-84.48354,39.11731],[-84.48382,39.11712],[-84.48407,39.11696],[-84.48414,39.11693],[-84.48415,39.11693],[-84.48428,39.1169],[-84.48438,39.11689],[-84.48451,39.11688],[-84.48456,39.11686],[-84.48457,39.11686],[-84.48461,39.11684],[-84.4847,39.11679],[-84.48474,39.11675],[-84.48479,39.11671],[-84.48492,39.11658],[-84.48495,39.11655],[-84.48519,39.11631],[-84.48544,39.11604],[-84.48571,39.11576],[-84.48584,39.11562],[-84.48585,39.11561],[-84.48589,39.11557],[-84.48591,39.11555],[-84.48601,39.11547],[-84.48633,39.11521],[-84.48654,39.11502],[-84.48701,39.11457],[-84.48701,39.11457],[-84.48703,39.11466],[-84.48703,39.11469],[-84.48703,39.11471],[-84.48703,39.11474],[-84.48702,39.11476],[-84.48699,39.1148],[-84.48697,39.11483],[-84.48691,39.1149],[-84.48691,39.11491],[-84.48686,39.11497],[-84.48678,39.11509],[-84.48665,39.11531],[-84.4866,39.11539],[-84.48651,39.11555],[-84.4865,39.11556],[-84.4865,39.11557],[-84.48623,39.11605],[-84.48603,39.11641],[-84.48594,39.11654],[-84.48586,39.11666],[-84.48581,39.11675],[-84.48577,39.11679],[-84.48572,39.11685],[-84.48571,39.11686],[-84.48567,39.1169],[-84.48563,39.11694],[-84.48556,39.117],[-84.48555,39.11701],[-84.48552,39.11704],[-84.48551,39.11705],[-84.48549,39.11708],[-84.48547,39.11711],[-84.48546,39.11714],[-84.48546,39.11715],[-84.48546,39.11717],[-84.48547,39.1172],[-84.48549,39.11725],[-84.48554,39.11732],[-84.48554,39.11732],[-84.48508,39.11776],[-84.48508,39.11776],[-84.48517,39.11792],[-84.48523,39.11803],[-84.48529,39.11814],[-84.4854,39.11831],[-84.48551,39.11843],[-84.48553,39.11844],[-84.48566,39.11854],[-84.48581,39.11862],[-84.48599,39.11869],[-84.48612,39.11873],[-84.48613,39.11873],[-84.48622,39.11876],[-84.48629,39.1188],[-84.48631,39.11882],[-84.48634,39.11885],[-84.48638,39.11891],[-84.48642,39.11899],[-84.48644,39.119],[-84.48645,39.119],[-84.48647,39.11901],[-84.48648,39.11903],[-84.48653,39.11907],[-84.48657,39.11912],[-84.48685,39.1194],[-84.48685,39.11941],[-84.487,39.11954],[-84.48715,39.11969],[-84.48719,39.11973],[-84.48753,39.11996],[-84.48772,39.12007]]}}]}