{"type":"FeatureCollection","features":[{"type":"Feature","properties":{"_gpxType":"trk","name":"Elk Creek Campground, Elk Creek, Gunnison, CO - Pleasant Valley, U.S. 50, Cimarron, CO","coordinateProperties":{},"id":65},"geometry":{"type":"LineString","coordinates":[[-107.17224,38.46776],[-107.17214,38.4673],[-107.17215,38.46714],[-107.17216,38.46712],[-107.17217,38.46704],[-107.1722,38.46696],[-107.17224,38.46688],[-107.17232,38.4667],[-107.17234,38.46665],[-107.17235,38.4666],[-107.17236,38.46652],[-107.17235,38.46644],[-107.17233,38.46634],[-107.17231,38.46628],[-107.17226,38.46619],[-107.17219,38.46611],[-107.17212,38.46605],[-107.17204,38.46598],[-107.17197,38.46594],[-107.1719,38.4659],[-107.17177,38.46586],[-107.17166,38.46583],[-107.17159,38.46582],[-107.17149,38.46581],[-107.17138,38.4658],[-107.17125,38.46579],[-107.171,38.46577],[-107.17093,38.46578],[-107.17085,38.4658],[-107.17023,38.46583],[-107.16895,38.46589],[-107.16882,38.4659],[-107.16823,38.46593],[-107.16793,38.46593],[-107.16776,38.46591],[-107.16774,38.46591],[-107.1674,38.46587],[-107.16717,38.46583],[-107.16692,38.46576],[-107.1667,38.46571],[-107.1667,38.46571],[-107.16615,38.46615],[-107.16601,38.46626],[-107.16584,38.46642],[-107.16579,38.46646],[-107.16566,38.46663],[-107.1655,38.46686],[-107.16537,38.46707],[-107.1653,38.46718],[-107.16508,38.46754],[-107.1649,38.46776],[-107.16485,38.46781],[-107.16476,38.46791],[-107.16463,38.46801],[-107.16452,38.46807],[-107.16414,38.46826],[-107.16385,38.46842],[-107.16369,38.46853],[-107.16363,38.46858],[-107.16359,38.46861],[-107.16355,38.46867],[-107.16346,38.46876],[-107.1634,38.46888],[-107.16338,38.46893],[-107.16334,38.46901],[-107.16331,38.46914],[-107.1633,38.46925],[-107.16331,38.46928],[-107.16331,38.46935],[-107.16333,38.46948],[-107.16343,38.46981],[-107.16349,38.46998],[-107.16349,38.46998],[-107.16252,38.47015],[-107.16243,38.47017],[-107.16154,38.47033],[-107.16078,38.47047],[-107.15935,38.47074],[-107.15923,38.47078],[-107.1574,38.4711],[-107.15562,38.47141],[-107.15517,38.4715],[-107.15495,38.47154],[-107.15473,38.47158],[-107.15405,38.4717],[-107.15383,38.47174],[-107.15361,38.47178],[-107.15294,38.4719],[-107.15271,38.47194],[-107.15182,38.4721],[-107.1507,38.4723],[-107.14958,38.4725],[-107.14823,38.47274],[-107.14744,38.47287],[-107.14708,38.47294],[-107.1468,38.47298],[-107.14649,38.47302],[-107.14623,38.47305],[-107.1462,38.47305],[-107.14598,38.47308],[-107.14597,38.47308],[-107.1458,38.4731],[-107.14575,38.4731],[-107.1456,38.47311],[-107.14541,38.47313],[-107.14529,38.47314],[-107.14519,38.47315],[-107.14463,38.47318],[-107.14394,38.47322],[-107.14319,38.47327],[-107.14205,38.47333],[-107.14044,38.47343],[-107.14026,38.47344],[-107.13944,38.47348],[-107.13815,38.47356],[-107.13814,38.47356],[-107.13792,38.47357],[-107.13735,38.4736],[-107.13653,38.47365],[-107.13561,38.4737],[-107.13427,38.47378],[-107.13357,38.47382],[-107.13342,38.47383],[-107.13312,38.47385],[-107.13298,38.47386],[-107.13282,38.47387],[-107.13267,38.47389],[-107.13253,38.4739],[-107.13243,38.47392],[-107.13229,38.47394],[-107.13204,38.47397],[-107.1318,38.47401],[-107.13147,38.47408],[-107.13121,38.47413],[-107.13108,38.47416],[-107.13094,38.47419],[-107.13073,38.47425],[-107.13065,38.47427],[-107.13051,38.47431],[-107.13024,38.4744],[-107.13022,38.4744],[-107.13002,38.47447],[-107.12975,38.47456],[-107.12952,38.47465],[-107.12928,38.47475],[-107.12918,38.47479],[-107.12912,38.47481],[-107.12898,38.47488],[-107.12897,38.47488],[-107.12879,38.47496],[-107.12851,38.4751],[-107.1284,38.47516],[-107.12825,38.47524],[-107.12808,38.47533],[-107.12784,38.47548],[-107.12773,38.47554],[-107.12752,38.47568],[-107.12729,38.47583],[-107.12644,38.47641],[-107.12622,38.47655],[-107.12536,38.47714],[-107.12449,38.47773],[-107.12356,38.47836],[-107.12347,38.4784],[-107.12232,38.47917],[-107.12228,38.47919],[-107.12173,38.47955],[-107.12146,38.47972],[-107.1213,38.47981],[-107.12105,38.47996],[-107.12015,38.48044],[-107.11973,38.48064],[-107.11931,38.48084],[-107.11905,38.48095],[-107.11884,38.48105],[-107.11865,38.48113],[-107.11845,38.48121],[-107.11824,38.48129],[-107.11785,38.48144],[-107.11748,38.48157],[-107.11709,38.48171],[-107.11674,38.48183],[-107.11667,38.48188],[-107.11548,38.48221],[-107.11461,38.48243],[-107.11348,38.48272],[-107.10846,38.484],[-107.10824,38.48406],[-107.10759,38.48423],[-107.10737,38.48428],[-107.1065,38.48451],[-107.10344,38.48529],[-107.10322,38.48534],[-107.10256,38.48551],[-107.1019,38.48568],[-107.10162,38.48575],[-107.10114,38.48588],[-107.10061,38.48601],[-107.09773,38.48675],[-107.09457,38.48756],[-107.09449,38.48756],[-107.094,38.48768],[-107.09352,38.48779],[-107.09289,38.48793],[-107.09267,38.48798],[-107.09154,38.4882],[-107.09123,38.48825],[-107.09082,38.48832],[-107.09071,38.48834],[-107.09012,38.48843],[-107.08968,38.4885],[-107.08909,38.4886],[-107.08852,38.48867],[-107.08804,38.48873],[-107.08776,38.48876],[-107.08742,38.48879],[-107.08702,38.48883],[-107.08692,38.48884],[-107.08661,38.48886],[-107.08629,38.48889],[-107.08607,38.48891],[-107.08588,38.48892],[-107.0856,38.48894],[-107.08509,38.48897],[-107.08487,38.48898],[-107.08462,38.48899],[-107.0843,38.489],[-107.08356,38.48902],[-107.08325,38.48903],[-107.08318,38.48903],[-107.08302,38.48903],[-107.08272,38.48903],[-107.08213,38.48903],[-107.0821,38.48903],[-107.08164,38.48903],[-107.08153,38.48902],[-107.08118,38.48902],[-107.0811,38.48901],[-107.08072,38.489],[-107.08058,38.489],[-107.08049,38.48899],[-107.08026,38.48898],[-107.08001,38.48897],[-107.0798,38.48896],[-107.07958,38.48895],[-107.07951,38.48895],[-107.07912,38.48892],[-107.0789,38.48891],[-107.07825,38.48886],[-107.07774,38.48882],[-107.07715,38.48876],[-107.07665,38.4887],[-107.07661,38.4887],[-107.07638,38.48867],[-107.0763,38.48866],[-107.0757,38.48859],[-107.07553,38.48857],[-107.07467,38.48847],[-107.07438,38.48843],[-107.07415,38.4884],[-107.07185,38.48812],[-107.07174,38.48811],[-107.07152,38.48808],[-107.07122,38.48804],[-107.07101,38.48799],[-107.07079,38.48795],[-107.07078,38.48794],[-107.07075,38.48794],[-107.07058,38.48788],[-107.07056,38.48788],[-107.07039,38.48782],[-107.07022,38.48775],[-107.07004,38.48767],[-107.06957,38.48745],[-107.06956,38.48745],[-107.06953,38.48743],[-107.06929,38.48734],[-107.06922,38.4873],[-107.06901,38.4872],[-107.06895,38.48717],[-107.06865,38.48707],[-107.06857,38.48704],[-107.06832,38.48695],[-107.06816,38.48691],[-107.06798,38.48686],[-107.06774,38.48682],[-107.06768,38.48681],[-107.06753,38.48679],[-107.06736,38.48676],[-107.06721,38.48675],[-107.06703,38.48673],[-107.06683,38.48672],[-107.06659,38.48672],[-107.06635,38.48671],[-107.0661,38.48672],[-107.06576,38.48675],[-107.06553,38.48679],[-107.06548,38.4868],[-107.0654,38.48681],[-107.06525,38.48684],[-107.06518,38.48686],[-107.06517,38.48686],[-107.06501,38.4869],[-107.06479,38.48696],[-107.06458,38.48703],[-107.06439,38.48709],[-107.06421,38.48717],[-107.06412,38.48721],[-107.06397,38.48728],[-107.06376,38.48739],[-107.06356,38.4875],[-107.06336,38.48762],[-107.0632,38.48773],[-107.06305,38.48783],[-107.06258,38.48825],[-107.06256,38.48826],[-107.06239,38.4884],[-107.06231,38.48847],[-107.06172,38.48892],[-107.0616,38.48898],[-107.06148,38.48903],[-107.06135,38.48907],[-107.06116,38.48914],[-107.06106,38.48918],[-107.06092,38.48921],[-107.06077,38.48924],[-107.06064,38.48925],[-107.06058,38.48926],[-107.06011,38.48932],[-107.05975,38.48936],[-107.05941,38.4894],[-107.05932,38.48941],[-107.05886,38.48945],[-107.05816,38.48954],[-107.05765,38.4896],[-107.05743,38.48962],[-107.05704,38.48966],[-107.05702,38.48966],[-107.05688,38.48967],[-107.05679,38.48968],[-107.05666,38.48969],[-107.05653,38.48969],[-107.05642,38.48969],[-107.05631,38.48969],[-107.05619,38.48968],[-107.05607,38.48966],[-107.05601,38.48966],[-107.05588,38.48965],[-107.05571,38.48962],[-107.05552,38.48957],[-107.05533,38.48951],[-107.05513,38.48942],[-107.0549,38.48932],[-107.05475,38.48923],[-107.05462,38.48914],[-107.05452,38.48907],[-107.05438,38.48896],[-107.05434,38.48892],[-107.05426,38.48883],[-107.05421,38.48877],[-107.05412,38.48867],[-107.05389,38.48837],[-107.05365,38.48804],[-107.05315,38.48729],[-107.05297,38.48705],[-107.05285,38.48689],[-107.05284,38.48688],[-107.05274,38.48678],[-107.05272,38.48675],[-107.05266,38.48668],[-107.05258,38.48661],[-107.05258,38.4866],[-107.0525,38.48654],[-107.05242,38.48647],[-107.05239,38.48645],[-107.05227,38.48637],[-107.05217,38.48631],[-107.052,38.48622],[-107.05188,38.48617],[-107.05174,38.48613],[-107.05156,38.48607],[-107.05138,38.48603],[-107.05114,38.48599],[-107.05096,38.48598],[-107.05076,38.48598],[-107.05074,38.48598],[-107.05061,38.48599],[-107.05046,38.486],[-107.05033,38.48603],[-107.05019,38.48605],[-107.05003,38.4861],[-107.04984,38.48616],[-107.04961,38.48626],[-107.04946,38.48633],[-107.04931,38.4864],[-107.04908,38.48653],[-107.04889,38.48664],[-107.04877,38.48671],[-107.04858,38.48681],[-107.04842,38.4869],[-107.04822,38.48698],[-107.04797,38.48707],[-107.04774,38.48712],[-107.04754,38.48715],[-107.04745,38.48716],[-107.04736,38.48717],[-107.04722,38.48717],[-107.04705,38.48717],[-107.04699,38.48716],[-107.04683,38.48715],[-107.04677,38.48714],[-107.04658,38.48711],[-107.04635,38.48704],[-107.04633,38.48704],[-107.04616,38.48698],[-107.04599,38.48691],[-107.04565,38.48675],[-107.04553,38.48668],[-107.04522,38.48652],[-107.04484,38.48633],[-107.04472,38.48628],[-107.04458,38.48623],[-107.04438,38.48618],[-107.04433,38.48617],[-107.04422,38.48614],[-107.04408,38.48611],[-107.04392,38.4861],[-107.04375,38.48609],[-107.04354,38.4861],[-107.04335,38.48612],[-107.04321,38.48614],[-107.04308,38.48617],[-107.04294,38.48621],[-107.04283,38.48625],[-107.04272,38.48628],[-107.04258,38.48634],[-107.04256,38.48635],[-107.04245,38.4864],[-107.04237,38.48645],[-107.04233,38.48647],[-107.04219,38.48656],[-107.04218,38.48657],[-107.04205,38.48666],[-107.0419,38.48678],[-107.04176,38.48692],[-107.04165,38.48706],[-107.04159,38.48716],[-107.04151,38.48729],[-107.0414,38.48753],[-107.04129,38.48779],[-107.04127,38.48783],[-107.04115,38.48811],[-107.04106,38.4883],[-107.04103,38.48835],[-107.04093,38.4885],[-107.04085,38.48861],[-107.04075,38.48872],[-107.04067,38.48879],[-107.04054,38.48889],[-107.04047,38.48894],[-107.04033,38.48904],[-107.04026,38.48908],[-107.04018,38.48912],[-107.04004,38.48919],[-107.03988,38.48926],[-107.03973,38.4893],[-107.03956,38.48934],[-107.03942,38.48938],[-107.03935,38.48939],[-107.03928,38.4894],[-107.03915,38.48942],[-107.03905,38.48942],[-107.0389,38.48943],[-107.03872,38.48942],[-107.03855,38.48941],[-107.03835,38.48938],[-107.03817,38.48935],[-107.03799,38.48932],[-107.03776,38.48928],[-107.03766,38.48927],[-107.03718,38.48921],[-107.03694,38.4892],[-107.03677,38.4892],[-107.03665,38.48921],[-107.03653,38.48922],[-107.03641,38.48924],[-107.0363,38.48926],[-107.03619,38.48929],[-107.03609,38.48932],[-107.03596,38.48936],[-107.0359,38.48938],[-107.03569,38.48947],[-107.03551,38.48958],[-107.03527,38.48974],[-107.03523,38.48978],[-107.03513,38.48987],[-107.03508,38.48992],[-107.03502,38.48998],[-107.03495,38.49007],[-107.03492,38.4901],[-107.03486,38.49019],[-107.03484,38.49023],[-107.0348,38.4903],[-107.03474,38.4904],[-107.03469,38.49052],[-107.03463,38.4907],[-107.0345,38.49118],[-107.03448,38.49126],[-107.03443,38.49144],[-107.03441,38.49156],[-107.03434,38.49179],[-107.03433,38.49182],[-107.03428,38.492],[-107.03418,38.49223],[-107.03412,38.49236],[-107.03403,38.49251],[-107.0339,38.49268],[-107.03381,38.49278],[-107.03379,38.49279],[-107.03365,38.49294],[-107.03351,38.49305],[-107.03337,38.49315],[-107.03334,38.49317],[-107.03314,38.49332],[-107.0329,38.49347],[-107.03248,38.49372],[-107.03245,38.49374],[-107.03239,38.49377],[-107.03131,38.49439],[-107.03112,38.4945],[-107.03093,38.49461],[-107.03001,38.49515],[-107.02936,38.49554],[-107.02855,38.49602],[-107.02847,38.49607],[-107.02838,38.49614],[-107.02829,38.49619],[-107.02801,38.49638],[-107.02768,38.49665],[-107.02739,38.49693],[-107.02708,38.49728],[-107.02691,38.49751],[-107.02688,38.49754],[-107.02681,38.49767],[-107.02659,38.49802],[-107.02642,38.49836],[-107.02628,38.49876],[-107.02626,38.49885],[-107.02616,38.49917],[-107.0261,38.4995],[-107.02608,38.49973],[-107.02607,38.49995],[-107.02607,38.50009],[-107.02607,38.50027],[-107.02607,38.50041],[-107.02609,38.50063],[-107.02609,38.50064],[-107.02612,38.50081],[-107.02615,38.50101],[-107.02626,38.50144],[-107.0264,38.50218],[-107.02656,38.50287],[-107.0266,38.50305],[-107.0267,38.50347],[-107.02688,38.50427],[-107.02704,38.505],[-107.02709,38.50532],[-107.0271,38.50548],[-107.0271,38.50569],[-107.0271,38.50588],[-107.0271,38.50589],[-107.02708,38.50604],[-107.02708,38.50607],[-107.02706,38.50618],[-107.02703,38.50635],[-107.02697,38.50658],[-107.02691,38.50676],[-107.0269,38.50678],[-107.02683,38.50695],[-107.02683,38.50696],[-107.02675,38.50712],[-107.02667,38.50726],[-107.0265,38.50756],[-107.02647,38.50761],[-107.02627,38.50793],[-107.0262,38.50804],[-107.02606,38.50826],[-107.02596,38.50842],[-107.02576,38.50874],[-107.02566,38.5089],[-107.02545,38.50924],[-107.02519,38.50964],[-107.02497,38.51001],[-107.02481,38.51027],[-107.0246,38.51059],[-107.02445,38.5108],[-107.02432,38.51098],[-107.02418,38.51115],[-107.02407,38.51127],[-107.02399,38.51136],[-107.02382,38.51156],[-107.02356,38.51185],[-107.02314,38.51229],[-107.02286,38.51258],[-107.0221,38.5134],[-107.02178,38.51375],[-107.02164,38.51389],[-107.0215,38.51404],[-107.02123,38.51433],[-107.02095,38.51462],[-107.02058,38.51502],[-107.02041,38.51519],[-107.02028,38.51532],[-107.02027,38.51533],[-107.02012,38.51547],[-107.02006,38.51552],[-107.01989,38.51566],[-107.0198,38.51573],[-107.01972,38.51578],[-107.01962,38.51584],[-107.0195,38.51592],[-107.01944,38.51595],[-107.01925,38.51605],[-107.01919,38.51608],[-107.01893,38.51619],[-107.01863,38.51629],[-107.01828,38.51639],[-107.01818,38.51641],[-107.01787,38.51647],[-107.01738,38.51655],[-107.01693,38.51662],[-107.01603,38.51678],[-107.01581,38.51682],[-107.01565,38.51684],[-107.01491,38.51697],[-107.01461,38.51702],[-107.01404,38.51714],[-107.01335,38.51729],[-107.01313,38.51734],[-107.01311,38.51734],[-107.01222,38.51756],[-107.01165,38.51773],[-107.01118,38.51787],[-107.01097,38.51794],[-107.01087,38.51797],[-107.01016,38.51819],[-107.0099,38.51827],[-107.00969,38.51834],[-107.00947,38.5184],[-107.00905,38.51854],[-107.00781,38.51893],[-107.00704,38.51917],[-107.0067,38.51928],[-107.00648,38.51934],[-107.00616,38.51944],[-107.00562,38.5196],[-107.00495,38.51979],[-107.00476,38.51984],[-107.00429,38.51995],[-107.00389,38.52004],[-107.00344,38.52014],[-107.00341,38.52015],[-107.00321,38.52019],[-107.00277,38.52028],[-107.0021,38.52041],[-107.00143,38.52054],[-107.00076,38.52067],[-107.00054,38.52071],[-107.00026,38.52077],[-106.99789,38.52123],[-106.99779,38.52125],[-106.99712,38.52138],[-106.99646,38.52152],[-106.99567,38.52167],[-106.99516,38.52177],[-106.99471,38.52186],[-106.99352,38.52209],[-106.99234,38.52232],[-106.99156,38.52247],[-106.99137,38.52251],[-106.99107,38.52256],[-106.99087,38.52259],[-106.99057,38.52263],[-106.9901,38.52268],[-106.98977,38.5227],[-106.98948,38.52272],[-106.98917,38.52273],[-106.98887,38.52273],[-106.98861,38.52273],[-106.98817,38.52271],[-106.98695,38.52268],[-106.98443,38.52261],[-106.98279,38.52257],[-106.98089,38.52252],[-106.97992,38.52249],[-106.97903,38.52247],[-106.97902,38.52247],[-106.97862,38.52247],[-106.9783,38.52247],[-106.97808,38.52248],[-106.97792,38.52249],[-106.9778,38.5225],[-106.97765,38.52251],[-106.97733,38.52255],[-106.97679,38.52265],[-106.97663,38.52268],[-106.97658,38.52269],[-106.97643,38.52272],[-106.9763,38.52276],[-106.9761,38.52281],[-106.97604,38.52283],[-106.97597,38.52286],[-106.97582,38.5229],[-106.97558,38.523],[-106.97536,38.52308],[-106.97515,38.52316],[-106.97454,38.52341],[-106.9722,38.52436],[-106.9713,38.52471],[-106.97118,38.52476],[-106.97117,38.52476],[-106.97117,38.52477],[-106.97115,38.52477],[-106.97106,38.52481],[-106.97083,38.52491],[-106.97028,38.52514],[-106.96958,38.52543],[-106.96894,38.52568],[-106.96836,38.52591],[-106.96824,38.52596],[-106.968,38.52606],[-106.96786,38.52612],[-106.96735,38.52632],[-106.96721,38.52634],[-106.96367,38.52776],[-106.96303,38.52802],[-106.96157,38.5286],[-106.96093,38.52886],[-106.96012,38.52919],[-106.95954,38.52942],[-106.95904,38.52963],[-106.9589,38.52968],[-106.95814,38.52999],[-106.95801,38.53004],[-106.95792,38.53011],[-106.95748,38.5303],[-106.95711,38.53045],[-106.95697,38.5305],[-106.95685,38.53051],[-106.95671,38.53056],[-106.95587,38.53091],[-106.95443,38.53148],[-106.95355,38.53184],[-106.95352,38.53186],[-106.95346,38.5319],[-106.95242,38.53232],[-106.9522,38.53241],[-106.95199,38.53249],[-106.95035,38.53315],[-106.94983,38.53336],[-106.94932,38.53357],[-106.94901,38.53369],[-106.94881,38.53377],[-106.9487,38.53379],[-106.94827,38.53396],[-106.94767,38.53419],[-106.94712,38.53441],[-106.94642,38.53469],[-106.94627,38.53474],[-106.94615,38.53479],[-106.94596,38.53487],[-106.94518,38.5352],[-106.94506,38.53525],[-106.94499,38.5353],[-106.94448,38.5355],[-106.94438,38.53554],[-106.94417,38.53563],[-106.94388,38.53575],[-106.94365,38.53584],[-106.94364,38.53584],[-106.94343,38.53593],[-106.94325,38.53601],[-106.94303,38.53611],[-106.94296,38.53614],[-106.94282,38.53621],[-106.94266,38.53629],[-106.94257,38.53633],[-106.9425,38.53638],[-106.94232,38.53649],[-106.94213,38.53661],[-106.94196,38.53674],[-106.9419,38.53678],[-106.94178,38.53687],[-106.94161,38.537],[-106.9413,38.53728],[-106.94125,38.53733],[-106.94116,38.53742],[-106.94101,38.53758],[-106.94086,38.53774],[-106.94077,38.53783],[-106.94068,38.53795],[-106.94049,38.53822],[-106.94032,38.53851],[-106.94024,38.53865],[-106.94007,38.53897],[-106.94,38.53917],[-106.93995,38.5393],[-106.93991,38.53945],[-106.9399,38.53949],[-106.93987,38.53958],[-106.93985,38.53967],[-106.93978,38.53992],[-106.93977,38.53995],[-106.93965,38.54039],[-106.93961,38.54053],[-106.93938,38.54134],[-106.93935,38.54145],[-106.93926,38.5418],[-106.93921,38.54197],[-106.93921,38.54198],[-106.93915,38.54219],[-106.93898,38.54279],[-106.93893,38.54294],[-106.93887,38.54312],[-106.93881,38.54328],[-106.93875,38.5434],[-106.93871,38.54346],[-106.93866,38.54353],[-106.93858,38.54363],[-106.93847,38.54374],[-106.9384,38.5438],[-106.93825,38.54392],[-106.93818,38.54396],[-106.9381,38.54401],[-106.93801,38.54406],[-106.93794,38.5441],[-106.93787,38.54413],[-106.93785,38.54413],[-106.93774,38.54419],[-106.9374,38.54433],[-106.93719,38.54438],[-106.93711,38.54439],[-106.93701,38.54441],[-106.93692,38.54441],[-106.93684,38.54442],[-106.93678,38.54442],[-106.9365,38.54442],[-106.93609,38.54441],[-106.93547,38.54441],[-106.93482,38.54441],[-106.93418,38.54441],[-106.93356,38.54441],[-106.93337,38.54441],[-106.93275,38.54441],[-106.9321,38.54441],[-106.93145,38.54441],[-106.93124,38.54441],[-106.93079,38.54441],[-106.93038,38.54441],[-106.93017,38.54441],[-106.92985,38.54441],[-106.92952,38.54441],[-106.9291,38.54441],[-106.9289,38.54441],[-106.92868,38.54441],[-106.92861,38.54441],[-106.92821,38.54441],[-106.92795,38.54441],[-106.92758,38.54441],[-106.92738,38.54441],[-106.92692,38.54441],[-106.92692,38.54441],[-106.92691,38.54463],[-106.92691,38.54499],[-106.92691,38.54522],[-106.9269,38.54554],[-106.92691,38.54572],[-106.92691,38.5459],[-106.92691,38.5461],[-106.9269,38.54663],[-106.9269,38.54773],[-106.9269,38.54884],[-106.9269,38.54991],[-106.9269,38.55103],[-106.9269,38.55122],[-106.9269,38.55149],[-106.9269,38.55235],[-106.9269,38.55289],[-106.92691,38.55379],[-106.92692,38.55431],[-106.92691,38.55482],[-106.92691,38.55526],[-106.92692,38.55571],[-106.92692,38.55594],[-106.92693,38.55634],[-106.92694,38.5567],[-106.92696,38.55783],[-106.92698,38.55901],[-106.92699,38.55943],[-106.92701,38.5604],[-106.92701,38.56058],[-106.92702,38.56086],[-106.92702,38.5611],[-106.92703,38.56163],[-106.92703,38.56191],[-106.92704,38.56231],[-106.92703,38.56264],[-106.92701,38.56294],[-106.92696,38.56319],[-106.92691,38.56338],[-106.92685,38.56357],[-106.92676,38.56376],[-106.92667,38.56394],[-106.92657,38.5641],[-106.92644,38.56429],[-106.9263,38.56446],[-106.92612,38.56466],[-106.92591,38.56487],[-106.92563,38.56514],[-106.92515,38.56562],[-106.92475,38.566],[-106.92405,38.5667],[-106.9239,38.56686],[-106.92334,38.56743],[-106.92308,38.56771],[-106.92302,38.56778],[-106.92297,38.56784],[-106.92288,38.56795],[-106.92281,38.56806],[-106.92275,38.56813],[-106.92275,38.56815],[-106.92271,38.5682],[-106.92263,38.56833],[-106.92258,38.56845],[-106.92252,38.56858],[-106.92247,38.56868],[-106.92243,38.5688],[-106.92238,38.56895],[-106.92234,38.56911],[-106.92231,38.56929],[-106.92229,38.56941],[-106.92228,38.56949],[-106.92227,38.56988],[-106.92228,38.57094],[-106.92229,38.57134],[-106.9223,38.57306],[-106.92231,38.57345],[-106.92231,38.57354],[-106.92231,38.57438],[-106.92232,38.57496],[-106.92232,38.57651],[-106.92232,38.57712],[-106.9223,38.57835],[-106.92229,38.57865],[-106.92229,38.57891],[-106.92227,38.58036],[-106.92226,38.58135],[-106.92226,38.58189],[-106.92226,38.58249],[-106.92226,38.58304],[-106.92224,38.5835],[-106.92223,38.58405],[-106.92224,38.58505],[-106.92225,38.58603],[-106.92222,38.58675],[-106.92222,38.58683],[-106.92219,38.58714],[-106.92215,38.58742],[-106.92211,38.58756],[-106.92207,38.58772],[-106.92197,38.58801],[-106.92192,38.58813],[-106.92186,38.58826],[-106.92173,38.5885],[-106.92163,38.58865],[-106.92151,38.58883],[-106.92138,38.589],[-106.92124,38.58916],[-106.92107,38.58933],[-106.92091,38.58947],[-106.92074,38.5896],[-106.92058,38.58973],[-106.92057,38.58974],[-106.92022,38.58998],[-106.91993,38.59016],[-106.91923,38.59059],[-106.91921,38.59061],[-106.91805,38.59134],[-106.91683,38.59209],[-106.91591,38.59266],[-106.91568,38.5928],[-106.91532,38.59301],[-106.9141,38.59378],[-106.91176,38.59523],[-106.91078,38.59583],[-106.90976,38.59646],[-106.90891,38.59699],[-106.90855,38.59722],[-106.90837,38.59733],[-106.90777,38.5977],[-106.90733,38.59798],[-106.90701,38.59821],[-106.90685,38.59832],[-106.90663,38.5985],[-106.90647,38.59864],[-106.90624,38.59887],[-106.90585,38.59931],[-106.90532,38.59991],[-106.90503,38.60026],[-106.90388,38.6016],[-106.90349,38.60205],[-106.90337,38.6022],[-106.90324,38.60235],[-106.9031,38.6025],[-106.90286,38.6028],[-106.90279,38.60288],[-106.90213,38.60375],[-106.90165,38.6044],[-106.90136,38.60478],[-106.90096,38.60534],[-106.90056,38.60585],[-106.90029,38.60616],[-106.89993,38.60656],[-106.89966,38.60682],[-106.89956,38.60692],[-106.89917,38.60729],[-106.89872,38.60767],[-106.89841,38.60791],[-106.898,38.60822],[-106.89747,38.60859],[-106.89724,38.60873],[-106.89687,38.60897],[-106.89603,38.60946],[-106.89436,38.61046],[-106.89257,38.61151],[-106.8904,38.6128],[-106.88899,38.61365],[-106.88782,38.61434],[-106.88706,38.61479],[-106.88585,38.61549],[-106.8829,38.61722],[-106.8823,38.61758],[-106.88068,38.61855],[-106.87881,38.61968],[-106.87877,38.6197],[-106.87859,38.61981],[-106.87841,38.61992],[-106.87835,38.61996],[-106.87805,38.62015],[-106.87786,38.62027],[-106.8777,38.62039],[-106.87761,38.62046],[-106.87746,38.6206],[-106.87731,38.62074],[-106.87713,38.62095],[-106.87697,38.62121],[-106.87687,38.6214],[-106.8768,38.62157],[-106.87674,38.62176],[-106.87671,38.62185],[-106.87669,38.62199],[-106.87667,38.6221],[-106.87665,38.62223],[-106.87666,38.62272],[-106.87668,38.62346],[-106.8767,38.62407],[-106.87668,38.62444],[-106.87666,38.62461],[-106.87661,38.62486],[-106.8765,38.62531],[-106.87623,38.62634],[-106.87609,38.62686],[-106.87607,38.6269],[-106.87598,38.62715],[-106.87588,38.6274],[-106.87587,38.62742],[-106.87564,38.62786],[-106.87544,38.62822],[-106.87473,38.62945],[-106.87438,38.63007],[-106.87413,38.63046],[-106.87382,38.63097],[-106.87372,38.63112],[-106.8736,38.63129],[-106.87353,38.63139],[-106.87342,38.63152],[-106.87302,38.63197],[-106.87282,38.63216],[-106.87274,38.63226],[-106.87259,38.63245],[-106.87251,38.63257],[-106.87242,38.63269],[-106.87235,38.63281],[-106.87235,38.63282],[-106.87211,38.6333],[-106.87207,38.63338],[-106.872,38.6335],[-106.87185,38.63371],[-106.87069,38.63618],[-106.87046,38.63664],[-106.87029,38.63698],[-106.87007,38.63734],[-106.8699,38.6376],[-106.86968,38.63792],[-106.86903,38.63876],[-106.86894,38.63887],[-106.86882,38.63902],[-106.86811,38.63991],[-106.86787,38.6402],[-106.86776,38.64035],[-106.86728,38.64094],[-106.86717,38.64109],[-106.86699,38.64134],[-106.86689,38.64149],[-106.86678,38.64169],[-106.86673,38.64182],[-106.86673,38.64183],[-106.86669,38.64193],[-106.86666,38.64208],[-106.86664,38.64218],[-106.86663,38.64228],[-106.86663,38.64236],[-106.86663,38.64242],[-106.86665,38.64263],[-106.86666,38.64273],[-106.86675,38.64299],[-106.86691,38.64339],[-106.86698,38.64358],[-106.86702,38.64371],[-106.86703,38.64382],[-106.86704,38.64394],[-106.86705,38.64405],[-106.86704,38.64414],[-106.86704,38.6442],[-106.86703,38.64428],[-106.86701,38.64441],[-106.86693,38.6447],[-106.8669,38.64483],[-106.86682,38.64513],[-106.86661,38.64578],[-106.86653,38.64601],[-106.86646,38.64618],[-106.8664,38.64631],[-106.86638,38.64634],[-106.86629,38.64652],[-106.8662,38.64667],[-106.86613,38.6468],[-106.866,38.647],[-106.86595,38.64708],[-106.8658,38.64727],[-106.86553,38.64761],[-106.86548,38.64768],[-106.865,38.64824],[-106.86479,38.64848],[-106.86462,38.64869],[-106.86436,38.64899],[-106.86432,38.64903],[-106.86398,38.64942],[-106.86333,38.65018],[-106.8632,38.65033],[-106.8631,38.65045],[-106.86229,38.65137],[-106.86226,38.6514],[-106.86194,38.65173],[-106.86159,38.65208],[-106.86126,38.65242],[-106.86087,38.6528],[-106.86059,38.65303],[-106.86038,38.65318],[-106.86032,38.65323],[-106.86026,38.65327],[-106.86014,38.65335],[-106.85992,38.65347],[-106.85976,38.65355],[-106.85957,38.65365],[-106.85946,38.65369],[-106.85913,38.65383],[-106.85885,38.65395],[-106.85679,38.65481],[-106.85655,38.65492],[-106.85643,38.65499],[-106.85616,38.65518],[-106.85583,38.65544],[-106.85564,38.65563],[-106.85551,38.65578],[-106.8554,38.65593],[-106.85524,38.6562],[-106.85512,38.65646],[-106.85505,38.65667],[-106.85502,38.65676],[-106.855,38.65689],[-106.85494,38.65721],[-106.85493,38.65729],[-106.85491,38.65743],[-106.85484,38.65801],[-106.85474,38.65873],[-106.85464,38.65927],[-106.85461,38.65935],[-106.85457,38.65944],[-106.85447,38.65964],[-106.85435,38.6598],[-106.85421,38.65995],[-106.85408,38.66007],[-106.85391,38.6602],[-106.85379,38.66027],[-106.85366,38.66034],[-106.85362,38.66035],[-106.85348,38.66041],[-106.85329,38.66048],[-106.85314,38.66051],[-106.85302,38.66054],[-106.85282,38.66056],[-106.85264,38.66058],[-106.8518,38.66063],[-106.85176,38.66063],[-106.85038,38.66069],[-106.84989,38.66072],[-106.84975,38.66073],[-106.84955,38.66075],[-106.84928,38.6608],[-106.84907,38.66088],[-106.84896,38.66092],[-106.84878,38.66101],[-106.84862,38.66111],[-106.8485,38.6612],[-106.84836,38.66133],[-106.84827,38.66142],[-106.84817,38.66157],[-106.84811,38.66166],[-106.848,38.66191],[-106.84798,38.66199],[-106.84796,38.66212],[-106.84795,38.66221],[-106.84795,38.66238],[-106.848,38.6628],[-106.84801,38.66289],[-106.84802,38.66308],[-106.84802,38.66321],[-106.84799,38.66334],[-106.84794,38.66349],[-106.84789,38.66359],[-106.84783,38.66369],[-106.84769,38.66387],[-106.84691,38.66462],[-106.84665,38.66485],[-106.84633,38.66515],[-106.84612,38.66544],[-106.84602,38.66558],[-106.84601,38.6656],[-106.84597,38.66568],[-106.84592,38.66579],[-106.84591,38.66581],[-106.84587,38.66595],[-106.84586,38.66599],[-106.84583,38.66609],[-106.84583,38.66612],[-106.8458,38.66623],[-106.84579,38.66637],[-106.84577,38.66655],[-106.84577,38.66659],[-106.84574,38.66693],[-106.84567,38.66756],[-106.84565,38.66779],[-106.84563,38.66796],[-106.84554,38.66882],[-106.84553,38.66896],[-106.84551,38.66914],[-106.84549,38.66934],[-106.84548,38.66964],[-106.84549,38.66984],[-106.8455,38.66985],[-106.8455,38.66993],[-106.8455,38.66998],[-106.84551,38.67003],[-106.84552,38.6701],[-106.84555,38.67018],[-106.84558,38.67029],[-106.84561,38.67039],[-106.84569,38.67056],[-106.84577,38.67069],[-106.84579,38.67073],[-106.84582,38.67077],[-106.84584,38.6708],[-106.84594,38.67094],[-106.84613,38.67118],[-106.84617,38.67122],[-106.8462,38.67126],[-106.8463,38.67137],[-106.84645,38.67154],[-106.84668,38.67182],[-106.84686,38.67203],[-106.84697,38.67215],[-106.84706,38.67226],[-106.84719,38.67241],[-106.8473,38.67253],[-106.84781,38.67313],[-106.84796,38.67331],[-106.84799,38.67335],[-106.84828,38.6737],[-106.84834,38.67376],[-106.84837,38.6738],[-106.84866,38.67415],[-106.84872,38.67421],[-106.84885,38.67436],[-106.84888,38.6744],[-106.84909,38.67465],[-106.8491,38.67466],[-106.84923,38.67481],[-106.8494,38.675],[-106.84949,38.67511],[-106.84952,38.67515],[-106.84962,38.67526],[-106.84974,38.67541],[-106.84981,38.67548],[-106.85,38.67571],[-106.85019,38.67594],[-106.85025,38.67601],[-106.85056,38.67637],[-106.85076,38.67661],[-106.85089,38.67676],[-106.85113,38.67703],[-106.85145,38.67741],[-106.85168,38.67771],[-106.85175,38.67782],[-106.85182,38.67793],[-106.85185,38.67798],[-106.85194,38.67812],[-106.85205,38.67833],[-106.85215,38.67857],[-106.85218,38.67865],[-106.85225,38.67883],[-106.85228,38.67891],[-106.85234,38.67909],[-106.8524,38.67935],[-106.85241,38.6794],[-106.85243,38.67953],[-106.85245,38.67967],[-106.85246,38.67971],[-106.85248,38.67993],[-106.85249,38.68014],[-106.85249,38.68032],[-106.85249,38.6805],[-106.85247,38.6807],[-106.85242,38.68096],[-106.8524,38.68109],[-106.85236,38.68132],[-106.85234,38.68143],[-106.85232,38.6815],[-106.85228,38.68166],[-106.85224,38.6819],[-106.85219,38.68208],[-106.85213,38.68244],[-106.85206,38.68274],[-106.85203,38.68288],[-106.85202,38.68292],[-106.85199,38.68308],[-106.85195,38.68326],[-106.85193,38.68347],[-106.8519,38.68369],[-106.8519,38.68385],[-106.85191,38.68408],[-106.85193,38.68435],[-106.85193,38.68443],[-106.85196,38.68471],[-106.85198,38.68499],[-106.85205,38.68598],[-106.85208,38.68648],[-106.8521,38.68668],[-106.8521,38.6867],[-106.85211,38.68686],[-106.85211,38.68692],[-106.85213,38.68725],[-106.85216,38.68764],[-106.85218,38.68825],[-106.85219,38.68868],[-106.8522,38.68884],[-106.8522,38.68896],[-106.85221,38.68919],[-106.85222,38.68955],[-106.85222,38.68956],[-106.85224,38.68988],[-106.85225,38.6903],[-106.85227,38.69056],[-106.85227,38.69074],[-106.85229,38.69104],[-106.85229,38.69118],[-106.8523,38.69121],[-106.8523,38.69136],[-106.8523,38.69138],[-106.85229,38.69151],[-106.85228,38.69171],[-106.85228,38.69172],[-106.85224,38.6919],[-106.8522,38.69206],[-106.85219,38.69207],[-106.85214,38.69221],[-106.85213,38.69224],[-106.8521,38.69231],[-106.85206,38.69239],[-106.85201,38.69248],[-106.8519,38.69265],[-106.85184,38.69273],[-106.85172,38.69288],[-106.85171,38.69289],[-106.85159,38.69303],[-106.85143,38.69318],[-106.85113,38.69344],[-106.85098,38.69357],[-106.85088,38.69366],[-106.85067,38.69384],[-106.85051,38.69398],[-106.85037,38.69411],[-106.85011,38.69434],[-106.84991,38.69455],[-106.84977,38.69473],[-106.84973,38.69479],[-106.84969,38.69483],[-106.8496,38.695],[-106.84958,38.69504],[-106.84952,38.69516],[-106.84952,38.69517],[-106.84949,38.69524],[-106.84943,38.6954],[-106.84941,38.69551],[-106.84941,38.69552],[-106.84939,38.69559],[-106.84938,38.6957],[-106.84935,38.69592],[-106.84933,38.69618],[-106.8493,38.69641],[-106.84928,38.69658],[-106.84928,38.69659],[-106.84925,38.69709],[-106.84923,38.69744],[-106.84923,38.6978],[-106.84924,38.69803],[-106.84925,38.69821],[-106.84926,38.69839],[-106.84929,38.69893],[-106.84931,38.69932],[-106.84931,38.69947],[-106.84932,38.69965],[-106.84934,38.70001],[-106.84934,38.70002],[-106.84937,38.70091],[-106.84938,38.70099],[-106.84938,38.70109],[-106.8494,38.70145],[-106.84942,38.70184],[-106.84945,38.70231],[-106.84946,38.70258],[-106.84946,38.7027],[-106.84948,38.70303],[-106.84948,38.70324],[-106.84949,38.70336],[-106.84949,38.70351],[-106.84949,38.70363],[-106.84947,38.70384],[-106.84946,38.70396],[-106.84945,38.70402],[-106.84941,38.70445],[-106.84938,38.70468],[-106.84936,38.70485],[-106.84932,38.70522],[-106.84931,38.70522],[-106.84927,38.7055],[-106.84926,38.70564],[-106.8492,38.70604],[-106.84914,38.70641],[-106.8491,38.70676],[-106.84905,38.70712],[-106.84902,38.70737],[-106.84899,38.70759],[-106.84896,38.70778],[-106.84894,38.70792],[-106.84891,38.70816],[-106.84884,38.70861],[-106.8488,38.70897],[-106.84878,38.70914],[-106.8487,38.70973],[-106.84865,38.71014],[-106.84864,38.71022],[-106.84862,38.71037],[-106.84861,38.71058],[-106.8486,38.71076],[-106.8486,38.71078],[-106.8486,38.71101],[-106.84861,38.71112],[-106.84862,38.71136],[-106.84863,38.71148],[-106.84865,38.71166],[-106.84865,38.71172],[-106.84868,38.71198],[-106.84869,38.71216],[-106.84871,38.71238],[-106.84871,38.71246],[-106.84872,38.71268],[-106.84872,38.71274],[-106.84873,38.71287],[-106.84873,38.71292],[-106.84873,38.713],[-106.84871,38.71316],[-106.8487,38.71326],[-106.8487,38.71328],[-106.84867,38.71339],[-106.84865,38.71345],[-106.84864,38.71353],[-106.84861,38.71362],[-106.8486,38.71363],[-106.84858,38.71371],[-106.84854,38.7138],[-106.8485,38.71387],[-106.84845,38.71397],[-106.84844,38.71398],[-106.84838,38.7141],[-106.84836,38.71413],[-106.8483,38.71421],[-106.84824,38.71429],[-106.84819,38.71436],[-106.84812,38.71444],[-106.84804,38.71454],[-106.8479,38.71471],[-106.84775,38.7149],[-106.84765,38.71503],[-106.8476,38.71509],[-106.84752,38.71524],[-106.84746,38.71535],[-106.84741,38.71546],[-106.84737,38.71556],[-106.84736,38.71558],[-106.84733,38.7157],[-106.84731,38.71584],[-106.84729,38.71596],[-106.84728,38.71614],[-106.84726,38.71632],[-106.84727,38.71638],[-106.84728,38.71657],[-106.84731,38.71684],[-106.84731,38.7171],[-106.84734,38.71748],[-106.84742,38.71849],[-106.84743,38.71867],[-106.84745,38.71903],[-106.84746,38.71916],[-106.8475,38.71961],[-106.84754,38.71995],[-106.84756,38.72013],[-106.84757,38.72019],[-106.84761,38.72049],[-106.84766,38.72075],[-106.84771,38.72106],[-106.84775,38.72129],[-106.84778,38.7215],[-106.84779,38.72156],[-106.84785,38.7219],[-106.84791,38.72227],[-106.84792,38.7223],[-106.84793,38.7224],[-106.84798,38.72263],[-106.84803,38.72285],[-106.84808,38.723],[-106.84812,38.72315],[-106.84813,38.72316],[-106.84819,38.72332],[-106.84825,38.72348],[-106.84836,38.72371],[-106.84841,38.72382],[-106.84842,38.72384],[-106.84846,38.72392],[-106.84851,38.724],[-106.84853,38.72404],[-106.84858,38.72412],[-106.84863,38.7242],[-106.8487,38.72432],[-106.84876,38.72441],[-106.84883,38.72451],[-106.8489,38.72461],[-106.84897,38.72471],[-106.84904,38.7248],[-106.84914,38.72494],[-106.84926,38.72512],[-106.84943,38.72536],[-106.84951,38.7255],[-106.84957,38.7256],[-106.84967,38.72577],[-106.84975,38.72593],[-106.84977,38.72596],[-106.84983,38.7261],[-106.84988,38.72621],[-106.84997,38.72639],[-106.85002,38.72652],[-106.85013,38.72679],[-106.85027,38.72716],[-106.85032,38.7273],[-106.85038,38.72745],[-106.85044,38.7276],[-106.8505,38.72777],[-106.85058,38.72799],[-106.85069,38.72828],[-106.85081,38.72867],[-106.8509,38.72902],[-106.85095,38.72919],[-106.85101,38.72938],[-106.85101,38.72939],[-106.85112,38.72985],[-106.85126,38.7304],[-106.85127,38.73045],[-106.85132,38.73064],[-106.85136,38.7308],[-106.85146,38.7311],[-106.85154,38.73132],[-106.85159,38.73143],[-106.85164,38.73157],[-106.85175,38.73185],[-106.85182,38.732],[-106.85191,38.73219],[-106.85199,38.73234],[-106.85207,38.7325],[-106.85219,38.73271],[-106.85227,38.73283],[-106.85233,38.73293],[-106.85244,38.73311],[-106.85277,38.73361],[-106.85305,38.73404],[-106.8532,38.73428],[-106.85356,38.73483],[-106.85362,38.73492],[-106.85372,38.73508],[-106.85383,38.73524],[-106.85403,38.73556],[-106.85444,38.73619],[-106.85466,38.73653],[-106.85468,38.73655],[-106.85477,38.73669],[-106.85483,38.73677],[-106.85487,38.73685],[-106.85508,38.73717],[-106.85508,38.73718],[-106.85518,38.73733],[-106.85528,38.73749],[-106.85539,38.73765],[-106.85549,38.73781],[-106.85554,38.73789],[-106.8557,38.73814],[-106.85577,38.73825],[-106.85591,38.73851],[-106.85601,38.73871],[-106.85608,38.73889],[-106.8561,38.73894],[-106.85619,38.7392],[-106.85626,38.73943],[-106.85631,38.73971],[-106.85633,38.73984],[-106.85634,38.73994],[-106.85637,38.74012],[-106.85641,38.74056],[-106.85643,38.74085],[-106.85644,38.7409],[-106.85647,38.74129],[-106.85649,38.7416],[-106.85655,38.7422],[-106.85659,38.74255],[-106.85663,38.74297],[-106.85667,38.74334],[-106.85672,38.74368],[-106.85676,38.74396],[-106.85679,38.74413],[-106.85682,38.74426],[-106.85686,38.74442],[-106.85692,38.74458],[-106.85693,38.74461],[-106.85699,38.74475],[-106.85705,38.74491],[-106.85713,38.74509],[-106.85727,38.74538],[-106.85737,38.7456],[-106.85745,38.74577],[-106.85792,38.74678],[-106.85795,38.74684],[-106.85809,38.74716],[-106.85847,38.74797],[-106.85854,38.74813],[-106.85862,38.7483],[-106.8587,38.74847],[-106.85878,38.74864],[-106.85887,38.74883],[-106.85909,38.74932],[-106.85949,38.75018],[-106.85963,38.7505],[-106.85987,38.75103],[-106.86002,38.75145],[-106.8601,38.75166],[-106.86017,38.7519],[-106.86067,38.7535],[-106.8611,38.75487],[-106.86132,38.75557],[-106.86142,38.75592],[-106.86184,38.75728],[-106.86185,38.75731],[-106.86231,38.75865],[-106.86233,38.7587],[-106.8625,38.75923],[-106.86253,38.7593],[-106.86281,38.76009],[-106.86292,38.76039],[-106.86352,38.76212],[-106.86385,38.76303],[-106.86438,38.76456],[-106.86466,38.76537],[-106.86478,38.7657],[-106.86488,38.76601],[-106.86506,38.76651],[-106.86507,38.76654],[-106.86516,38.76681],[-106.86547,38.76769],[-106.86565,38.7682],[-106.86587,38.76883],[-106.86596,38.76908],[-106.86618,38.76972],[-106.86639,38.77032],[-106.86656,38.77081],[-106.8667,38.7712],[-106.86691,38.77182],[-106.8671,38.77234],[-106.86718,38.77258],[-106.86729,38.7729],[-106.86755,38.77364],[-106.86772,38.77414],[-106.86788,38.77458],[-106.86802,38.775],[-106.86818,38.77545],[-106.8685,38.77633],[-106.86868,38.77685],[-106.86896,38.77763],[-106.86917,38.77824],[-106.86918,38.77827],[-106.86935,38.77876],[-106.86961,38.77948],[-106.86965,38.7796],[-106.86969,38.77973],[-106.86973,38.77983],[-106.86979,38.78001],[-106.86989,38.78029],[-106.86995,38.78047],[-106.87004,38.78075],[-106.87013,38.78099],[-106.87031,38.78151],[-106.87031,38.78153],[-106.87048,38.78199],[-106.87067,38.78255],[-106.87069,38.78261],[-106.87073,38.78272],[-106.87076,38.78281],[-106.87079,38.7829],[-106.87087,38.78313],[-106.87091,38.78324],[-106.87095,38.78336],[-106.87097,38.78342],[-106.87104,38.78359],[-106.87114,38.78385],[-106.87125,38.78417],[-106.87143,38.78469],[-106.87167,38.78539],[-106.87181,38.78575],[-106.87189,38.78602],[-106.87196,38.78612],[-106.8721,38.78653],[-106.87211,38.78656],[-106.87228,38.78702],[-106.87231,38.78707],[-106.87243,38.78735],[-106.87258,38.78763],[-106.87266,38.78779],[-106.87275,38.78795],[-106.8729,38.78824],[-106.8732,38.78879],[-106.87324,38.78886],[-106.87342,38.78918],[-106.87366,38.78961],[-106.87406,38.79033],[-106.87434,38.79085],[-106.87465,38.7914],[-106.87565,38.79322],[-106.87577,38.79345],[-106.87597,38.79382],[-106.87609,38.79404],[-106.87629,38.79438],[-106.87635,38.79448],[-106.87649,38.79467],[-106.87671,38.79496],[-106.87687,38.79515],[-106.87707,38.79536],[-106.87715,38.79544],[-106.87728,38.79557],[-106.87762,38.79587],[-106.87787,38.79607],[-106.87819,38.79632],[-106.87858,38.79659],[-106.87898,38.79688],[-106.88004,38.79758],[-106.88021,38.79769],[-106.88057,38.79792],[-106.88074,38.79804],[-106.88233,38.79909],[-106.88268,38.79932],[-106.88293,38.79949],[-106.88346,38.79983],[-106.88354,38.79989],[-106.88417,38.8003],[-106.88433,38.8004],[-106.88487,38.80076],[-106.88509,38.80091],[-106.88525,38.80101],[-106.88558,38.80122],[-106.88576,38.80135],[-106.88628,38.80169],[-106.88643,38.80179],[-106.88699,38.80215],[-106.88717,38.80227],[-106.88769,38.80262],[-106.88795,38.80279],[-106.88817,38.80293],[-106.88842,38.8031],[-106.88864,38.80324],[-106.88882,38.80336],[-106.88923,38.80362],[-106.88995,38.80407],[-106.89063,38.80453],[-106.89182,38.8053],[-106.89193,38.80537],[-106.8922,38.80554],[-106.89291,38.806],[-106.89367,38.80649],[-106.89429,38.80689],[-106.89459,38.80708],[-106.89515,38.80744],[-106.89612,38.80807],[-106.8966,38.80839],[-106.89692,38.80861],[-106.89723,38.80885],[-106.89749,38.80908],[-106.89764,38.80921],[-106.89766,38.80924],[-106.89778,38.80935],[-106.89787,38.80945],[-106.89803,38.80962],[-106.89819,38.8098],[-106.89837,38.81],[-106.89865,38.8103],[-106.89886,38.81052],[-106.89896,38.81061],[-106.89911,38.81075],[-106.89922,38.81085],[-106.89935,38.81096],[-106.89964,38.8112],[-106.8999,38.81138],[-106.9001,38.81151],[-106.90016,38.81155],[-106.90035,38.81167],[-106.90087,38.812],[-106.90159,38.81245],[-106.90202,38.81272],[-106.90219,38.81283],[-106.90251,38.81304],[-106.90269,38.81315],[-106.90273,38.81318],[-106.90318,38.81349],[-106.90321,38.81351],[-106.90337,38.81364],[-106.90371,38.81389],[-106.90404,38.81414],[-106.9042,38.81426],[-106.90436,38.81439],[-106.90469,38.81464],[-106.90519,38.81502],[-106.90553,38.81526],[-106.90653,38.81601],[-106.90667,38.81612],[-106.90707,38.81641],[-106.9074,38.81666],[-106.90757,38.81679],[-106.9079,38.81704],[-106.90806,38.81716],[-106.90988,38.81854],[-106.91005,38.81867],[-106.91089,38.81931],[-106.91217,38.82029],[-106.91333,38.82117],[-106.91597,38.82318],[-106.91613,38.82331],[-106.91679,38.82381],[-106.91696,38.82393],[-106.91778,38.82456],[-106.91795,38.82469],[-106.91845,38.82507],[-106.91935,38.82576],[-106.91982,38.82611],[-106.92054,38.82666],[-106.9207,38.82679],[-106.92087,38.82691],[-106.92122,38.82718],[-106.92172,38.82756],[-106.92188,38.82768],[-106.92198,38.82776],[-106.92221,38.82794],[-106.92271,38.82831],[-106.92276,38.82835],[-106.92287,38.82844],[-106.92403,38.82932],[-106.92464,38.82979],[-106.92485,38.82995],[-106.92502,38.83008],[-106.92518,38.8302],[-106.92545,38.8304],[-106.9267,38.83136],[-106.92683,38.83146],[-106.92776,38.83217],[-106.92825,38.83254],[-106.92842,38.83267],[-106.92859,38.8328],[-106.92875,38.83292],[-106.92916,38.83324],[-106.93071,38.83445],[-106.93087,38.83458],[-106.93103,38.8347],[-106.93135,38.83496],[-106.93199,38.83547],[-106.93249,38.83585],[-106.9326,38.83594],[-106.93266,38.83598],[-106.93283,38.8361],[-106.933,38.83622],[-106.93305,38.83626],[-106.93367,38.83667],[-106.93442,38.83714],[-106.9348,38.83738],[-106.93527,38.83767],[-106.93653,38.83846],[-106.9376,38.83914],[-106.93805,38.83943],[-106.93963,38.84041],[-106.93964,38.84041],[-106.93999,38.84064],[-106.94023,38.84081],[-106.94035,38.8409],[-106.94052,38.84104],[-106.94053,38.84105],[-106.9408,38.84129],[-106.94086,38.84135],[-106.94095,38.84144],[-106.94101,38.84152],[-106.94106,38.84156],[-106.94112,38.84165],[-106.94121,38.84175],[-106.94122,38.84177],[-106.94178,38.84241],[-106.94203,38.84269],[-106.9423,38.84297],[-106.94265,38.84338],[-106.94312,38.84392],[-106.94334,38.84417],[-106.9436,38.84446],[-106.94393,38.84483],[-106.94438,38.84535],[-106.9448,38.84584],[-106.94502,38.84609],[-106.94515,38.84622],[-106.9454,38.84651],[-106.94562,38.84673],[-106.94572,38.84684],[-106.94585,38.84694],[-106.94633,38.84733],[-106.94675,38.84768],[-106.94801,38.84856],[-106.94914,38.84934],[-106.95046,38.85026],[-106.95052,38.8503],[-106.95122,38.85077],[-106.95155,38.85099],[-106.95236,38.85148],[-106.95334,38.85197],[-106.95353,38.85206],[-106.95401,38.8523],[-106.95469,38.85263],[-106.95531,38.85292],[-106.95567,38.8531],[-106.9585,38.85446],[-106.95868,38.85455],[-106.95888,38.85464],[-106.95947,38.85492],[-106.96005,38.85518],[-106.96029,38.85529],[-106.96053,38.85538],[-106.96076,38.85546],[-106.96125,38.85561],[-106.9616,38.8557],[-106.96191,38.8558],[-106.96229,38.85594],[-106.96259,38.85605],[-106.9629,38.8562],[-106.96341,38.85646],[-106.96371,38.85662],[-106.96425,38.8569],[-106.96507,38.85733],[-106.96619,38.8579],[-106.96653,38.85807],[-106.96761,38.85863],[-106.96807,38.85887],[-106.96884,38.85926],[-106.96967,38.85969],[-106.97,38.85986],[-106.97057,38.86015],[-106.97077,38.86025],[-106.97097,38.86036],[-106.97192,38.86085],[-106.97212,38.86095],[-106.97252,38.86115],[-106.97283,38.86131],[-106.97304,38.86143],[-106.97308,38.86146],[-106.97318,38.86151],[-106.97321,38.86153],[-106.97327,38.86157],[-106.97335,38.86162],[-106.97339,38.86164],[-106.97345,38.86168],[-106.97346,38.86169],[-106.97358,38.86177],[-106.97372,38.86186],[-106.97379,38.86192],[-106.97391,38.862],[-106.97396,38.86204],[-106.97403,38.86209],[-106.97423,38.86223],[-106.97442,38.86237],[-106.97447,38.86241],[-106.97459,38.86249],[-106.97464,38.86253],[-106.9752,38.86293],[-106.97526,38.86298],[-106.97533,38.86302],[-106.97656,38.86391],[-106.9769,38.86415],[-106.97737,38.8645],[-106.97778,38.86479],[-106.97812,38.86504],[-106.9783,38.86516],[-106.97835,38.86519],[-106.97864,38.8654],[-106.97932,38.86589],[-106.97976,38.86619],[-106.98011,38.86644],[-106.98023,38.86653],[-106.98034,38.86663],[-106.98042,38.8667],[-106.9805,38.86679],[-106.98057,38.86687],[-106.98062,38.86694],[-106.98069,38.86706],[-106.98072,38.86716],[-106.98073,38.86722],[-106.98075,38.8673],[-106.98076,38.86736],[-106.98077,38.86749],[-106.98082,38.86794],[-106.98082,38.86794],[-106.98117,38.86795],[-106.98164,38.86795],[-106.98196,38.86795],[-106.98256,38.86795],[-106.98417,38.86793],[-106.98463,38.86793],[-106.98583,38.86793],[-106.98678,38.86794],[-106.98748,38.86794],[-106.98769,38.86794],[-106.98792,38.86794],[-106.98861,38.86794],[-106.98907,38.86794],[-106.9893,38.86794],[-106.98975,38.86794],[-106.99021,38.86792],[-106.99021,38.86792],[-106.99043,38.8679],[-106.99066,38.86788],[-106.99072,38.86787],[-106.99084,38.86787],[-106.99097,38.86789],[-106.99111,38.86792],[-106.99121,38.86796],[-106.9913,38.86801],[-106.99131,38.86802],[-106.9914,38.86809],[-106.99156,38.86827],[-106.99177,38.86855],[-106.99181,38.86862],[-106.99192,38.86877],[-106.99203,38.86893],[-106.99214,38.86909],[-106.99242,38.86949],[-106.99247,38.86956],[-106.99257,38.86971],[-106.99258,38.86972],[-106.99264,38.8698],[-106.99271,38.86987],[-106.99272,38.86989],[-106.9928,38.86997],[-106.99294,38.87007],[-106.99315,38.87015],[-106.99326,38.87016],[-106.99341,38.87017],[-106.99352,38.87014],[-106.99365,38.87009],[-106.99388,38.86996],[-106.9942,38.86975],[-106.99452,38.86953],[-106.99454,38.86952],[-106.99464,38.86946],[-106.99479,38.86937],[-106.99496,38.86931],[-106.9953,38.86924],[-106.99534,38.86924],[-106.99551,38.86923],[-106.99557,38.86923],[-106.99576,38.86924],[-106.99599,38.86928],[-106.9962,38.86938],[-106.99622,38.86939],[-106.99649,38.86952],[-106.99668,38.86958],[-106.99691,38.86962],[-106.99708,38.86964],[-106.99722,38.86965],[-106.99758,38.86971],[-106.99774,38.86977],[-106.99784,38.86981],[-106.99823,38.87001],[-106.99841,38.87011],[-106.99858,38.8702],[-106.99867,38.87024],[-106.9989,38.87031],[-106.99893,38.87031],[-106.99916,38.87034],[-106.99929,38.87036],[-106.99963,38.8704],[-106.99984,38.87046],[-106.99991,38.87048],[-107.00005,38.87053],[-107.00022,38.87059],[-107.00048,38.87067],[-107.00073,38.87073],[-107.00096,38.87074],[-107.00128,38.87071],[-107.00138,38.87069],[-107.0016,38.87065],[-107.00183,38.8706],[-107.00188,38.87059],[-107.00203,38.87052],[-107.00224,38.87043],[-107.0026,38.87025],[-107.00289,38.87013],[-107.00304,38.87009],[-107.00323,38.87004],[-107.00349,38.86999],[-107.00392,38.8699],[-107.00407,38.86988],[-107.00417,38.86986],[-107.00439,38.86982],[-107.00461,38.86978],[-107.00531,38.86966],[-107.00574,38.86961],[-107.00608,38.86959],[-107.00658,38.86959],[-107.00668,38.86959],[-107.00685,38.86961],[-107.00703,38.86963],[-107.00719,38.86965],[-107.00736,38.86969],[-107.00757,38.86974],[-107.0077,38.86978],[-107.00786,38.86983],[-107.00793,38.86984],[-107.00795,38.86985],[-107.00812,38.86988],[-107.00828,38.86991],[-107.00838,38.86993],[-107.00845,38.86994],[-107.0086,38.86997],[-107.00866,38.86998],[-107.00882,38.87],[-107.00896,38.87002],[-107.00918,38.87004],[-107.00933,38.87005],[-107.00955,38.87007],[-107.00966,38.87007],[-107.00973,38.87006],[-107.00983,38.87005],[-107.0099,38.87004],[-107.00999,38.87002],[-107.01009,38.87],[-107.0102,38.86996],[-107.01029,38.86993],[-107.01041,38.86989],[-107.01051,38.86985],[-107.0106,38.8698],[-107.01062,38.8698],[-107.01079,38.8697],[-107.0108,38.8697],[-107.01087,38.86966],[-107.01105,38.86956],[-107.01118,38.86952],[-107.01126,38.86949],[-107.01135,38.86946],[-107.01149,38.86944],[-107.01165,38.86942],[-107.01186,38.86939],[-107.0119,38.86938],[-107.0122,38.86935],[-107.01234,38.86933],[-107.01245,38.86931],[-107.01257,38.86929],[-107.01268,38.86926],[-107.01282,38.86922],[-107.01298,38.86919],[-107.01299,38.86919],[-107.01327,38.86912],[-107.01345,38.86908],[-107.01357,38.86906],[-107.01364,38.86905],[-107.01373,38.86904],[-107.0138,38.86903],[-107.01391,38.86902],[-107.01405,38.86902],[-107.01421,38.86902],[-107.01461,38.86903],[-107.01472,38.86904],[-107.01481,38.86905],[-107.0149,38.86907],[-107.01499,38.8691],[-107.01501,38.86911],[-107.01508,38.86914],[-107.01516,38.8692],[-107.01527,38.86928],[-107.01536,38.86934],[-107.01545,38.8694],[-107.01552,38.86944],[-107.01561,38.86947],[-107.01569,38.86949],[-107.01577,38.8695],[-107.01585,38.86951],[-107.01593,38.86951],[-107.016,38.86952],[-107.01635,38.86953],[-107.01657,38.86954],[-107.01666,38.86955],[-107.01677,38.86955],[-107.01686,38.86955],[-107.01692,38.86955],[-107.01702,38.86954],[-107.01707,38.86954],[-107.01716,38.86953],[-107.01731,38.86949],[-107.01745,38.86947],[-107.01761,38.86944],[-107.01787,38.86942],[-107.01809,38.86942],[-107.01829,38.86941],[-107.01832,38.86941],[-107.01863,38.86939],[-107.01878,38.86937],[-107.01896,38.86935],[-107.01924,38.86931],[-107.01942,38.86928],[-107.01961,38.86923],[-107.01967,38.86921],[-107.01988,38.86915],[-107.01999,38.86911],[-107.02026,38.86901],[-107.02031,38.86899],[-107.02072,38.86884],[-107.02078,38.86882],[-107.02114,38.86868],[-107.02135,38.86861],[-107.02147,38.86856],[-107.02181,38.86844],[-107.02207,38.86833],[-107.02259,38.86812],[-107.02329,38.86783],[-107.02367,38.86765],[-107.02386,38.86756],[-107.02404,38.86745],[-107.02416,38.86737],[-107.02418,38.86736],[-107.0243,38.86727],[-107.02433,38.86725],[-107.0244,38.8672],[-107.02448,38.86713],[-107.02458,38.86706],[-107.02474,38.86697],[-107.02482,38.86693],[-107.02486,38.86691],[-107.02489,38.8669],[-107.02507,38.86684],[-107.02529,38.86678],[-107.02567,38.86669],[-107.02604,38.8666],[-107.02618,38.86657],[-107.02634,38.86654],[-107.0264,38.86652],[-107.02649,38.8665],[-107.02662,38.86647],[-107.02683,38.86642],[-107.02702,38.86636],[-107.02717,38.86631],[-107.02727,38.86628],[-107.02734,38.86625],[-107.02751,38.86617],[-107.02764,38.86612],[-107.02773,38.86608],[-107.02791,38.86601],[-107.02809,38.86595],[-107.02833,38.86588],[-107.02852,38.86582],[-107.02881,38.86573],[-107.02907,38.86563],[-107.02915,38.8656],[-107.02933,38.86552],[-107.02974,38.8653],[-107.02993,38.86521],[-107.03003,38.86515],[-107.0303,38.86502],[-107.03032,38.86501],[-107.03051,38.86492],[-107.03056,38.8649],[-107.03077,38.8648],[-107.03092,38.86475],[-107.03094,38.86474],[-107.03108,38.8647],[-107.03124,38.86466],[-107.03143,38.86462],[-107.03158,38.86458],[-107.03191,38.86451],[-107.03202,38.86448],[-107.03281,38.86427],[-107.03306,38.86421],[-107.03333,38.86414],[-107.03352,38.86409],[-107.03375,38.86403],[-107.03393,38.86398],[-107.03416,38.86391],[-107.03449,38.8638],[-107.03463,38.86376],[-107.03489,38.8637],[-107.03511,38.86365],[-107.0353,38.86361],[-107.0354,38.86358],[-107.03555,38.86355],[-107.03572,38.8635],[-107.03586,38.86345],[-107.03594,38.86341],[-107.03608,38.86336],[-107.03632,38.86325],[-107.03651,38.86317],[-107.03655,38.86315],[-107.03668,38.8631],[-107.03676,38.86308],[-107.03682,38.86307],[-107.03691,38.86304],[-107.03703,38.86302],[-107.03715,38.863],[-107.03732,38.86299],[-107.03759,38.86297],[-107.03767,38.86297],[-107.03796,38.86295],[-107.03836,38.86294],[-107.03858,38.86293],[-107.03859,38.86293],[-107.03871,38.86293],[-107.0388,38.86292],[-107.03893,38.8629],[-107.03904,38.86287],[-107.03918,38.86284],[-107.03936,38.86278],[-107.0396,38.86271],[-107.03978,38.86266],[-107.03991,38.86263],[-107.03998,38.86261],[-107.0401,38.86259],[-107.04017,38.86258],[-107.04032,38.86257],[-107.04049,38.86258],[-107.04068,38.86259],[-107.0408,38.8626],[-107.04083,38.8626],[-107.04089,38.8626],[-107.04099,38.86259],[-107.04111,38.86258],[-107.04135,38.86254],[-107.04144,38.86253],[-107.04151,38.86252],[-107.04156,38.86252],[-107.04167,38.86252],[-107.04179,38.86253],[-107.04197,38.86254],[-107.04212,38.86255],[-107.0422,38.86255],[-107.04223,38.86255],[-107.04237,38.86255],[-107.04243,38.86255],[-107.04247,38.86255],[-107.04259,38.86255],[-107.04277,38.86254],[-107.04306,38.86252],[-107.04313,38.86252],[-107.04337,38.86251],[-107.04359,38.8625],[-107.04377,38.86249],[-107.04388,38.86249],[-107.044,38.8625],[-107.04405,38.86251],[-107.0441,38.86252],[-107.04416,38.86253],[-107.04423,38.86255],[-107.04427,38.86257],[-107.04432,38.86259],[-107.04439,38.86262],[-107.04444,38.86264],[-107.04453,38.86269],[-107.04462,38.86274],[-107.04466,38.86275],[-107.04468,38.86276],[-107.04476,38.8628],[-107.04483,38.86282],[-107.04491,38.86284],[-107.04496,38.86286],[-107.04501,38.86287],[-107.04508,38.86288],[-107.04513,38.86288],[-107.04519,38.86289],[-107.04525,38.86289],[-107.04532,38.86289],[-107.04539,38.86288],[-107.04551,38.86287],[-107.04564,38.86284],[-107.04576,38.8628],[-107.04578,38.8628],[-107.04586,38.86276],[-107.04596,38.86269],[-107.04621,38.86253],[-107.04636,38.86242],[-107.04648,38.86235],[-107.04651,38.86233],[-107.04667,38.86225],[-107.0467,38.86223],[-107.0468,38.86218],[-107.04692,38.86212],[-107.04705,38.86204],[-107.04706,38.86203],[-107.04714,38.86198],[-107.0472,38.86191],[-107.04723,38.86188],[-107.04736,38.86171],[-107.04743,38.86159],[-107.04748,38.86152],[-107.04764,38.86127],[-107.04771,38.86115],[-107.04782,38.86098],[-107.04789,38.86091],[-107.04796,38.86084],[-107.04799,38.86081],[-107.04801,38.86079],[-107.04809,38.86073],[-107.04816,38.86069],[-107.04828,38.86064],[-107.04843,38.86059],[-107.04854,38.86056],[-107.04873,38.86051],[-107.04895,38.86047],[-107.04907,38.86045],[-107.04922,38.86044],[-107.04926,38.86044],[-107.04944,38.86042],[-107.04956,38.86042],[-107.04968,38.86039],[-107.04971,38.86038],[-107.04979,38.86035],[-107.04989,38.86031],[-107.05,38.86025],[-107.05009,38.86018],[-107.05009,38.86017],[-107.05015,38.86011],[-107.05031,38.85987],[-107.05043,38.85971],[-107.05052,38.85958],[-107.05062,38.85944],[-107.05073,38.85926],[-107.05075,38.85923],[-107.05086,38.85902],[-107.05098,38.85884],[-107.05105,38.85875],[-107.05111,38.85868],[-107.05133,38.85842],[-107.05149,38.85827],[-107.05183,38.85804],[-107.05206,38.85791],[-107.05227,38.85782],[-107.05245,38.85771],[-107.05252,38.85765],[-107.05254,38.85764],[-107.05261,38.85757],[-107.05268,38.8575],[-107.05277,38.85738],[-107.05285,38.85726],[-107.05289,38.85718],[-107.05298,38.85703],[-107.05303,38.85694],[-107.05308,38.85685],[-107.05309,38.85684],[-107.05319,38.85671],[-107.05326,38.85664],[-107.05335,38.85656],[-107.05344,38.85649],[-107.05353,38.85642],[-107.05364,38.85634],[-107.05378,38.85626],[-107.0539,38.85621],[-107.05402,38.85617],[-107.0541,38.85616],[-107.05422,38.85615],[-107.0543,38.85615],[-107.05443,38.85616],[-107.05455,38.85618],[-107.05456,38.85618],[-107.05473,38.85622],[-107.05477,38.85624],[-107.0551,38.85635],[-107.05519,38.85639],[-107.05531,38.85645],[-107.05546,38.85655],[-107.05561,38.85663],[-107.05576,38.85669],[-107.05578,38.85669],[-107.05597,38.85673],[-107.05617,38.85673],[-107.0564,38.85674],[-107.05645,38.85674],[-107.05691,38.85677],[-107.05711,38.85679],[-107.05742,38.85683],[-107.05759,38.85686],[-107.05769,38.85687],[-107.05782,38.85689],[-107.05799,38.85691],[-107.05843,38.85694],[-107.05865,38.85693],[-107.05882,38.85692],[-107.05897,38.85692],[-107.05902,38.85692],[-107.0592,38.85692],[-107.05923,38.85692],[-107.05949,38.8569],[-107.05972,38.85687],[-107.05995,38.85684],[-107.06012,38.85681],[-107.06032,38.85677],[-107.06058,38.85671],[-107.06061,38.8567],[-107.06106,38.85656],[-107.06151,38.85638],[-107.06185,38.85626],[-107.06206,38.85619],[-107.06217,38.85615],[-107.06241,38.85607],[-107.06264,38.856],[-107.0627,38.85599],[-107.06282,38.85596],[-107.06301,38.85593],[-107.06335,38.85588],[-107.06368,38.85583],[-107.06403,38.85577],[-107.06405,38.85577],[-107.06437,38.85572],[-107.06467,38.85568],[-107.06509,38.85563],[-107.0655,38.85558],[-107.06565,38.85557],[-107.06579,38.85556],[-107.06604,38.85555],[-107.0664,38.85554],[-107.06665,38.85555],[-107.06703,38.85557],[-107.0673,38.8556],[-107.06733,38.8556],[-107.06772,38.85564],[-107.06788,38.85565],[-107.06832,38.85569],[-107.06841,38.8557],[-107.06862,38.85571],[-107.06918,38.85573],[-107.06944,38.85574],[-107.06987,38.85578],[-107.07048,38.85585],[-107.07053,38.85585],[-107.07093,38.85591],[-107.07126,38.85594],[-107.07139,38.85595],[-107.07153,38.85596],[-107.07185,38.85596],[-107.07211,38.85594],[-107.07242,38.85591],[-107.073,38.85585],[-107.07343,38.8558],[-107.07385,38.85575],[-107.07503,38.8556],[-107.07529,38.85557],[-107.07548,38.85553],[-107.07568,38.85548],[-107.07589,38.85542],[-107.07614,38.85533],[-107.07615,38.85533],[-107.07635,38.85525],[-107.07672,38.8551],[-107.07715,38.85492],[-107.07778,38.85466],[-107.07802,38.85456],[-107.07831,38.85445],[-107.07851,38.85439],[-107.07861,38.85436],[-107.07867,38.85434],[-107.07879,38.85431],[-107.07899,38.85428],[-107.07921,38.85426],[-107.07929,38.85426],[-107.07998,38.85424],[-107.08068,38.85422],[-107.08215,38.85418],[-107.08229,38.85418],[-107.08292,38.85416],[-107.08327,38.85415],[-107.08345,38.85416],[-107.08381,38.85417],[-107.0842,38.8542],[-107.08463,38.85424],[-107.08504,38.85427],[-107.08541,38.8543],[-107.08598,38.85433],[-107.08603,38.85433],[-107.08667,38.85437],[-107.08671,38.85437],[-107.08728,38.8544],[-107.0877,38.85442],[-107.0881,38.85445],[-107.08836,38.85448],[-107.08863,38.85452],[-107.08873,38.85453],[-107.08879,38.85455],[-107.08895,38.85458],[-107.089,38.85459],[-107.08917,38.85464],[-107.08931,38.8547],[-107.08944,38.85475],[-107.08973,38.85488],[-107.08996,38.85499],[-107.09029,38.85517],[-107.09091,38.85553],[-107.0912,38.85569],[-107.09188,38.85608],[-107.09203,38.85616],[-107.09245,38.8564],[-107.09314,38.85681],[-107.09314,38.85682],[-107.09332,38.85692],[-107.09351,38.85703],[-107.09378,38.85718],[-107.09388,38.85724],[-107.09397,38.85729],[-107.09417,38.85738],[-107.09439,38.85746],[-107.09464,38.85754],[-107.09476,38.85756],[-107.0949,38.85759],[-107.09505,38.8576],[-107.09524,38.85759],[-107.09537,38.85756],[-107.09559,38.85751],[-107.09583,38.85743],[-107.09608,38.85732],[-107.09613,38.85729],[-107.09629,38.85718],[-107.09631,38.85717],[-107.09639,38.85711],[-107.09657,38.85694],[-107.09671,38.85676],[-107.09677,38.85666],[-107.09681,38.85658],[-107.09682,38.85655],[-107.09687,38.85641],[-107.09688,38.85636],[-107.09691,38.85625],[-107.09692,38.85613],[-107.09693,38.8559],[-107.09693,38.85587],[-107.09691,38.85569],[-107.09687,38.85545],[-107.09685,38.85533],[-107.09683,38.85523],[-107.09681,38.85509],[-107.09679,38.85498],[-107.09676,38.85473],[-107.09674,38.85462],[-107.09673,38.85444],[-107.09675,38.85426],[-107.09679,38.85405],[-107.09681,38.85391],[-107.09685,38.85379],[-107.0969,38.85366],[-107.09696,38.85353],[-107.09703,38.85339],[-107.09704,38.85337],[-107.09714,38.85323],[-107.09722,38.85311],[-107.09734,38.85294],[-107.0975,38.85277],[-107.09763,38.85264],[-107.09765,38.85262],[-107.09778,38.85251],[-107.0978,38.85249],[-107.09788,38.85242],[-107.09799,38.85234],[-107.09811,38.85225],[-107.09819,38.85219],[-107.09841,38.85203],[-107.09859,38.8519],[-107.09861,38.85188],[-107.09868,38.85183],[-107.09876,38.85175],[-107.09876,38.85174],[-107.09884,38.85166],[-107.09891,38.85156],[-107.09897,38.85147],[-107.09902,38.85137],[-107.09905,38.85128],[-107.09909,38.85115],[-107.09911,38.85109],[-107.09913,38.85102],[-107.09917,38.85093],[-107.09918,38.85092],[-107.09924,38.85083],[-107.09931,38.85073],[-107.09941,38.85061],[-107.09952,38.8505],[-107.09964,38.85038],[-107.09969,38.85032],[-107.09972,38.85029],[-107.09982,38.85018],[-107.09982,38.85017],[-107.09992,38.85004],[-107.09994,38.85002],[-107.1,38.84993],[-107.10003,38.84989],[-107.10007,38.84987],[-107.10007,38.84986],[-107.10011,38.84985],[-107.10014,38.84984],[-107.10018,38.84983],[-107.10024,38.84983],[-107.1003,38.84984],[-107.10035,38.84986],[-107.10044,38.84989],[-107.1005,38.84991],[-107.10056,38.84992],[-107.10066,38.84994],[-107.10075,38.84995],[-107.10085,38.84995],[-107.10094,38.84994],[-107.10112,38.84993],[-107.10132,38.84991],[-107.10146,38.8499],[-107.10165,38.8499],[-107.10186,38.84989],[-107.10205,38.84987],[-107.1022,38.84986],[-107.10233,38.84984],[-107.10237,38.84984],[-107.10268,38.8498],[-107.10297,38.84976],[-107.10347,38.84969],[-107.10369,38.84965],[-107.10378,38.84965],[-107.10386,38.84965],[-107.10394,38.84965],[-107.10407,38.84967],[-107.10416,38.8497],[-107.10427,38.84975],[-107.10435,38.84979],[-107.10437,38.8498],[-107.10444,38.84984],[-107.10451,38.84989],[-107.10459,38.84994],[-107.10465,38.84998],[-107.10473,38.85006],[-107.10478,38.85012],[-107.10485,38.85023],[-107.1049,38.85032],[-107.105,38.85048],[-107.10502,38.8505],[-107.1051,38.85062],[-107.10523,38.85077],[-107.10534,38.85088],[-107.10542,38.85094],[-107.10549,38.85099],[-107.10589,38.85129],[-107.10602,38.85139],[-107.10614,38.85149],[-107.10623,38.85158],[-107.10634,38.85168],[-107.10649,38.85184],[-107.10659,38.85195],[-107.10674,38.8521],[-107.10679,38.85215],[-107.1069,38.85225],[-107.10708,38.85239],[-107.10721,38.8525],[-107.10726,38.85255],[-107.10731,38.85259],[-107.10739,38.85267],[-107.10752,38.85279],[-107.10765,38.85292],[-107.10769,38.85297],[-107.1079,38.8532],[-107.1081,38.85341],[-107.10811,38.85342],[-107.10823,38.85355],[-107.1084,38.85373],[-107.10866,38.854],[-107.10878,38.85416],[-107.10894,38.85435],[-107.10902,38.85444],[-107.1091,38.85452],[-107.10923,38.85465],[-107.10931,38.85472],[-107.10977,38.85513],[-107.10984,38.85519],[-107.11006,38.8554],[-107.11023,38.85555],[-107.11036,38.85568],[-107.11058,38.85587],[-107.11066,38.85595],[-107.11075,38.85602],[-107.11089,38.85616],[-107.11096,38.85622],[-107.11101,38.85628],[-107.1111,38.85639],[-107.11118,38.85649],[-107.11118,38.8565],[-107.11124,38.8566],[-107.11135,38.85683],[-107.11136,38.85686],[-107.11146,38.85704],[-107.11158,38.85721],[-107.11177,38.8574],[-107.1122,38.85777],[-107.11238,38.85793],[-107.11239,38.85794],[-107.1125,38.85806],[-107.11259,38.85816],[-107.11267,38.85827],[-107.11272,38.85836],[-107.11276,38.85846],[-107.1128,38.85857],[-107.11281,38.8586],[-107.11285,38.85875],[-107.11289,38.85888],[-107.11293,38.859],[-107.11299,38.85914],[-107.11306,38.85927],[-107.11315,38.85941],[-107.11324,38.85954],[-107.11338,38.85971],[-107.11351,38.85988],[-107.11361,38.86005],[-107.11371,38.86025],[-107.11378,38.86041],[-107.11383,38.86054],[-107.11387,38.86067],[-107.11391,38.86086],[-107.11392,38.86091],[-107.11394,38.86103],[-107.11397,38.86113],[-107.114,38.86124],[-107.11403,38.86132],[-107.11406,38.86139],[-107.11409,38.86143],[-107.11411,38.86146],[-107.11416,38.86153],[-107.11422,38.86158],[-107.11423,38.86159],[-107.11431,38.86164],[-107.1144,38.86169],[-107.1145,38.86173],[-107.1146,38.86175],[-107.11469,38.86177],[-107.11479,38.86179],[-107.11484,38.8618],[-107.11489,38.8618],[-107.115,38.86179],[-107.11515,38.86177],[-107.11528,38.86172],[-107.11536,38.86169],[-107.11539,38.86168],[-107.11554,38.86158],[-107.11558,38.86156],[-107.11566,38.86149],[-107.11572,38.86141],[-107.11576,38.86133],[-107.1158,38.86125],[-107.11582,38.86111],[-107.1158,38.86097],[-107.11578,38.86093],[-107.11575,38.86086],[-107.11569,38.86077],[-107.11565,38.86071],[-107.11558,38.86055],[-107.11553,38.86043],[-107.11552,38.86041],[-107.11552,38.86029],[-107.11554,38.86021],[-107.11557,38.86014],[-107.11564,38.86005],[-107.11571,38.85999],[-107.11577,38.85995],[-107.11583,38.85991],[-107.11597,38.85986],[-107.1161,38.85985],[-107.1162,38.85984],[-107.11623,38.85984],[-107.11632,38.85984],[-107.11639,38.85985],[-107.11646,38.85987],[-107.11652,38.85989],[-107.11659,38.85994],[-107.11662,38.85996],[-107.11665,38.85999],[-107.11671,38.86005],[-107.11675,38.86011],[-107.11676,38.86012],[-107.1168,38.86021],[-107.11683,38.86028],[-107.11686,38.86036],[-107.11691,38.86053],[-107.11695,38.86062],[-107.11698,38.86071],[-107.11701,38.8608],[-107.11704,38.86091],[-107.11709,38.86103],[-107.11713,38.86114],[-107.11714,38.86117],[-107.11718,38.86132],[-107.11723,38.86152],[-107.11725,38.86166],[-107.11726,38.8618],[-107.11726,38.86203],[-107.11726,38.86207],[-107.11726,38.86226],[-107.11727,38.86246],[-107.11729,38.86253],[-107.11732,38.86258],[-107.11736,38.86263],[-107.11737,38.86265],[-107.11742,38.86269],[-107.11747,38.86274],[-107.11751,38.86276],[-107.11754,38.86279],[-107.1176,38.86283],[-107.11767,38.86288],[-107.11777,38.86293],[-107.11795,38.86299],[-107.1181,38.86304],[-107.11811,38.86304],[-107.1183,38.8631],[-107.11851,38.86319],[-107.11869,38.86328],[-107.11905,38.86352],[-107.11918,38.86361],[-107.11935,38.86372],[-107.1194,38.86374],[-107.11951,38.8638],[-107.11966,38.86387],[-107.11979,38.86394],[-107.11983,38.86396],[-107.11998,38.86404],[-107.12008,38.86411],[-107.12015,38.86416],[-107.12017,38.86418],[-107.12029,38.86428],[-107.12047,38.86442],[-107.12053,38.86447],[-107.12058,38.86451],[-107.12066,38.86456],[-107.12077,38.8646],[-107.12089,38.86464],[-107.12099,38.86467],[-107.12104,38.86467],[-107.12112,38.86469],[-107.12126,38.86469],[-107.12127,38.86469],[-107.12139,38.86469],[-107.12149,38.86468],[-107.12156,38.86466],[-107.12164,38.86464],[-107.12171,38.86461],[-107.12176,38.86458],[-107.12182,38.86452],[-107.12196,38.86431],[-107.12199,38.86428],[-107.12209,38.86416],[-107.12214,38.86409],[-107.12225,38.86394],[-107.12234,38.86381],[-107.12241,38.86368],[-107.12242,38.86367],[-107.12251,38.86351],[-107.12261,38.86335],[-107.12269,38.86319],[-107.1227,38.86319],[-107.12278,38.86306],[-107.1228,38.86303],[-107.12285,38.86296],[-107.12291,38.86289],[-107.12298,38.86282],[-107.12306,38.86274],[-107.12307,38.86273],[-107.12326,38.86256],[-107.12337,38.86246],[-107.12343,38.86241],[-107.12359,38.86226],[-107.12375,38.86209],[-107.1238,38.86204],[-107.12388,38.86195],[-107.12402,38.86179],[-107.12421,38.86159],[-107.1243,38.86149],[-107.12439,38.86142],[-107.1245,38.86137],[-107.12459,38.86135],[-107.12469,38.86134],[-107.12476,38.86134],[-107.12489,38.86134],[-107.12511,38.86134],[-107.12534,38.8613],[-107.12559,38.86124],[-107.12566,38.86122],[-107.12579,38.86117],[-107.12599,38.86111],[-107.1261,38.86106],[-107.12619,38.86102],[-107.12633,38.86095],[-107.12646,38.86086],[-107.12664,38.86076],[-107.12681,38.86067],[-107.12695,38.8606],[-107.12709,38.8605],[-107.12719,38.86043],[-107.12723,38.8604],[-107.12737,38.86031],[-107.12751,38.86023],[-107.12763,38.86014],[-107.12774,38.86002],[-107.12784,38.85991],[-107.12794,38.85976],[-107.12802,38.85965],[-107.12805,38.8596],[-107.12811,38.85952],[-107.12818,38.85943],[-107.12831,38.85928],[-107.12843,38.85916],[-107.12844,38.85916],[-107.12858,38.85905],[-107.1287,38.85895],[-107.12877,38.8589],[-107.129,38.85872],[-107.12921,38.85856],[-107.12942,38.85839],[-107.12956,38.85828],[-107.12986,38.85808],[-107.13,38.85799],[-107.13012,38.85792],[-107.13015,38.8579],[-107.13032,38.8578],[-107.13045,38.85772],[-107.13057,38.85764],[-107.13065,38.85758],[-107.13067,38.85756],[-107.13081,38.85745],[-107.13092,38.85734],[-107.13102,38.85724],[-107.13112,38.85716],[-107.13123,38.8571],[-107.13129,38.85707],[-107.13131,38.85706],[-107.13139,38.85703],[-107.13147,38.85702],[-107.13151,38.85701],[-107.13155,38.85701],[-107.13166,38.857],[-107.13178,38.85701],[-107.13199,38.85703],[-107.1322,38.85706],[-107.13225,38.85706],[-107.13243,38.85708],[-107.1326,38.85708],[-107.13266,38.85708],[-107.13276,38.85708],[-107.13291,38.85706],[-107.13304,38.85704],[-107.1332,38.85702],[-107.1333,38.857],[-107.1334,38.857],[-107.13347,38.857],[-107.13354,38.85702],[-107.13357,38.85703],[-107.13361,38.85704],[-107.13366,38.85706],[-107.13376,38.85709],[-107.13384,38.85712],[-107.13391,38.85713],[-107.13397,38.85713],[-107.13401,38.85713],[-107.13405,38.85713],[-107.13411,38.8571],[-107.13416,38.85706],[-107.13421,38.85702],[-107.13426,38.85697],[-107.13431,38.85689],[-107.13437,38.85682],[-107.13444,38.85675],[-107.13452,38.8567],[-107.13461,38.85665],[-107.1347,38.85661],[-107.13482,38.85656],[-107.13494,38.85653],[-107.13506,38.85649],[-107.13519,38.85647],[-107.13535,38.85644],[-107.13549,38.85644],[-107.13561,38.85643],[-107.1357,38.85644],[-107.1358,38.85645],[-107.13591,38.85648],[-107.13598,38.8565],[-107.13605,38.85653],[-107.13611,38.85656],[-107.13621,38.85661],[-107.13628,38.85665],[-107.13635,38.85669],[-107.13637,38.85669],[-107.13641,38.85671],[-107.13644,38.85672],[-107.13648,38.85673],[-107.13651,38.85674],[-107.13655,38.85674],[-107.13658,38.85673],[-107.1366,38.85673],[-107.13664,38.85672],[-107.13669,38.8567],[-107.13674,38.85668],[-107.13678,38.85666],[-107.13687,38.85663],[-107.13701,38.85658],[-107.1372,38.85654],[-107.13721,38.85653],[-107.13733,38.85651],[-107.13744,38.85649],[-107.13748,38.85649],[-107.13763,38.85648],[-107.13767,38.85648],[-107.13788,38.85647],[-107.13809,38.85646],[-107.13813,38.85646],[-107.13823,38.85646],[-107.13838,38.85647],[-107.13854,38.85647],[-107.13864,38.85647],[-107.13872,38.85648],[-107.13888,38.85649],[-107.13898,38.85651],[-107.13915,38.85654],[-107.13931,38.85656],[-107.13945,38.85657],[-107.1396,38.85659],[-107.13971,38.8566],[-107.13981,38.8566],[-107.13992,38.85658],[-107.14003,38.85656],[-107.14018,38.85653],[-107.14026,38.85651],[-107.14032,38.85649],[-107.14047,38.85644],[-107.14057,38.85641],[-107.14067,38.85639],[-107.14069,38.85639],[-107.14077,38.85638],[-107.14089,38.85638],[-107.14101,38.85638],[-107.14113,38.8564],[-107.14125,38.85643],[-107.14129,38.85644],[-107.14133,38.85645],[-107.14145,38.85648],[-107.14159,38.85651],[-107.1417,38.85654],[-107.14174,38.85654],[-107.1418,38.85654],[-107.14191,38.85655],[-107.14205,38.85655],[-107.14223,38.85656],[-107.14241,38.85657],[-107.14243,38.85657],[-107.14257,38.85659],[-107.14265,38.8566],[-107.14269,38.85661],[-107.14282,38.85665],[-107.14287,38.85666],[-107.14295,38.85668],[-107.14302,38.85671],[-107.14309,38.85674],[-107.14319,38.85679],[-107.14331,38.85685],[-107.14347,38.85693],[-107.14363,38.857],[-107.14372,38.85703],[-107.14381,38.85706],[-107.14388,38.85708],[-107.14395,38.8571],[-107.14404,38.85712],[-107.14411,38.85713],[-107.1442,38.85713],[-107.14434,38.85713],[-107.14449,38.85713],[-107.14465,38.85713],[-107.1448,38.85714],[-107.14482,38.85714],[-107.14495,38.85716],[-107.14509,38.85717],[-107.14524,38.85719],[-107.14538,38.85719],[-107.14553,38.85717],[-107.14563,38.85714],[-107.14577,38.85708],[-107.14584,38.85703],[-107.1459,38.85697],[-107.14599,38.85685],[-107.14607,38.85673],[-107.14614,38.85664],[-107.1462,38.85658],[-107.14628,38.8565],[-107.14629,38.8565],[-107.14637,38.85645],[-107.14645,38.85642],[-107.14655,38.85641],[-107.14665,38.85639],[-107.14671,38.85639],[-107.14679,38.85638],[-107.14694,38.85638],[-107.14695,38.85638],[-107.14711,38.85638],[-107.14729,38.85639],[-107.14752,38.8564],[-107.14764,38.8564],[-107.1478,38.8564],[-107.14795,38.8564],[-107.1481,38.8564],[-107.14822,38.85639],[-107.14835,38.85637],[-107.14848,38.85637],[-107.14862,38.85637],[-107.14876,38.85636],[-107.1489,38.85637],[-107.14898,38.85638],[-107.14909,38.85639],[-107.1492,38.8564],[-107.14925,38.85641],[-107.14931,38.85642],[-107.1494,38.85644],[-107.14947,38.85646],[-107.14956,38.85648],[-107.14967,38.85651],[-107.14979,38.85655],[-107.14991,38.85659],[-107.15011,38.85667],[-107.15037,38.85676],[-107.15051,38.85681],[-107.15063,38.85684],[-107.15073,38.85686],[-107.15083,38.85687],[-107.15099,38.85688],[-107.15119,38.85688],[-107.15135,38.85689],[-107.15148,38.8569],[-107.15158,38.85692],[-107.15165,38.85694],[-107.15166,38.85695],[-107.15172,38.85697],[-107.15181,38.85702],[-107.15193,38.85708],[-107.15207,38.85716],[-107.1522,38.85723],[-107.15235,38.85729],[-107.15247,38.85732],[-107.15259,38.85735],[-107.15267,38.85736],[-107.15276,38.85738],[-107.15297,38.85744],[-107.1531,38.85749],[-107.1532,38.85754],[-107.15332,38.8576],[-107.15346,38.85769],[-107.15348,38.8577],[-107.15379,38.85788],[-107.15414,38.85808],[-107.15439,38.85824],[-107.1547,38.85844],[-107.15475,38.85847],[-107.15498,38.85863],[-107.1551,38.85871],[-107.15525,38.85884],[-107.1554,38.85897],[-107.1554,38.85898],[-107.15552,38.85911],[-107.15566,38.85928],[-107.15567,38.8593],[-107.15577,38.85941],[-107.15589,38.85954],[-107.15604,38.85966],[-107.15609,38.8597],[-107.15617,38.85974],[-107.15627,38.85981],[-107.15637,38.85987],[-107.15657,38.85999],[-107.15695,38.8602],[-107.15718,38.86032],[-107.15732,38.86038],[-107.15741,38.86042],[-107.15754,38.86045],[-107.15763,38.86045],[-107.15771,38.86044],[-107.15782,38.86044],[-107.15793,38.86043],[-107.15802,38.86042],[-107.15809,38.86043],[-107.15818,38.86045],[-107.15829,38.86049],[-107.15835,38.86055],[-107.15844,38.86063],[-107.1585,38.86069],[-107.15858,38.86077],[-107.15863,38.86082],[-107.15869,38.86086],[-107.15879,38.86092],[-107.15888,38.86095],[-107.15897,38.86098],[-107.15908,38.86102],[-107.15923,38.86105],[-107.15935,38.86109],[-107.15948,38.86115],[-107.1596,38.86121],[-107.15971,38.86127],[-107.15984,38.86136],[-107.15996,38.86144],[-107.16013,38.86156],[-107.16028,38.86165],[-107.16045,38.86176],[-107.16049,38.86178],[-107.16063,38.86186],[-107.16083,38.86196],[-107.16107,38.86205],[-107.1612,38.86208],[-107.16137,38.86211],[-107.16194,38.86219],[-107.16224,38.86224],[-107.16254,38.86229],[-107.16271,38.86232],[-107.1629,38.86237],[-107.16306,38.86242],[-107.1632,38.86248],[-107.16336,38.86255],[-107.16359,38.86266],[-107.16383,38.86277],[-107.16391,38.86281],[-107.16399,38.86284],[-107.16413,38.86292],[-107.16427,38.86299],[-107.16439,38.86309],[-107.16457,38.8633],[-107.16464,38.86347],[-107.16469,38.86361],[-107.16472,38.86374],[-107.16473,38.86385],[-107.16471,38.86392],[-107.1647,38.86397],[-107.16466,38.86406],[-107.16464,38.8641],[-107.1646,38.86418],[-107.16451,38.86452],[-107.1645,38.86462],[-107.16449,38.86468],[-107.16449,38.8648],[-107.16451,38.86493],[-107.16456,38.86501],[-107.16467,38.8651],[-107.16469,38.86511],[-107.16476,38.86514],[-107.16489,38.86519],[-107.1649,38.86519],[-107.16506,38.86527],[-107.16525,38.86539],[-107.16534,38.86548],[-107.16542,38.86554],[-107.16545,38.86556],[-107.16555,38.86562],[-107.1656,38.86565],[-107.16565,38.86567],[-107.16582,38.86574],[-107.16593,38.86581],[-107.16599,38.86585],[-107.16604,38.86593],[-107.16604,38.86597],[-107.16604,38.86602],[-107.16604,38.86603],[-107.16604,38.86614],[-107.16603,38.86625],[-107.16603,38.86637],[-107.16606,38.86644],[-107.16612,38.86654],[-107.16616,38.86662],[-107.16624,38.86673],[-107.16635,38.86683],[-107.16645,38.86688],[-107.1666,38.86692],[-107.16678,38.86696],[-107.16702,38.86701],[-107.16707,38.86702],[-107.16725,38.86703],[-107.16729,38.86703],[-107.16746,38.86704],[-107.16767,38.86707],[-107.16779,38.86711],[-107.16787,38.86716],[-107.1679,38.86718],[-107.16796,38.86722],[-107.16801,38.86727],[-107.16806,38.86733],[-107.16808,38.86738],[-107.16811,38.86749],[-107.16813,38.86765],[-107.16815,38.86777],[-107.16817,38.86784],[-107.16818,38.86787],[-107.16827,38.86815],[-107.16828,38.86819],[-107.16833,38.86837],[-107.16841,38.86865],[-107.16844,38.86872],[-107.16849,38.86885],[-107.16852,38.86888],[-107.16857,38.86895],[-107.16871,38.86912],[-107.16879,38.86917],[-107.16887,38.86923],[-107.16906,38.86946],[-107.16914,38.86956],[-107.16925,38.86979],[-107.16927,38.86982],[-107.16936,38.86994],[-107.16941,38.87],[-107.1695,38.87009],[-107.16955,38.87014],[-107.16965,38.87022],[-107.16969,38.87025],[-107.16983,38.87034],[-107.16984,38.87034],[-107.16998,38.87041],[-107.17003,38.87042],[-107.17009,38.87044],[-107.17021,38.87046],[-107.17025,38.87047],[-107.17046,38.87053],[-107.17047,38.87053],[-107.17064,38.87058],[-107.17069,38.87059],[-107.17076,38.87062],[-107.17083,38.87066],[-107.17088,38.87068],[-107.17089,38.87069],[-107.17092,38.87071],[-107.17094,38.87074],[-107.17096,38.87078],[-107.17097,38.87082],[-107.17096,38.87085],[-107.17096,38.87088],[-107.17093,38.87102],[-107.17093,38.87103],[-107.1709,38.87119],[-107.17089,38.8712],[-107.17086,38.87133],[-107.17086,38.8714],[-107.17086,38.87142],[-107.17089,38.87147],[-107.17091,38.8715],[-107.17096,38.87153],[-107.17105,38.8716],[-107.17113,38.87164],[-107.17118,38.87165],[-107.17123,38.87165],[-107.17135,38.87165],[-107.17138,38.87165],[-107.17159,38.87165],[-107.17162,38.87166],[-107.17178,38.8717],[-107.17182,38.87172],[-107.17203,38.87179],[-107.17224,38.87186],[-107.17225,38.87186],[-107.17244,38.87192],[-107.17246,38.87193],[-107.17264,38.87202],[-107.17265,38.87203],[-107.17269,38.87206],[-107.17271,38.8721],[-107.17275,38.87218],[-107.17275,38.87219],[-107.17278,38.8724],[-107.17281,38.87249],[-107.17286,38.87259],[-107.17295,38.87269],[-107.17305,38.8728],[-107.17317,38.87291],[-107.17327,38.87299],[-107.17339,38.87305],[-107.17354,38.87311],[-107.17364,38.87315],[-107.17372,38.87317],[-107.17397,38.87335],[-107.17413,38.87347],[-107.17416,38.8735],[-107.1742,38.87355],[-107.17425,38.87363],[-107.17428,38.87371],[-107.17428,38.87382],[-107.17427,38.87392],[-107.17425,38.87402],[-107.17425,38.87404],[-107.17426,38.87415],[-107.17429,38.8742],[-107.17431,38.87425],[-107.17441,38.87435],[-107.17445,38.87444],[-107.17448,38.87455],[-107.17451,38.87467],[-107.17454,38.87477],[-107.17459,38.87487],[-107.17467,38.87495],[-107.17475,38.875],[-107.17479,38.87503],[-107.17493,38.87514],[-107.17502,38.87523],[-107.17505,38.87527],[-107.17512,38.87533],[-107.17517,38.87542],[-107.1752,38.87548],[-107.17524,38.87559],[-107.17526,38.87562],[-107.17535,38.87575],[-107.17537,38.87579],[-107.17547,38.87588],[-107.17549,38.87589],[-107.17566,38.87606],[-107.17576,38.87613],[-107.17581,38.87615],[-107.17586,38.87618],[-107.17594,38.8762],[-107.17602,38.8762],[-107.17611,38.8762],[-107.1762,38.87623],[-107.17631,38.87626],[-107.17644,38.87634],[-107.17646,38.87635],[-107.17659,38.87644],[-107.17675,38.8766],[-107.17676,38.87661],[-107.1768,38.87669],[-107.17682,38.87676],[-107.17682,38.87692],[-107.17682,38.87695],[-107.17682,38.87708],[-107.17684,38.8773],[-107.17687,38.87746],[-107.17688,38.87749],[-107.17689,38.87755],[-107.17702,38.87773],[-107.1771,38.8778],[-107.17718,38.87788],[-107.17725,38.87793],[-107.17737,38.87801],[-107.17755,38.87814],[-107.17772,38.87829],[-107.1778,38.87838],[-107.17793,38.87852],[-107.17802,38.87863],[-107.17807,38.87867],[-107.17826,38.87886],[-107.17847,38.87902],[-107.17855,38.87906],[-107.17881,38.87921],[-107.17912,38.87936],[-107.17931,38.87946],[-107.1795,38.87956],[-107.17971,38.87964],[-107.17985,38.8797],[-107.18009,38.8798],[-107.18022,38.87984],[-107.18032,38.87985],[-107.18034,38.87985],[-107.18044,38.87984],[-107.18056,38.87982],[-107.18077,38.87981],[-107.1808,38.87981],[-107.18094,38.87982],[-107.18104,38.87985],[-107.18114,38.8799],[-107.18117,38.87992],[-107.1812,38.87996],[-107.18121,38.87997],[-107.18124,38.88001],[-107.18125,38.8801],[-107.18125,38.88013],[-107.18125,38.88022],[-107.18122,38.8804],[-107.18121,38.88049],[-107.1812,38.88054],[-107.18121,38.88068],[-107.18129,38.88086],[-107.18136,38.881],[-107.18143,38.88116],[-107.18144,38.88117],[-107.18147,38.88129],[-107.18154,38.88152],[-107.18155,38.88159],[-107.18158,38.8817],[-107.18161,38.8819],[-107.18164,38.88206],[-107.18172,38.88226],[-107.18185,38.88247],[-107.18191,38.88255],[-107.18195,38.88262],[-107.18204,38.8827],[-107.18206,38.88271],[-107.18224,38.88286],[-107.18236,38.88294],[-107.18237,38.88295],[-107.18258,38.88308],[-107.18271,38.88317],[-107.18288,38.8833],[-107.18289,38.8833],[-107.18305,38.88339],[-107.1832,38.88345],[-107.18343,38.88352],[-107.18351,38.88354],[-107.18362,38.88357],[-107.18384,38.88363],[-107.184,38.88369],[-107.18414,38.88377],[-107.18426,38.88388],[-107.18435,38.88397],[-107.18445,38.88403],[-107.18451,38.88407],[-107.18465,38.88412],[-107.18474,38.88415],[-107.18494,38.8842],[-107.18511,38.88423],[-107.18528,38.88424],[-107.18532,38.88423],[-107.18553,38.8842],[-107.18554,38.88419],[-107.18569,38.88414],[-107.18585,38.88408],[-107.18605,38.88405],[-107.1862,38.88403],[-107.18626,38.88403],[-107.18642,38.88401],[-107.18643,38.88401],[-107.18654,38.88398],[-107.18671,38.88392],[-107.18687,38.88392],[-107.18712,38.88394],[-107.18733,38.88396],[-107.18737,38.88396],[-107.18779,38.88397],[-107.18782,38.88397],[-107.18802,38.88397],[-107.18808,38.88397],[-107.18832,38.884],[-107.18844,38.88401],[-107.18847,38.88403],[-107.18863,38.8841],[-107.18866,38.88413],[-107.18873,38.88419],[-107.1888,38.88428],[-107.18884,38.88444],[-107.18885,38.88463],[-107.18886,38.88468],[-107.18885,38.88481],[-107.18885,38.88486],[-107.18882,38.88499],[-107.1888,38.88514],[-107.18869,38.88544],[-107.18866,38.88551],[-107.18859,38.88566],[-107.18849,38.88585],[-107.18833,38.88607],[-107.18819,38.88622],[-107.18813,38.8863],[-107.18811,38.88641],[-107.18814,38.88652],[-107.18818,38.88663],[-107.18824,38.88672],[-107.18832,38.88681],[-107.18846,38.88691],[-107.18849,38.88692],[-107.18864,38.887],[-107.18877,38.88704],[-107.18891,38.88708],[-107.18895,38.88709],[-107.1891,38.88714],[-107.18927,38.88723],[-107.18967,38.88747],[-107.18971,38.88749],[-107.19001,38.88772],[-107.19009,38.88777],[-107.19036,38.88795],[-107.19037,38.88795],[-107.19063,38.88811],[-107.19073,38.88818],[-107.19078,38.88821],[-107.19095,38.88835],[-107.19103,38.88844],[-107.19109,38.8885],[-107.19116,38.88859],[-107.19118,38.88861],[-107.19138,38.88891],[-107.19145,38.88901],[-107.19155,38.88917],[-107.1916,38.88922],[-107.19171,38.88936],[-107.19172,38.88938],[-107.19192,38.88957],[-107.19249,38.89006],[-107.19255,38.8901],[-107.19267,38.89019],[-107.19272,38.8902],[-107.19273,38.8902],[-107.1928,38.89021],[-107.19296,38.89025],[-107.1931,38.89029],[-107.19316,38.89031],[-107.19317,38.89032],[-107.19323,38.89036],[-107.19329,38.89042],[-107.19334,38.89049],[-107.19337,38.89058],[-107.19339,38.89063],[-107.1934,38.89069],[-107.19346,38.89086],[-107.19351,38.891],[-107.1936,38.8912],[-107.19368,38.8913],[-107.19379,38.89145],[-107.1938,38.89146],[-107.19416,38.89185],[-107.19434,38.89204],[-107.19435,38.89206],[-107.19459,38.89241],[-107.19486,38.89284],[-107.19493,38.89295],[-107.19533,38.89346],[-107.19536,38.8935],[-107.19545,38.89361],[-107.19577,38.89397],[-107.19604,38.89424],[-107.19614,38.89434],[-107.19637,38.89455],[-107.19663,38.89483],[-107.1967,38.89491],[-107.19683,38.89506],[-107.19689,38.89512],[-107.19697,38.8952],[-107.1971,38.89535],[-107.19715,38.8954],[-107.19724,38.89549],[-107.19736,38.89562],[-107.19747,38.8958],[-107.19757,38.89595],[-107.19758,38.89596],[-107.19769,38.89604],[-107.19776,38.89607],[-107.19787,38.89612],[-107.19804,38.89617],[-107.19832,38.89624],[-107.19861,38.8963],[-107.19885,38.89636],[-107.19893,38.89637],[-107.19907,38.89641],[-107.19915,38.89644],[-107.19946,38.89658],[-107.19966,38.89666],[-107.19984,38.89677],[-107.19986,38.89678],[-107.20002,38.89689],[-107.20012,38.897],[-107.2002,38.89711],[-107.20026,38.89721],[-107.20027,38.89723],[-107.20039,38.8974],[-107.20055,38.89754],[-107.2007,38.89765],[-107.20085,38.89775],[-107.20085,38.89776],[-107.20101,38.89782],[-107.20119,38.89787],[-107.20135,38.89793],[-107.20158,38.89799],[-107.20171,38.89803],[-107.20176,38.89804],[-107.20192,38.89807],[-107.20193,38.89807],[-107.20214,38.89809],[-107.20234,38.89809],[-107.20255,38.89809],[-107.20262,38.89809],[-107.20279,38.89808],[-107.20285,38.89808],[-107.20303,38.89808],[-107.20328,38.89807],[-107.20332,38.89807],[-107.20355,38.89807],[-107.20368,38.89807],[-107.20387,38.89806],[-107.2042,38.89805],[-107.20424,38.89804],[-107.20442,38.89803],[-107.20467,38.89803],[-107.20485,38.89802],[-107.20493,38.89801],[-107.20508,38.89799],[-107.20527,38.89795],[-107.20546,38.89792],[-107.20569,38.89787],[-107.20588,38.89781],[-107.20609,38.89778],[-107.20628,38.89777],[-107.20632,38.89776],[-107.20654,38.89777],[-107.20684,38.89779],[-107.20718,38.89779],[-107.2072,38.89779],[-107.20743,38.89779],[-107.20767,38.89775],[-107.20788,38.89771],[-107.2079,38.89771],[-107.20818,38.89767],[-107.20837,38.89765],[-107.20855,38.89765],[-107.20874,38.89765],[-107.2088,38.89766],[-107.20891,38.89766],[-107.20911,38.89769],[-107.20933,38.89771],[-107.20948,38.89774],[-107.20961,38.89776],[-107.20971,38.89777],[-107.20983,38.89778],[-107.21002,38.89779],[-107.21018,38.89778],[-107.21029,38.89777],[-107.21038,38.89775],[-107.21052,38.89771],[-107.2106,38.89766],[-107.21062,38.89765],[-107.21072,38.89756],[-107.21079,38.89748],[-107.21086,38.89738],[-107.21094,38.8973],[-107.211,38.89723],[-107.21102,38.89721],[-107.21112,38.89716],[-107.2112,38.89714],[-107.21124,38.89712],[-107.21139,38.8971],[-107.2116,38.89708],[-107.21175,38.89707],[-107.21194,38.89705],[-107.21211,38.89704],[-107.21213,38.89704],[-107.21229,38.89701],[-107.21236,38.89699],[-107.21244,38.89696],[-107.21253,38.8969],[-107.21257,38.89688],[-107.2127,38.89678],[-107.21286,38.89665],[-107.21303,38.89653],[-107.21304,38.89652],[-107.2132,38.8964],[-107.21322,38.89639],[-107.21337,38.89628],[-107.21354,38.89617],[-107.21355,38.89617],[-107.21374,38.89606],[-107.21395,38.89597],[-107.21413,38.89591],[-107.21437,38.89586],[-107.21452,38.89584],[-107.21466,38.89583],[-107.21501,38.89581],[-107.21536,38.89578],[-107.21539,38.89578],[-107.21569,38.89577],[-107.21604,38.89575],[-107.21608,38.89575],[-107.21631,38.89573],[-107.21643,38.89572],[-107.21654,38.89571],[-107.21667,38.8957],[-107.21692,38.89571],[-107.21706,38.89573],[-107.21718,38.89578],[-107.21729,38.89583],[-107.21741,38.89592],[-107.21752,38.89598],[-107.21759,38.896],[-107.21761,38.896],[-107.2177,38.89601],[-107.21782,38.896],[-107.21787,38.896],[-107.21811,38.89599],[-107.21829,38.896],[-107.21847,38.89605],[-107.2185,38.89606],[-107.21866,38.89614],[-107.21879,38.89624],[-107.21883,38.8963],[-107.21887,38.89635],[-107.21894,38.89644],[-107.21895,38.89645],[-107.21903,38.89655],[-107.21911,38.89667],[-107.21918,38.89677],[-107.21921,38.89681],[-107.21936,38.89693],[-107.21948,38.89702],[-107.21965,38.89716],[-107.21976,38.89726],[-107.2199,38.89735],[-107.22,38.89739],[-107.22006,38.89741],[-107.22025,38.89747],[-107.2204,38.89752],[-107.22043,38.89753],[-107.22052,38.89756],[-107.22065,38.89758],[-107.22079,38.89759],[-107.22085,38.89761],[-107.22087,38.89762],[-107.22092,38.89765],[-107.221,38.8977],[-107.2211,38.89782],[-107.22116,38.8979],[-107.2212,38.89795],[-107.22128,38.89812],[-107.22133,38.89827],[-107.22135,38.89838],[-107.22137,38.89852],[-107.22136,38.89867],[-107.22135,38.8989],[-107.22136,38.89907],[-107.22139,38.89924],[-107.22141,38.8993],[-107.22144,38.89942],[-107.22154,38.89962],[-107.22155,38.89964],[-107.22168,38.89982],[-107.22181,38.89995],[-107.22183,38.89997],[-107.22195,38.90009],[-107.22196,38.90009],[-107.22211,38.90022],[-107.22228,38.90036],[-107.22241,38.90049],[-107.22245,38.90052],[-107.22255,38.90063],[-107.22257,38.90065],[-107.22267,38.90078],[-107.22269,38.90081],[-107.22279,38.90094],[-107.22281,38.90096],[-107.22293,38.90114],[-107.223,38.90126],[-107.223,38.90127],[-107.22311,38.90142],[-107.22319,38.90157],[-107.2232,38.90158],[-107.22326,38.90169],[-107.2233,38.90175],[-107.22333,38.9018],[-107.2234,38.90191],[-107.22342,38.90193],[-107.22351,38.90206],[-107.22362,38.90215],[-107.22369,38.9022],[-107.22378,38.90225],[-107.22399,38.90235],[-107.22407,38.90239],[-107.22414,38.90242],[-107.22426,38.90248],[-107.2244,38.90255],[-107.22446,38.90257],[-107.22454,38.9026],[-107.22469,38.90266],[-107.2248,38.90273],[-107.22487,38.9028],[-107.22494,38.9029],[-107.22495,38.90293],[-107.22498,38.90301],[-107.225,38.90309],[-107.22502,38.90318],[-107.22505,38.90326],[-107.2251,38.90334],[-107.22513,38.90342],[-107.22514,38.90344],[-107.22516,38.90353],[-107.22518,38.90367],[-107.22519,38.9038],[-107.22519,38.90383],[-107.22518,38.90399],[-107.22516,38.90419],[-107.22513,38.90437],[-107.22509,38.90452],[-107.22503,38.90464],[-107.22496,38.90474],[-107.22487,38.90481],[-107.22486,38.90482],[-107.2248,38.90486],[-107.22473,38.90491],[-107.2247,38.90495],[-107.22467,38.90498],[-107.22463,38.90505],[-107.2246,38.90513],[-107.22456,38.90523],[-107.22455,38.90529],[-107.22453,38.90534],[-107.22455,38.90544],[-107.22455,38.90546],[-107.22458,38.90554],[-107.22462,38.90563],[-107.22464,38.90567],[-107.22469,38.90577],[-107.22471,38.9058],[-107.22475,38.90587],[-107.2248,38.90595],[-107.22486,38.90602],[-107.22497,38.90609],[-107.22512,38.90619],[-107.22514,38.90621],[-107.22544,38.90652],[-107.22553,38.9066],[-107.22557,38.90663],[-107.22566,38.9067],[-107.22574,38.90676],[-107.22584,38.90684],[-107.22602,38.90697],[-107.22611,38.90702],[-107.22621,38.90708],[-107.22627,38.9071],[-107.22628,38.90711],[-107.22638,38.90714],[-107.22649,38.90716],[-107.22651,38.90716],[-107.22663,38.90718],[-107.22672,38.90718],[-107.22682,38.90719],[-107.227,38.90721],[-107.22717,38.90722],[-107.22718,38.90722],[-107.22736,38.90726],[-107.22752,38.90732],[-107.22765,38.90739],[-107.22777,38.90748],[-107.2279,38.9076],[-107.22792,38.90762],[-107.22796,38.90766],[-107.22801,38.90773],[-107.22805,38.90778],[-107.22807,38.90784],[-107.22812,38.90792],[-107.22817,38.908],[-107.22822,38.90806],[-107.22825,38.90809],[-107.22827,38.90811],[-107.2283,38.90814],[-107.22834,38.90817],[-107.22839,38.90819],[-107.22842,38.90821],[-107.22843,38.90821],[-107.22854,38.90825],[-107.22864,38.90827],[-107.22872,38.90829],[-107.22894,38.90834],[-107.22909,38.90838],[-107.22924,38.90843],[-107.22935,38.90847],[-107.22945,38.90852],[-107.22953,38.90858],[-107.22964,38.90867],[-107.22974,38.90878],[-107.22977,38.90882],[-107.22983,38.90889],[-107.22989,38.90899],[-107.22996,38.90909],[-107.23002,38.90915],[-107.23013,38.90922],[-107.23025,38.90927],[-107.23044,38.90931],[-107.23061,38.90934],[-107.23063,38.90935],[-107.23077,38.90937],[-107.23087,38.90938],[-107.23097,38.90939],[-107.23105,38.90942],[-107.23107,38.90943],[-107.23111,38.90945],[-107.23129,38.90963],[-107.23136,38.90971],[-107.23143,38.90978],[-107.23161,38.90994],[-107.23165,38.90999],[-107.23178,38.91012],[-107.23193,38.91028],[-107.23211,38.91044],[-107.23226,38.91058],[-107.23236,38.91071],[-107.23244,38.91088],[-107.23246,38.91105],[-107.23244,38.91117],[-107.23243,38.91127],[-107.23242,38.91133],[-107.23244,38.91137],[-107.23244,38.9114],[-107.23246,38.91143],[-107.23249,38.91145],[-107.23252,38.91146],[-107.23255,38.91148],[-107.23263,38.91149],[-107.23278,38.91143],[-107.23294,38.91136],[-107.23303,38.91131],[-107.2331,38.91127],[-107.2333,38.91118],[-107.2335,38.9111],[-107.23381,38.91102],[-107.23386,38.911],[-107.23409,38.91094],[-107.23436,38.91087],[-107.23465,38.91079],[-107.23493,38.91068],[-107.23514,38.91059],[-107.23528,38.91053],[-107.23555,38.91039],[-107.23578,38.91027],[-107.236,38.91012],[-107.23617,38.91],[-107.23632,38.90988],[-107.23644,38.90978],[-107.23664,38.90968],[-107.23698,38.90953],[-107.23726,38.90943],[-107.23741,38.90939],[-107.23749,38.90936],[-107.23771,38.90934],[-107.23801,38.90934],[-107.23822,38.90936],[-107.2384,38.90939],[-107.23857,38.90942],[-107.23876,38.90945],[-107.23878,38.90945],[-107.23892,38.90945],[-107.23912,38.90945],[-107.23932,38.90947],[-107.2395,38.9095],[-107.23971,38.90955],[-107.23991,38.90959],[-107.23999,38.9096],[-107.24022,38.90965],[-107.2404,38.90965],[-107.24058,38.90965],[-107.24079,38.90962],[-107.24094,38.9096],[-107.24109,38.9096],[-107.24126,38.90962],[-107.24128,38.90963],[-107.2414,38.90966],[-107.24157,38.90973],[-107.24172,38.90979],[-107.24195,38.90988],[-107.24213,38.90995],[-107.24228,38.91001],[-107.24245,38.91007],[-107.24253,38.91009],[-107.24264,38.91011],[-107.24278,38.91013],[-107.24289,38.91011],[-107.24297,38.91009],[-107.24298,38.91009],[-107.24312,38.91008],[-107.24327,38.9101],[-107.24336,38.91013],[-107.24346,38.91018],[-107.24355,38.91024],[-107.2436,38.91029],[-107.24365,38.91036],[-107.24369,38.91041],[-107.24372,38.91049],[-107.24375,38.91056],[-107.24377,38.91065],[-107.24379,38.91073],[-107.2438,38.91081],[-107.24379,38.91089],[-107.24376,38.91097],[-107.24375,38.91103],[-107.24375,38.91112],[-107.24377,38.91119],[-107.24381,38.91126],[-107.24385,38.9113],[-107.24386,38.91131],[-107.2439,38.91135],[-107.244,38.91139],[-107.24412,38.91143],[-107.24423,38.91145],[-107.24427,38.91145],[-107.24432,38.91146],[-107.24442,38.91146],[-107.24455,38.91148],[-107.24466,38.91149],[-107.24477,38.91152],[-107.24488,38.91157],[-107.24499,38.91163],[-107.24508,38.91168],[-107.24518,38.91175],[-107.24528,38.91183],[-107.24535,38.91189],[-107.2454,38.91196],[-107.24544,38.91203],[-107.24548,38.91207],[-107.24556,38.91213],[-107.24564,38.91219],[-107.2457,38.91223],[-107.24572,38.91224],[-107.2458,38.91228],[-107.24589,38.91232],[-107.24598,38.91234],[-107.24609,38.91234],[-107.24619,38.91233],[-107.24628,38.91231],[-107.24639,38.91228],[-107.24649,38.91224],[-107.24661,38.91219],[-107.24672,38.91214],[-107.24684,38.9121],[-107.24698,38.91207],[-107.24711,38.91206],[-107.24723,38.91207],[-107.2473,38.91208],[-107.24749,38.91211],[-107.24772,38.91215],[-107.24797,38.91219],[-107.24813,38.91222],[-107.24827,38.91224],[-107.2484,38.91228],[-107.24848,38.91232],[-107.24855,38.91237],[-107.24861,38.91242],[-107.24867,38.91248],[-107.2487,38.9125],[-107.24872,38.91253],[-107.24876,38.91257],[-107.24881,38.91261],[-107.24889,38.91265],[-107.24899,38.91271],[-107.24908,38.91277],[-107.24915,38.91282],[-107.24924,38.91291],[-107.24932,38.913],[-107.24938,38.9131],[-107.24943,38.91318],[-107.24946,38.91324],[-107.2495,38.91334],[-107.24954,38.91348],[-107.24955,38.91358],[-107.24954,38.91367],[-107.24953,38.9137],[-107.24949,38.91382],[-107.24945,38.91397],[-107.24942,38.91409],[-107.24942,38.91426],[-107.24943,38.91438],[-107.24944,38.91441],[-107.24947,38.91449],[-107.24951,38.91461],[-107.2496,38.91475],[-107.24966,38.91484],[-107.24974,38.91493],[-107.24983,38.91502],[-107.24991,38.91508],[-107.25,38.91513],[-107.25009,38.91517],[-107.25019,38.9152],[-107.25031,38.91523],[-107.25045,38.91527],[-107.25064,38.91531],[-107.2509,38.91538],[-107.25092,38.91538],[-107.25114,38.91545],[-107.25138,38.91554],[-107.25156,38.91562],[-107.25172,38.9157],[-107.25174,38.91571],[-107.25186,38.91578],[-107.25209,38.9159],[-107.25241,38.91608],[-107.2525,38.91613],[-107.2526,38.91619],[-107.25285,38.91632],[-107.25287,38.91634],[-107.25307,38.91645],[-107.25323,38.91652],[-107.25343,38.91663],[-107.2536,38.91672],[-107.25377,38.91682],[-107.25382,38.91685],[-107.25393,38.91691],[-107.25407,38.91701],[-107.25418,38.9171],[-107.2543,38.9172],[-107.25432,38.91722],[-107.25438,38.91728],[-107.25445,38.91735],[-107.25453,38.91741],[-107.25462,38.91749],[-107.25463,38.91749],[-107.2547,38.91753],[-107.25479,38.91758],[-107.25489,38.91764],[-107.25498,38.9177],[-107.25507,38.91777],[-107.25516,38.91785],[-107.25522,38.91791],[-107.25528,38.91798],[-107.25535,38.91807],[-107.25539,38.91815],[-107.25541,38.91821],[-107.25551,38.91834],[-107.25563,38.91845],[-107.25564,38.91847],[-107.25579,38.91859],[-107.25595,38.91871],[-107.25606,38.91879],[-107.25622,38.9189],[-107.25629,38.91896],[-107.2564,38.91904],[-107.25659,38.91919],[-107.25677,38.9193],[-107.2569,38.91938],[-107.25699,38.91943],[-107.25708,38.91947],[-107.25723,38.91953],[-107.2574,38.91959],[-107.25755,38.91965],[-107.25775,38.91972],[-107.25781,38.91975],[-107.25789,38.91978],[-107.25797,38.91983],[-107.25807,38.91989],[-107.25824,38.91999],[-107.25849,38.92011],[-107.25865,38.92018],[-107.25871,38.9202],[-107.25882,38.92024],[-107.25909,38.92032],[-107.25914,38.92034],[-107.25927,38.92038],[-107.25935,38.92041],[-107.25948,38.92046],[-107.25963,38.92052],[-107.25976,38.92058],[-107.25979,38.9206],[-107.26011,38.92075],[-107.26028,38.92081],[-107.26037,38.92083],[-107.2604,38.92084],[-107.26049,38.92086],[-107.26057,38.92087],[-107.26059,38.92087],[-107.26065,38.92086],[-107.26072,38.92085],[-107.26078,38.92083],[-107.26085,38.92081],[-107.26095,38.92076],[-107.26101,38.92073],[-107.26106,38.9207],[-107.26123,38.92062],[-107.26136,38.92058],[-107.26143,38.92057],[-107.26151,38.92056],[-107.26164,38.92054],[-107.26175,38.92055],[-107.26191,38.92057],[-107.26208,38.9206],[-107.26231,38.92067],[-107.26232,38.92068],[-107.26256,38.92074],[-107.26297,38.92085],[-107.26327,38.92092],[-107.26342,38.92095],[-107.2635,38.92097],[-107.26365,38.92099],[-107.26367,38.921],[-107.26396,38.92102],[-107.2641,38.92104],[-107.26429,38.92107],[-107.26456,38.9211],[-107.26461,38.92111],[-107.26481,38.92112],[-107.26498,38.92113],[-107.26517,38.92117],[-107.26524,38.9212],[-107.26533,38.92123],[-107.26544,38.92129],[-107.26551,38.92132],[-107.26563,38.92138],[-107.26572,38.92143],[-107.26602,38.92156],[-107.26603,38.92157],[-107.26629,38.92168],[-107.26645,38.92176],[-107.26659,38.92182],[-107.26671,38.92189],[-107.26682,38.92196],[-107.26688,38.92201],[-107.26694,38.92206],[-107.26705,38.92218],[-107.26714,38.92233],[-107.26717,38.9224],[-107.26722,38.92252],[-107.2673,38.92275],[-107.26736,38.92296],[-107.26742,38.92309],[-107.26743,38.92311],[-107.26751,38.92325],[-107.26763,38.9234],[-107.26773,38.92352],[-107.26777,38.92356],[-107.26782,38.92361],[-107.26791,38.9237],[-107.26795,38.92375],[-107.26802,38.92383],[-107.26808,38.92394],[-107.26817,38.92408],[-107.26824,38.92421],[-107.26832,38.92431],[-107.26835,38.92434],[-107.26841,38.9244],[-107.26847,38.92446],[-107.26854,38.9245],[-107.26861,38.92455],[-107.2687,38.9246],[-107.26882,38.92465],[-107.26893,38.92468],[-107.26905,38.92472],[-107.26919,38.92474],[-107.26932,38.92476],[-107.26944,38.92478],[-107.26954,38.92478],[-107.26955,38.92478],[-107.26964,38.92478],[-107.26976,38.92478],[-107.2699,38.92476],[-107.27001,38.92473],[-107.27018,38.92469],[-107.27023,38.92468],[-107.27042,38.92464],[-107.27056,38.92462],[-107.27075,38.9246],[-107.27093,38.92461],[-107.27111,38.92459],[-107.27124,38.92458],[-107.27137,38.92456],[-107.27143,38.92455],[-107.2716,38.92452],[-107.27167,38.92451],[-107.27182,38.9245],[-107.27198,38.92448],[-107.27228,38.92447],[-107.27252,38.92447],[-107.27263,38.92447],[-107.27288,38.92447],[-107.27298,38.92447],[-107.27307,38.92447],[-107.27328,38.92447],[-107.27343,38.92445],[-107.27344,38.92445],[-107.27356,38.92442],[-107.27373,38.92437],[-107.27392,38.92432],[-107.27416,38.92428],[-107.27433,38.92426],[-107.27456,38.92424],[-107.27459,38.92424],[-107.27473,38.92424],[-107.27479,38.92424],[-107.27495,38.92424],[-107.27509,38.92425],[-107.27531,38.92428],[-107.27554,38.92431],[-107.27571,38.92434],[-107.27575,38.92434],[-107.27599,38.92438],[-107.27616,38.9244],[-107.27635,38.92443],[-107.27647,38.92446],[-107.27658,38.92451],[-107.27665,38.92456],[-107.27675,38.92465],[-107.27678,38.92467],[-107.27693,38.92478],[-107.27708,38.92486],[-107.27726,38.92494],[-107.27731,38.92496],[-107.27738,38.92499],[-107.2775,38.92503],[-107.27759,38.92504],[-107.27767,38.92504],[-107.27776,38.92504],[-107.27785,38.92503],[-107.27792,38.92502],[-107.27799,38.92501],[-107.2781,38.92498],[-107.2782,38.92494],[-107.27832,38.9249],[-107.27845,38.92484],[-107.27858,38.92477],[-107.27869,38.92468],[-107.27874,38.92463],[-107.27877,38.92459],[-107.27885,38.92452],[-107.27894,38.92444],[-107.27906,38.92436],[-107.27921,38.92429],[-107.27934,38.92422],[-107.27951,38.92412],[-107.27978,38.92395],[-107.2798,38.92394],[-107.27991,38.92389],[-107.28009,38.92384],[-107.28017,38.92383],[-107.28024,38.92384],[-107.28026,38.92384],[-107.28032,38.92386],[-107.28038,38.92388],[-107.28043,38.92392],[-107.2805,38.92397],[-107.28065,38.92408],[-107.2809,38.92425],[-107.28114,38.9244],[-107.28141,38.92456],[-107.28162,38.92469],[-107.2818,38.9248],[-107.28197,38.92491],[-107.28215,38.92499],[-107.28225,38.92502],[-107.28238,38.92505],[-107.28254,38.92509],[-107.28282,38.92517],[-107.28301,38.92526],[-107.28327,38.92543],[-107.28331,38.92546],[-107.2835,38.92561],[-107.28363,38.92571],[-107.28378,38.92581],[-107.28382,38.92585],[-107.28392,38.92589],[-107.28409,38.92591],[-107.28419,38.92592],[-107.28446,38.92594],[-107.28475,38.92599],[-107.28509,38.9261],[-107.28535,38.92621],[-107.28547,38.92628],[-107.28577,38.92645],[-107.28586,38.92648],[-107.2861,38.92657],[-107.28663,38.92672],[-107.28672,38.92674],[-107.287,38.9268],[-107.28717,38.9268],[-107.28745,38.9268],[-107.28763,38.92678],[-107.28777,38.92677],[-107.28816,38.92669],[-107.2883,38.92665],[-107.28848,38.92659],[-107.28851,38.92658],[-107.28871,38.92649],[-107.28873,38.92648],[-107.2889,38.92638],[-107.28904,38.92628],[-107.28919,38.9262],[-107.28945,38.92606],[-107.28946,38.92605],[-107.28984,38.92592],[-107.28987,38.92592],[-107.29025,38.92584],[-107.29032,38.92584],[-107.29099,38.92579],[-107.2912,38.9258],[-107.29145,38.92581],[-107.29146,38.92582],[-107.29183,38.92585],[-107.29191,38.92585],[-107.29209,38.92586],[-107.29216,38.92587],[-107.29227,38.92587],[-107.29235,38.92587],[-107.29241,38.92586],[-107.29248,38.92585],[-107.29268,38.92583],[-107.29295,38.92579],[-107.29306,38.92578],[-107.29312,38.92577],[-107.29336,38.92573],[-107.29365,38.92568],[-107.29377,38.92567],[-107.29396,38.92565],[-107.29409,38.92564],[-107.29422,38.92564],[-107.29434,38.92564],[-107.29444,38.92565],[-107.2945,38.92566],[-107.29455,38.92567],[-107.2946,38.92569],[-107.29464,38.92571],[-107.29472,38.92576],[-107.29478,38.92579],[-107.29483,38.92583],[-107.29488,38.92587],[-107.29492,38.92591],[-107.29493,38.92591],[-107.29498,38.92596],[-107.29501,38.92602],[-107.29502,38.92606],[-107.29507,38.9262],[-107.29508,38.92624],[-107.29512,38.92638],[-107.29517,38.9266],[-107.29518,38.92679],[-107.29519,38.92693],[-107.2952,38.92703],[-107.29521,38.92706],[-107.29521,38.92708],[-107.29524,38.92711],[-107.29525,38.92712],[-107.29529,38.92715],[-107.29534,38.92718],[-107.29539,38.9272],[-107.29545,38.92722],[-107.29552,38.92724],[-107.29559,38.92726],[-107.29567,38.92729],[-107.29577,38.92733],[-107.29584,38.9274],[-107.29585,38.92743],[-107.29586,38.92746],[-107.29586,38.9275],[-107.29586,38.92754],[-107.29585,38.92759],[-107.29584,38.92763],[-107.29581,38.92766],[-107.29579,38.92771],[-107.29569,38.92784],[-107.29548,38.92807],[-107.29535,38.92824],[-107.29532,38.92827],[-107.29531,38.92828],[-107.29527,38.92832],[-107.29523,38.92835],[-107.29519,38.92837],[-107.29514,38.9284],[-107.29506,38.92842],[-107.29498,38.92844],[-107.29488,38.92846],[-107.29481,38.92848],[-107.29479,38.92849],[-107.29477,38.92849],[-107.29476,38.9285],[-107.29474,38.9285],[-107.29471,38.92852],[-107.29469,38.92853],[-107.29468,38.92854],[-107.29466,38.92856],[-107.29465,38.92858],[-107.29464,38.92861],[-107.29464,38.92865],[-107.29465,38.92883],[-107.29467,38.92908],[-107.29469,38.92921],[-107.2947,38.9293],[-107.29472,38.92952],[-107.29471,38.92961],[-107.29469,38.92966],[-107.29467,38.92969],[-107.29464,38.92973],[-107.29458,38.92976],[-107.29448,38.92978],[-107.29441,38.92979],[-107.29426,38.92978],[-107.29409,38.92975],[-107.29391,38.92971],[-107.29353,38.92962],[-107.29348,38.92962],[-107.29344,38.92962],[-107.2934,38.92963],[-107.29336,38.92963],[-107.29334,38.92964],[-107.29332,38.92965],[-107.29329,38.92967],[-107.29328,38.92969],[-107.29327,38.92972],[-107.29326,38.92973],[-107.29323,38.92999],[-107.29321,38.93005],[-107.29319,38.93008],[-107.29317,38.9301],[-107.29313,38.93013],[-107.29308,38.93016],[-107.29299,38.93019],[-107.29278,38.93025],[-107.29261,38.9303],[-107.29256,38.93032],[-107.29252,38.93035],[-107.29247,38.93041],[-107.29243,38.93049],[-107.2924,38.93064],[-107.29235,38.93082],[-107.2923,38.93099],[-107.29227,38.93113],[-107.29226,38.93119],[-107.29226,38.93123],[-107.29227,38.93128],[-107.29247,38.93168],[-107.29265,38.93201],[-107.29269,38.9321],[-107.29275,38.93223],[-107.29279,38.93232],[-107.29281,38.93239],[-107.29283,38.93249],[-107.29287,38.9326],[-107.29291,38.93268],[-107.29293,38.93271],[-107.29295,38.93273],[-107.29298,38.93275],[-107.29301,38.93277],[-107.29304,38.93278],[-107.2931,38.93281],[-107.29316,38.93284],[-107.2933,38.93289],[-107.29351,38.93296],[-107.29354,38.93299],[-107.29356,38.933],[-107.29358,38.93302],[-107.29359,38.93304],[-107.29361,38.93307],[-107.29361,38.93309],[-107.29362,38.93312],[-107.29362,38.93314],[-107.29362,38.93319],[-107.29361,38.93324],[-107.29359,38.93328],[-107.29342,38.93382],[-107.29337,38.93399],[-107.29331,38.93417],[-107.29327,38.93429],[-107.29326,38.93433],[-107.29322,38.93443],[-107.29321,38.93447],[-107.2932,38.93448],[-107.29317,38.93452],[-107.29316,38.93453],[-107.29315,38.93454],[-107.29306,38.9346],[-107.2928,38.93479],[-107.29276,38.93482],[-107.29274,38.93486],[-107.29271,38.93488],[-107.29269,38.93493],[-107.29268,38.935],[-107.29267,38.93504],[-107.29268,38.9351],[-107.29271,38.93517],[-107.29273,38.93521],[-107.29277,38.93526],[-107.29279,38.93527],[-107.29283,38.93532],[-107.29303,38.93547],[-107.29311,38.93553],[-107.2932,38.93561],[-107.29325,38.93567],[-107.29328,38.9357],[-107.29335,38.93579],[-107.29341,38.9359],[-107.29345,38.93599],[-107.29351,38.93617],[-107.29373,38.93685],[-107.29375,38.93693],[-107.29376,38.93697],[-107.29376,38.93701],[-107.29374,38.93706],[-107.29371,38.9371],[-107.29333,38.93746],[-107.29321,38.93758],[-107.29318,38.93761],[-107.29315,38.93764],[-107.29313,38.93771],[-107.29311,38.93777],[-107.29312,38.93783],[-107.29329,38.9383],[-107.29333,38.93841],[-107.29334,38.93848],[-107.29333,38.93851],[-107.29319,38.93878],[-107.29311,38.93898],[-107.29304,38.93915],[-107.29303,38.93919],[-107.2929,38.93946],[-107.29287,38.9395],[-107.29285,38.93953],[-107.29283,38.93956],[-107.29279,38.93959],[-107.29274,38.93962],[-107.29269,38.93965],[-107.29263,38.93968],[-107.29257,38.9397],[-107.29208,38.93985],[-107.2919,38.93991],[-107.29176,38.93995],[-107.29168,38.93997],[-107.29162,38.93999],[-107.29158,38.94],[-107.29153,38.94],[-107.29145,38.94],[-107.29144,38.94],[-107.29138,38.93999],[-107.29115,38.93993],[-107.29099,38.93988],[-107.29086,38.93986],[-107.29072,38.93983],[-107.29057,38.93982],[-107.2904,38.93983],[-107.29024,38.93985],[-107.29009,38.93988],[-107.29005,38.9399],[-107.28989,38.93996],[-107.28972,38.94006],[-107.28965,38.94011],[-107.28959,38.94018],[-107.28954,38.94027],[-107.28949,38.94057],[-107.28949,38.94058],[-107.28947,38.94064],[-107.28944,38.94067],[-107.28941,38.94071],[-107.28938,38.94073],[-107.28932,38.94076],[-107.28919,38.94082],[-107.28918,38.94082],[-107.28875,38.94095],[-107.28866,38.94099],[-107.2886,38.94104],[-107.28853,38.94112],[-107.28848,38.94121],[-107.28847,38.94122],[-107.28831,38.94174],[-107.28821,38.94208],[-107.2882,38.94216],[-107.2882,38.94224],[-107.28821,38.94235],[-107.28823,38.94262],[-107.28828,38.94306],[-107.28828,38.94307],[-107.28829,38.94325],[-107.2883,38.94334],[-107.2883,38.94343],[-107.2883,38.94361],[-107.28825,38.9438],[-107.2881,38.94412],[-107.28808,38.94418],[-107.28791,38.94453],[-107.28771,38.9449],[-107.28761,38.94512],[-107.28756,38.94531],[-107.28755,38.94531],[-107.28743,38.94569],[-107.28736,38.9458],[-107.28734,38.94582],[-107.28717,38.94598],[-107.28698,38.94612],[-107.28664,38.9463],[-107.28648,38.94641],[-107.28645,38.94643],[-107.28634,38.94655],[-107.28633,38.94657],[-107.28623,38.94665],[-107.28618,38.94668],[-107.28612,38.94672],[-107.28598,38.94677],[-107.28597,38.94677],[-107.28554,38.94688],[-107.28526,38.94696],[-107.28507,38.94698],[-107.28499,38.94701],[-107.28492,38.94703],[-107.28488,38.94707],[-107.28485,38.94711],[-107.28482,38.94726],[-107.28482,38.94727],[-107.2848,38.94735],[-107.28475,38.94744],[-107.28466,38.9475],[-107.28456,38.94754],[-107.28453,38.94756],[-107.2843,38.94763],[-107.28422,38.94765],[-107.28414,38.94765],[-107.28389,38.94766],[-107.28366,38.94767],[-107.28356,38.94767],[-107.28347,38.94768],[-107.28339,38.9477],[-107.28332,38.94773],[-107.28325,38.94777],[-107.28324,38.94778],[-107.28292,38.94805],[-107.2827,38.94823],[-107.28264,38.94827],[-107.28259,38.94829],[-107.28256,38.94831],[-107.28176,38.94855],[-107.28173,38.94855],[-107.28137,38.94859],[-107.28114,38.94861],[-107.28104,38.94861],[-107.28076,38.9486],[-107.28062,38.94861],[-107.28058,38.94862],[-107.28053,38.94863],[-107.28045,38.94866],[-107.28038,38.9487],[-107.28024,38.94885],[-107.28022,38.94886],[-107.28015,38.94892],[-107.28006,38.94896],[-107.27931,38.94929],[-107.27915,38.94934],[-107.27898,38.94939],[-107.27867,38.94942],[-107.27856,38.94943],[-107.27839,38.94947],[-107.27836,38.94948],[-107.27813,38.94955],[-107.27805,38.94957],[-107.27797,38.94957],[-107.27786,38.94956],[-107.27711,38.94934],[-107.2769,38.94937],[-107.27681,38.9494],[-107.27675,38.94944],[-107.27667,38.94952],[-107.27658,38.94963],[-107.27635,38.94994],[-107.27633,38.94996],[-107.27625,38.95002],[-107.27614,38.95006],[-107.27573,38.95017],[-107.27551,38.95023],[-107.27529,38.95028],[-107.27486,38.9504],[-107.27464,38.95046],[-107.27442,38.95052],[-107.27419,38.95058],[-107.27406,38.95063],[-107.274,38.95067],[-107.27395,38.9507],[-107.27387,38.95077],[-107.27381,38.95087],[-107.27377,38.95097],[-107.27376,38.951],[-107.27373,38.95115],[-107.27369,38.95129],[-107.27368,38.95132],[-107.27364,38.9514],[-107.27358,38.95149],[-107.27344,38.9516],[-107.27341,38.95161],[-107.27324,38.95168],[-107.2732,38.95169],[-107.27307,38.95173],[-107.27291,38.95176],[-107.2727,38.95176],[-107.27256,38.95173],[-107.27254,38.95172],[-107.27243,38.95165],[-107.27236,38.95161],[-107.27227,38.95156],[-107.27215,38.95154],[-107.27211,38.95153],[-107.27192,38.95158],[-107.27172,38.95165],[-107.27167,38.95167],[-107.27151,38.95172],[-107.27143,38.95175],[-107.27132,38.95183],[-107.27117,38.95194],[-107.271,38.95209],[-107.27087,38.95219],[-107.27067,38.95234],[-107.27049,38.95246],[-107.27031,38.95257],[-107.27007,38.95273],[-107.26997,38.95281],[-107.26967,38.95306],[-107.26957,38.95313],[-107.26943,38.9532],[-107.26925,38.95324],[-107.2692,38.95326],[-107.26912,38.9533],[-107.26893,38.95345],[-107.2689,38.95347],[-107.26853,38.95369],[-107.26851,38.9537],[-107.26837,38.95381],[-107.26811,38.95401],[-107.26792,38.95422],[-107.26786,38.95439],[-107.26779,38.95457],[-107.26776,38.95464],[-107.26774,38.95474],[-107.26776,38.95481],[-107.26779,38.95487],[-107.26783,38.9549],[-107.26784,38.95491],[-107.2679,38.95493],[-107.26798,38.95494],[-107.26805,38.95493],[-107.26861,38.95475],[-107.26912,38.95458],[-107.26954,38.95443],[-107.26975,38.95436],[-107.27017,38.95421],[-107.27071,38.95403],[-107.27095,38.95396],[-107.27104,38.95395],[-107.27112,38.95394],[-107.27126,38.95395],[-107.27138,38.95398],[-107.27148,38.95402],[-107.2715,38.95403],[-107.27164,38.95413],[-107.27177,38.95426],[-107.27213,38.95473],[-107.27231,38.9549],[-107.27244,38.95498],[-107.27248,38.95499],[-107.27256,38.95503],[-107.2727,38.95506],[-107.27286,38.95508],[-107.27303,38.95508],[-107.27319,38.95506],[-107.27339,38.955],[-107.2738,38.95481],[-107.274,38.95472],[-107.2742,38.95463],[-107.2744,38.95454],[-107.275,38.95426],[-107.2752,38.95417],[-107.27549,38.95404],[-107.27599,38.9538],[-107.27659,38.95352],[-107.27668,38.95348],[-107.27679,38.95344],[-107.27691,38.9534],[-107.27701,38.95338],[-107.27713,38.95335],[-107.27724,38.95334],[-107.27746,38.95332],[-107.27793,38.9533],[-107.27835,38.9533],[-107.2789,38.95328],[-107.27908,38.95326],[-107.27929,38.95325],[-107.27954,38.95323],[-107.27957,38.95322],[-107.27974,38.9532],[-107.27993,38.95318],[-107.28022,38.95312],[-107.28064,38.95302],[-107.28117,38.95291],[-107.28169,38.95285],[-107.28177,38.95283],[-107.28179,38.95282],[-107.282,38.95278],[-107.28227,38.9527],[-107.28261,38.95256],[-107.28305,38.95238],[-107.28325,38.95233],[-107.28327,38.95232],[-107.28337,38.9523],[-107.28367,38.95223],[-107.28386,38.95217],[-107.28423,38.95201],[-107.28447,38.95193],[-107.28474,38.95187],[-107.28497,38.95184],[-107.285,38.95184],[-107.28508,38.95182],[-107.28551,38.95177],[-107.28578,38.95171],[-107.28609,38.95161],[-107.28611,38.95161],[-107.28624,38.95157],[-107.28688,38.9514],[-107.28696,38.95137],[-107.28698,38.95137],[-107.28726,38.95128],[-107.28777,38.95113],[-107.28832,38.95093],[-107.28891,38.95073],[-107.28928,38.95062],[-107.28933,38.95061],[-107.28953,38.95057],[-107.28963,38.95054],[-107.28978,38.95052],[-107.29001,38.95048],[-107.29021,38.95045],[-107.29023,38.95045],[-107.29024,38.95045],[-107.29041,38.95042],[-107.29058,38.9504],[-107.29073,38.95037],[-107.29099,38.95033],[-107.29123,38.95026],[-107.29141,38.95022],[-107.29156,38.95018],[-107.29176,38.95015],[-107.29177,38.95014],[-107.2918,38.95014],[-107.2919,38.95013],[-107.29203,38.95011],[-107.29205,38.95011],[-107.29223,38.95009],[-107.29226,38.95009],[-107.2923,38.95009],[-107.29262,38.95007],[-107.29265,38.95007],[-107.29269,38.95007],[-107.29288,38.95006],[-107.29296,38.95006],[-107.29326,38.95005],[-107.29352,38.95003],[-107.29367,38.95002],[-107.29384,38.95],[-107.29407,38.94995],[-107.29425,38.9499],[-107.29445,38.94985],[-107.29451,38.94983],[-107.29452,38.94983],[-107.29467,38.94978],[-107.2949,38.94969],[-107.29512,38.94959],[-107.29558,38.94941],[-107.29583,38.94933],[-107.29597,38.9493],[-107.29598,38.9493],[-107.29601,38.94929],[-107.2962,38.94925],[-107.29646,38.94919],[-107.29661,38.94913],[-107.29677,38.94906],[-107.29694,38.94895],[-107.29705,38.94887],[-107.29714,38.9488],[-107.29724,38.94873],[-107.29737,38.94862],[-107.29745,38.94858],[-107.29759,38.94852],[-107.29777,38.94844],[-107.29789,38.94838],[-107.29801,38.94832],[-107.2981,38.94826],[-107.29813,38.94824],[-107.29836,38.94807],[-107.2988,38.94773],[-107.2991,38.94752],[-107.29911,38.94752],[-107.29914,38.94749],[-107.29941,38.94732],[-107.29963,38.94717],[-107.29964,38.94717],[-107.29967,38.94714],[-107.2998,38.94704],[-107.29992,38.94694],[-107.30015,38.94675],[-107.30027,38.94665],[-107.30059,38.94639],[-107.30079,38.94623],[-107.30098,38.94607],[-107.30107,38.946],[-107.30108,38.946],[-107.30111,38.94597],[-107.30125,38.94587],[-107.30145,38.94572],[-107.30173,38.94554],[-107.30176,38.94552],[-107.30191,38.94543],[-107.30206,38.94535],[-107.30233,38.94521],[-107.30249,38.94513],[-107.30253,38.94511],[-107.30266,38.94505],[-107.3028,38.94496],[-107.30302,38.94484],[-107.30324,38.94471],[-107.30327,38.94469],[-107.30349,38.94455],[-107.30411,38.94417],[-107.30417,38.94412],[-107.30419,38.94411],[-107.30427,38.94405],[-107.30435,38.94398],[-107.30445,38.94387],[-107.30447,38.94385],[-107.30458,38.94373],[-107.30465,38.94366],[-107.30473,38.94359],[-107.30482,38.94352],[-107.30493,38.94345],[-107.30495,38.94343],[-107.3051,38.94335],[-107.30511,38.94334],[-107.30522,38.94326],[-107.30535,38.94316],[-107.30551,38.94301],[-107.3056,38.94293],[-107.30567,38.94287],[-107.30573,38.94282],[-107.30574,38.94281],[-107.3058,38.94277],[-107.30589,38.94271],[-107.30604,38.94262],[-107.30641,38.9424],[-107.30665,38.94226],[-107.30668,38.94225],[-107.30685,38.94217],[-107.30686,38.94217],[-107.30698,38.94213],[-107.30712,38.94208],[-107.30726,38.94201],[-107.30745,38.9419],[-107.30757,38.94183],[-107.30781,38.94168],[-107.30783,38.94166],[-107.30802,38.94154],[-107.30819,38.94141],[-107.30834,38.94127],[-107.30853,38.94111],[-107.30867,38.94099],[-107.30879,38.94091],[-107.30883,38.94089],[-107.30902,38.94077],[-107.30916,38.94068],[-107.30935,38.94057],[-107.3095,38.94045],[-107.30977,38.94024],[-107.31009,38.94001],[-107.31028,38.93988],[-107.31052,38.93974],[-107.31053,38.93973],[-107.31072,38.9396],[-107.31097,38.93941],[-107.31121,38.93925],[-107.31139,38.93914],[-107.3114,38.93914],[-107.31154,38.93906],[-107.31205,38.93881],[-107.3123,38.9387],[-107.31237,38.93866],[-107.31246,38.93859],[-107.31271,38.93842],[-107.31271,38.93841],[-107.31278,38.93837],[-107.31293,38.93829],[-107.3131,38.93821],[-107.31342,38.93807],[-107.31364,38.93797],[-107.31379,38.93788],[-107.31387,38.93782],[-107.31398,38.93775],[-107.31412,38.93767],[-107.31424,38.93761],[-107.31476,38.93737],[-107.31485,38.93733],[-107.3152,38.93716],[-107.31534,38.93708],[-107.31578,38.93684],[-107.3163,38.93657],[-107.31651,38.93646],[-107.31715,38.9361],[-107.31723,38.93604],[-107.31735,38.93597],[-107.3176,38.93582],[-107.31772,38.93576],[-107.31784,38.93571],[-107.31804,38.93566],[-107.31824,38.93558],[-107.31849,38.93548],[-107.31864,38.93544],[-107.31876,38.9354],[-107.31899,38.93534],[-107.31926,38.93529],[-107.31947,38.93525],[-107.31953,38.93524],[-107.31964,38.93521],[-107.31977,38.93519],[-107.3199,38.93516],[-107.31997,38.93515],[-107.32002,38.93514],[-107.32009,38.93513],[-107.32016,38.93513],[-107.32022,38.93512],[-107.32029,38.93512],[-107.3204,38.93511],[-107.32049,38.93512],[-107.32056,38.93512],[-107.32071,38.93513],[-107.32089,38.93513],[-107.32098,38.93514],[-107.32107,38.93514],[-107.32131,38.93517],[-107.3215,38.93519],[-107.32172,38.93521],[-107.32195,38.93521],[-107.32217,38.93521],[-107.32228,38.93521],[-107.32277,38.9352],[-107.32297,38.9352],[-107.32303,38.9352],[-107.32324,38.93519],[-107.32342,38.93518],[-107.32361,38.93516],[-107.32374,38.93513],[-107.32397,38.9351],[-107.32408,38.93509],[-107.32412,38.93509],[-107.32426,38.93507],[-107.32442,38.93507],[-107.32458,38.93508],[-107.3247,38.93508],[-107.32481,38.93509],[-107.32492,38.9351],[-107.32508,38.93511],[-107.32527,38.93511],[-107.32529,38.93511],[-107.32549,38.93511],[-107.32572,38.93512],[-107.32594,38.93511],[-107.32611,38.9351],[-107.32619,38.93509],[-107.32637,38.93507],[-107.32665,38.93503],[-107.3271,38.93496],[-107.3274,38.93491],[-107.32765,38.93485],[-107.32777,38.93482],[-107.32793,38.93477],[-107.32819,38.93467],[-107.32823,38.93466],[-107.32861,38.93448],[-107.32885,38.93438],[-107.32906,38.93429],[-107.32926,38.93422],[-107.3295,38.93414],[-107.32968,38.9341],[-107.33,38.93402],[-107.33019,38.93397],[-107.33039,38.93393],[-107.33068,38.93388],[-107.33075,38.93387],[-107.33093,38.93384],[-107.3312,38.93381],[-107.33124,38.9338],[-107.33154,38.93376],[-107.33189,38.93372],[-107.33201,38.9337],[-107.33229,38.93365],[-107.33255,38.9336],[-107.333,38.93349],[-107.3331,38.93346],[-107.33365,38.93334],[-107.33367,38.93334],[-107.33412,38.93324],[-107.33453,38.93316],[-107.33501,38.93306],[-107.33557,38.93295],[-107.33568,38.93292],[-107.33618,38.9328],[-107.33643,38.93271],[-107.33664,38.9326],[-107.33683,38.93249],[-107.33691,38.93244],[-107.33697,38.9324],[-107.33715,38.93228],[-107.33735,38.93213],[-107.33757,38.93192],[-107.33771,38.9318],[-107.33776,38.93175],[-107.33789,38.93163],[-107.33811,38.93146],[-107.33829,38.93133],[-107.33857,38.93115],[-107.33873,38.93104],[-107.33878,38.93101],[-107.33898,38.93088],[-107.33918,38.93073],[-107.33936,38.9306],[-107.33941,38.93055],[-107.33954,38.93044],[-107.3397,38.93029],[-107.33971,38.93028],[-107.33988,38.93012],[-107.34008,38.92993],[-107.34016,38.92987],[-107.34025,38.9298],[-107.3404,38.92968],[-107.3407,38.92943],[-107.34096,38.9292],[-107.34116,38.92905],[-107.34126,38.92894],[-107.34134,38.92884],[-107.34148,38.92866],[-107.34155,38.9286],[-107.34162,38.92854],[-107.34173,38.92847],[-107.34183,38.92842],[-107.34197,38.92835],[-107.34207,38.9283],[-107.34217,38.92826],[-107.34229,38.92821],[-107.34246,38.92816],[-107.34291,38.92813],[-107.34358,38.92811],[-107.34397,38.9281],[-107.34402,38.9281],[-107.34406,38.92811],[-107.34416,38.92811],[-107.34424,38.92812],[-107.34432,38.92814],[-107.34445,38.92818],[-107.34457,38.92823],[-107.34471,38.92831],[-107.34488,38.92841],[-107.34515,38.92861],[-107.34519,38.92863],[-107.34585,38.92909],[-107.34606,38.92923],[-107.34621,38.92933],[-107.34652,38.92953],[-107.34664,38.92964],[-107.3467,38.9297],[-107.34672,38.92972],[-107.34675,38.92976],[-107.3468,38.92982],[-107.34694,38.92999],[-107.34711,38.93018],[-107.34731,38.9304],[-107.34751,38.93061],[-107.34753,38.93062],[-107.34775,38.93085],[-107.34799,38.93108],[-107.34819,38.93124],[-107.34838,38.93137],[-107.34862,38.93152],[-107.34863,38.93152],[-107.34873,38.93158],[-107.34882,38.93164],[-107.34893,38.93174],[-107.34901,38.93182],[-107.34909,38.93191],[-107.34916,38.93198],[-107.34929,38.93208],[-107.34946,38.93221],[-107.34947,38.93222],[-107.34964,38.93232],[-107.34981,38.93243],[-107.34993,38.93249],[-107.35008,38.93257],[-107.35017,38.93263],[-107.35019,38.93265],[-107.35027,38.93271],[-107.35035,38.93277],[-107.35041,38.93283],[-107.3505,38.93291],[-107.3506,38.93302],[-107.35072,38.93314],[-107.35084,38.93325],[-107.35094,38.93333],[-107.35099,38.93337],[-107.35119,38.93352],[-107.35143,38.93371],[-107.35144,38.93372],[-107.35166,38.93388],[-107.35189,38.93404],[-107.35208,38.93417],[-107.35223,38.93428],[-107.35239,38.93437],[-107.35248,38.93442],[-107.35254,38.93445],[-107.35262,38.9345],[-107.35269,38.93456],[-107.35278,38.93464],[-107.35283,38.93469],[-107.35287,38.93473],[-107.35293,38.93478],[-107.35305,38.93486],[-107.35315,38.93493],[-107.35323,38.93498],[-107.35334,38.93504],[-107.3535,38.93511],[-107.35352,38.93512],[-107.35361,38.93515],[-107.35374,38.93521],[-107.35384,38.93526],[-107.35392,38.9353],[-107.354,38.93533],[-107.35414,38.93541],[-107.35427,38.93548],[-107.35447,38.93564],[-107.35474,38.93585],[-107.35496,38.93601],[-107.35522,38.9362],[-107.35561,38.93644],[-107.35566,38.93647],[-107.35581,38.93656],[-107.35584,38.93659],[-107.35604,38.93672],[-107.3562,38.93687],[-107.3563,38.93699],[-107.35654,38.93728],[-107.35658,38.93733],[-107.35668,38.93745],[-107.35684,38.93761],[-107.35712,38.93792],[-107.35724,38.93811],[-107.35732,38.93824],[-107.35737,38.93832],[-107.35743,38.93842],[-107.35746,38.93851],[-107.35749,38.9386],[-107.35756,38.93894],[-107.35759,38.93912],[-107.35763,38.9393],[-107.35764,38.93931],[-107.35767,38.93943],[-107.35776,38.93962],[-107.35777,38.93966],[-107.35787,38.93986],[-107.358,38.94009],[-107.35811,38.94024],[-107.35815,38.94029],[-107.35819,38.94033],[-107.35826,38.94038],[-107.35829,38.9404],[-107.35833,38.94042],[-107.3584,38.94046],[-107.35847,38.9405],[-107.35848,38.9405],[-107.35857,38.94053],[-107.3587,38.94057],[-107.35871,38.94057],[-107.35888,38.94062],[-107.35891,38.94063],[-107.35924,38.9407],[-107.35936,38.94073],[-107.35955,38.94077],[-107.35984,38.94083],[-107.36003,38.94087],[-107.36025,38.94093],[-107.36084,38.94107],[-107.36094,38.94109],[-107.36106,38.94111],[-107.36114,38.94112],[-107.36119,38.94112],[-107.36129,38.94113],[-107.36137,38.94113],[-107.36146,38.94113],[-107.36155,38.94111],[-107.3616,38.94111],[-107.36164,38.9411],[-107.36173,38.94107],[-107.36203,38.94097],[-107.36215,38.94093],[-107.36222,38.94091],[-107.36224,38.94091],[-107.36227,38.9409],[-107.36233,38.94089],[-107.36238,38.94089],[-107.36241,38.9409],[-107.36245,38.9409],[-107.36247,38.9409],[-107.36248,38.94091],[-107.36251,38.94092],[-107.36254,38.94093],[-107.36257,38.94094],[-107.36259,38.94095],[-107.3626,38.94096],[-107.36262,38.94098],[-107.36264,38.941],[-107.36264,38.94101],[-107.36283,38.94134],[-107.36283,38.94134],[-107.36319,38.94136],[-107.36328,38.94136],[-107.36351,38.94137],[-107.36353,38.94137],[-107.36374,38.94137],[-107.36376,38.94137],[-107.36397,38.94136],[-107.36398,38.94136],[-107.36399,38.94136],[-107.3642,38.94135],[-107.36437,38.94133],[-107.36452,38.94131],[-107.36465,38.94129],[-107.3649,38.94125],[-107.36516,38.9412],[-107.3652,38.94119],[-107.36533,38.94116],[-107.36542,38.94114],[-107.36543,38.94114],[-107.36564,38.9411],[-107.36578,38.94107],[-107.36587,38.94106],[-107.366,38.94103],[-107.36609,38.94101],[-107.36613,38.941],[-107.36623,38.94098],[-107.36632,38.94096],[-107.36645,38.94094],[-107.36647,38.94093],[-107.36654,38.94092],[-107.36667,38.94088],[-107.36676,38.94086],[-107.36689,38.94083],[-107.36698,38.94081],[-107.36701,38.9408],[-107.36726,38.94072],[-107.36732,38.9407],[-107.3675,38.94063],[-107.36771,38.94055],[-107.36782,38.94051],[-107.368,38.94044],[-107.36824,38.94035],[-107.36836,38.94031],[-107.36844,38.94027],[-107.36856,38.94023],[-107.3688,38.94014],[-107.3691,38.94002],[-107.36919,38.93998],[-107.36927,38.93995],[-107.3694,38.9399],[-107.36946,38.93988],[-107.36948,38.93987],[-107.36971,38.93977],[-107.36979,38.93972],[-107.36987,38.93968],[-107.36988,38.93967],[-107.37011,38.93953],[-107.37023,38.93945],[-107.37032,38.93937],[-107.37033,38.93937],[-107.37039,38.93932],[-107.37046,38.93926],[-107.37058,38.93916],[-107.37068,38.93908],[-107.3708,38.939],[-107.37081,38.93899],[-107.37089,38.93895],[-107.37092,38.93893],[-107.37099,38.93888],[-107.37102,38.93886],[-107.37107,38.93884],[-107.37115,38.93879],[-107.37123,38.93875],[-107.37131,38.93871],[-107.37144,38.93866],[-107.37159,38.93861],[-107.3718,38.93855],[-107.37181,38.93855],[-107.37196,38.93852],[-107.37203,38.9385],[-107.37226,38.93846],[-107.37248,38.93842],[-107.37271,38.93838],[-107.37293,38.93834],[-107.37361,38.93822],[-107.37428,38.93809],[-107.37443,38.93807],[-107.37451,38.93806],[-107.3746,38.93804],[-107.37472,38.93803],[-107.37474,38.93803],[-107.37489,38.93802],[-107.37507,38.93802],[-107.3752,38.93802],[-107.37535,38.93803],[-107.37549,38.93804],[-107.37559,38.93806],[-107.37583,38.9381],[-107.37653,38.93822],[-107.37701,38.93832],[-107.37723,38.93836],[-107.37746,38.9384],[-107.37751,38.93841],[-107.37768,38.93844],[-107.37802,38.9385],[-107.37813,38.93852],[-107.37833,38.93855],[-107.37859,38.93859],[-107.37865,38.93859],[-107.37882,38.93861],[-107.37899,38.93863],[-107.37905,38.93863],[-107.37926,38.93865],[-107.37951,38.93866],[-107.37955,38.93866],[-107.37984,38.93868],[-107.38016,38.93869],[-107.38058,38.9387],[-107.38078,38.9387],[-107.38089,38.9387],[-107.38099,38.93869],[-107.38112,38.93867],[-107.38119,38.93867],[-107.38135,38.93864],[-107.38136,38.93864],[-107.38154,38.93859],[-107.38168,38.93855],[-107.38178,38.93851],[-107.38184,38.93849],[-107.38198,38.93843],[-107.38199,38.93843],[-107.38214,38.93836],[-107.38254,38.93813],[-107.38283,38.93797],[-107.3829,38.93792],[-107.38291,38.93792],[-107.38303,38.93786],[-107.38311,38.93783],[-107.38316,38.9378],[-107.3833,38.93775],[-107.38332,38.93775],[-107.38346,38.93769],[-107.38362,38.93765],[-107.38381,38.93761],[-107.38396,38.93758],[-107.38414,38.93757],[-107.38435,38.93755],[-107.3845,38.93754],[-107.38479,38.93753],[-107.38494,38.93753],[-107.38503,38.93752],[-107.3855,38.93751],[-107.38594,38.93748],[-107.38636,38.93745],[-107.38692,38.93738],[-107.38737,38.93732],[-107.38747,38.9373],[-107.38772,38.93726],[-107.38816,38.93718],[-107.38853,38.9371],[-107.38859,38.93708],[-107.38868,38.93706],[-107.38918,38.93694],[-107.38926,38.93692],[-107.38962,38.93681],[-107.38991,38.93672],[-107.38998,38.9367],[-107.39028,38.93661],[-107.39034,38.93658],[-107.39055,38.93651],[-107.39064,38.93648],[-107.39076,38.93643],[-107.39098,38.93634],[-107.39123,38.93625],[-107.39149,38.93616],[-107.39169,38.93609],[-107.39187,38.93604],[-107.39198,38.93601],[-107.39222,38.93596],[-107.39248,38.93592],[-107.39259,38.9359],[-107.3927,38.93589],[-107.39293,38.93585],[-107.39301,38.93584],[-107.39328,38.93579],[-107.39361,38.93572],[-107.39382,38.93566],[-107.39402,38.93559],[-107.39411,38.93555],[-107.39439,38.93545],[-107.39474,38.93531],[-107.39485,38.93526],[-107.39523,38.93511],[-107.39547,38.93501],[-107.39572,38.93491],[-107.39609,38.93476],[-107.3962,38.93472],[-107.39629,38.93468],[-107.39662,38.93456],[-107.39695,38.93445],[-107.39714,38.9344],[-107.39715,38.9344],[-107.39772,38.93426],[-107.39813,38.93418],[-107.39825,38.93415],[-107.39839,38.93413],[-107.39865,38.93409],[-107.39894,38.93406],[-107.39917,38.93403],[-107.39921,38.93403],[-107.39935,38.93402],[-107.3994,38.93401],[-107.3996,38.934],[-107.39963,38.934],[-107.39986,38.93399],[-107.40002,38.93398],[-107.40009,38.93398],[-107.40041,38.93397],[-107.40075,38.93395],[-107.40094,38.93393],[-107.40101,38.93393],[-107.40118,38.93391],[-107.40146,38.93386],[-107.40154,38.93384],[-107.40181,38.93378],[-107.40198,38.93373],[-107.40206,38.93372],[-107.40219,38.93367],[-107.40236,38.93361],[-107.40261,38.93351],[-107.40271,38.93346],[-107.40281,38.93342],[-107.403,38.93332],[-107.40304,38.9333],[-107.40319,38.93322],[-107.40339,38.93312],[-107.4034,38.93311],[-107.40414,38.93271],[-107.40421,38.93267],[-107.40458,38.93248],[-107.40464,38.93245],[-107.40512,38.93221],[-107.40515,38.93219],[-107.40544,38.93205],[-107.40563,38.93197],[-107.40613,38.93176],[-107.40682,38.93152],[-107.40703,38.93145],[-107.40724,38.93138],[-107.40767,38.93125],[-107.40792,38.93118],[-107.40802,38.93116],[-107.40834,38.93109],[-107.40866,38.93102],[-107.40899,38.93095],[-107.40923,38.93091],[-107.40941,38.93088],[-107.40952,38.93087],[-107.40976,38.93083],[-107.41014,38.93079],[-107.41068,38.93074],[-107.41111,38.93071],[-107.41206,38.93065],[-107.41219,38.93064],[-107.41229,38.93064],[-107.41349,38.93057],[-107.41391,38.93054],[-107.41529,38.93046],[-107.41536,38.93046],[-107.41552,38.93045],[-107.41575,38.93043],[-107.41598,38.93041],[-107.41621,38.9304],[-107.4164,38.93039],[-107.417,38.93033],[-107.41743,38.93028],[-107.41798,38.93017],[-107.41803,38.93016],[-107.41846,38.93007],[-107.41848,38.93006],[-107.41869,38.93],[-107.41891,38.92994],[-107.41912,38.92985],[-107.41922,38.92981],[-107.41932,38.92977],[-107.41943,38.92972],[-107.41951,38.92967],[-107.41966,38.92959],[-107.42008,38.92936],[-107.42011,38.92934],[-107.42045,38.92914],[-107.42064,38.92904],[-107.42068,38.92901],[-107.42082,38.92893],[-107.42101,38.92882],[-107.42119,38.92871],[-107.42128,38.92866],[-107.42159,38.9285],[-107.42183,38.92838],[-107.42197,38.92832],[-107.42207,38.92829],[-107.4224,38.92817],[-107.42251,38.92814],[-107.42268,38.92809],[-107.42297,38.92803],[-107.42319,38.928],[-107.42326,38.92799],[-107.42354,38.92797],[-107.42378,38.92796],[-107.4242,38.92795],[-107.42435,38.92795],[-107.42481,38.92795],[-107.42508,38.92795],[-107.42544,38.92794],[-107.42569,38.92792],[-107.42573,38.92792],[-107.42595,38.92789],[-107.42611,38.92787],[-107.42628,38.92783],[-107.42641,38.9278],[-107.42656,38.92776],[-107.42673,38.9277],[-107.4269,38.92764],[-107.4272,38.92751],[-107.42755,38.92733],[-107.42818,38.92697],[-107.42837,38.92686],[-107.42874,38.92664],[-107.42892,38.92654],[-107.42909,38.92644],[-107.42957,38.92616],[-107.43014,38.92585],[-107.43042,38.92572],[-107.43067,38.92562],[-107.43091,38.92554],[-107.43126,38.92544],[-107.43158,38.92538],[-107.43181,38.92534],[-107.43195,38.92533],[-107.43196,38.92533],[-107.43214,38.92531],[-107.43218,38.92531],[-107.43231,38.92531],[-107.43246,38.9253],[-107.43261,38.92531],[-107.43276,38.92532],[-107.43287,38.92532],[-107.4331,38.92534],[-107.43349,38.92541],[-107.43377,38.92547],[-107.4341,38.92556],[-107.43421,38.9256],[-107.43442,38.92567],[-107.43446,38.92569],[-107.43469,38.92577],[-107.43533,38.92604],[-107.43542,38.92608],[-107.43574,38.92621],[-107.43611,38.92637],[-107.43639,38.92648],[-107.43659,38.92657],[-107.43733,38.92688],[-107.4374,38.92692],[-107.43753,38.92697],[-107.43783,38.9271],[-107.43791,38.92713],[-107.438,38.92716],[-107.43837,38.92729],[-107.43886,38.92744],[-107.43901,38.92748],[-107.43919,38.92753],[-107.4396,38.92763],[-107.4398,38.92768],[-107.44017,38.92775],[-107.44027,38.92776],[-107.44062,38.92782],[-107.44103,38.92787],[-107.44133,38.9279],[-107.44225,38.92799],[-107.44234,38.928],[-107.44271,38.92803],[-107.44339,38.92809],[-107.44415,38.92816],[-107.44483,38.92822],[-107.44565,38.92831],[-107.44594,38.92835],[-107.4464,38.92845],[-107.44697,38.92858],[-107.44728,38.92867],[-107.44758,38.92878],[-107.44851,38.92914],[-107.44899,38.92934],[-107.44916,38.9294],[-107.44944,38.9295],[-107.44964,38.92955],[-107.44986,38.92961],[-107.44997,38.92963],[-107.45014,38.92966],[-107.45019,38.92966],[-107.4503,38.92968],[-107.45054,38.9297],[-107.45092,38.9297],[-107.45151,38.92967],[-107.45227,38.9296],[-107.45318,38.92953],[-107.45365,38.92949],[-107.45416,38.92944],[-107.45456,38.92939],[-107.45483,38.92934],[-107.45498,38.92932],[-107.45552,38.92921],[-107.45598,38.9291],[-107.45704,38.92881],[-107.45768,38.92862],[-107.45804,38.92852],[-107.45857,38.92838],[-107.4588,38.92834],[-107.45903,38.92831],[-107.45917,38.92829],[-107.45933,38.92829],[-107.45944,38.92828],[-107.4596,38.92829],[-107.45992,38.9283],[-107.46037,38.92835],[-107.4605,38.92836],[-107.46073,38.92839],[-107.46095,38.92842],[-107.46118,38.92845],[-107.46141,38.92848],[-107.46194,38.92854],[-107.46255,38.92862],[-107.46278,38.92865],[-107.46359,38.92875],[-107.46374,38.92876],[-107.46379,38.92876],[-107.46397,38.92877],[-107.46413,38.92877],[-107.4643,38.92876],[-107.46456,38.92871],[-107.46461,38.9287],[-107.46479,38.92865],[-107.46495,38.92859],[-107.46503,38.92856],[-107.46513,38.92852],[-107.4653,38.92843],[-107.46541,38.92835],[-107.46545,38.92832],[-107.46557,38.92822],[-107.46568,38.92812],[-107.46571,38.92809],[-107.46582,38.92795],[-107.46594,38.92778],[-107.466,38.92769],[-107.46603,38.9276],[-107.46611,38.92744],[-107.46619,38.92726],[-107.4663,38.92711],[-107.46657,38.92676],[-107.46669,38.92664],[-107.46678,38.92657],[-107.46681,38.92655],[-107.46687,38.92651],[-107.46699,38.92645],[-107.46718,38.92637],[-107.46767,38.92615],[-107.46792,38.92604],[-107.46811,38.92599],[-107.46832,38.92595],[-107.46844,38.92594],[-107.46852,38.92593],[-107.46859,38.92593],[-107.46862,38.92593],[-107.46872,38.92593],[-107.46892,38.92594],[-107.46907,38.92597],[-107.46918,38.92599],[-107.46937,38.92604],[-107.46984,38.92622],[-107.46995,38.92627],[-107.47002,38.9263],[-107.47011,38.92635],[-107.47017,38.9264],[-107.47025,38.92647],[-107.47036,38.92658],[-107.47049,38.92672],[-107.47064,38.92687],[-107.47076,38.92699],[-107.47078,38.92701],[-107.47093,38.92715],[-107.47104,38.92725],[-107.47138,38.92756],[-107.47164,38.92777],[-107.47182,38.92791],[-107.47189,38.92795],[-107.47191,38.92796],[-107.47198,38.928],[-107.47207,38.92805],[-107.47212,38.92807],[-107.4722,38.9281],[-107.47229,38.92813],[-107.47242,38.92816],[-107.47257,38.92818],[-107.4727,38.9282],[-107.47284,38.92821],[-107.47297,38.92821],[-107.47298,38.92821],[-107.47316,38.9282],[-107.4732,38.9282],[-107.47332,38.92819],[-107.47343,38.92818],[-107.47358,38.92817],[-107.47383,38.92814],[-107.47389,38.92813],[-107.47412,38.9281],[-107.4746,38.92805],[-107.47526,38.92798],[-107.47549,38.92796],[-107.47578,38.92793],[-107.47595,38.92791],[-107.47617,38.92789],[-107.47663,38.92784],[-107.47686,38.92781],[-107.47697,38.9278],[-107.47718,38.92778],[-107.4773,38.92776],[-107.47747,38.92773],[-107.47756,38.92771],[-107.47765,38.92768],[-107.47773,38.92766],[-107.47776,38.92765],[-107.47783,38.92762],[-107.47796,38.92756],[-107.478,38.92754],[-107.47807,38.92751],[-107.47814,38.92746],[-107.47825,38.92738],[-107.47833,38.92732],[-107.47845,38.92719],[-107.47859,38.92704],[-107.47862,38.92699],[-107.47873,38.92685],[-107.47878,38.92678],[-107.47884,38.92669],[-107.47895,38.92653],[-107.47898,38.92649],[-107.47906,38.92638],[-107.47908,38.92634],[-107.47921,38.92617],[-107.47932,38.92605],[-107.47958,38.92582],[-107.47973,38.92571],[-107.47991,38.92559],[-107.48011,38.92549],[-107.48036,38.92538],[-107.48077,38.92523],[-107.48113,38.9251],[-107.48119,38.92508],[-107.48161,38.92493],[-107.482,38.9248],[-107.48203,38.92478],[-107.4828,38.92452],[-107.48288,38.92449],[-107.48309,38.92442],[-107.4833,38.92434],[-107.48351,38.92427],[-107.48372,38.9242],[-107.48403,38.9241],[-107.48441,38.92396],[-107.48463,38.92389],[-107.48474,38.92385],[-107.48499,38.92376],[-107.48533,38.92362],[-107.48559,38.92351],[-107.4856,38.9235],[-107.48579,38.9234],[-107.48582,38.92338],[-107.48597,38.92329],[-107.48599,38.92328],[-107.48615,38.92317],[-107.48631,38.92306],[-107.48648,38.92292],[-107.48657,38.92283],[-107.48683,38.92258],[-107.48711,38.92227],[-107.48754,38.92182],[-107.48758,38.92177],[-107.48773,38.92161],[-107.48794,38.92141],[-107.48819,38.92117],[-107.48835,38.92102],[-107.48852,38.92087],[-107.48868,38.92074],[-107.48882,38.92061],[-107.48928,38.92027],[-107.48944,38.92016],[-107.48974,38.91996],[-107.48986,38.91988],[-107.49012,38.91971],[-107.49032,38.91959],[-107.49041,38.91954],[-107.49068,38.91938],[-107.49095,38.91924],[-107.49128,38.91907],[-107.49152,38.91896],[-107.49156,38.91894],[-107.49186,38.9188],[-107.49206,38.91871],[-107.49237,38.91858],[-107.49255,38.91851],[-107.49267,38.91846],[-107.49305,38.91832],[-107.4932,38.91827],[-107.49334,38.91822],[-107.49374,38.9181],[-107.49384,38.91807],[-107.49405,38.91801],[-107.49445,38.91791],[-107.49479,38.91784],[-107.49518,38.91776],[-107.49559,38.91768],[-107.49596,38.91762],[-107.49628,38.91758],[-107.49638,38.91757],[-107.49684,38.91752],[-107.49733,38.91748],[-107.49781,38.91746],[-107.49823,38.91745],[-107.49865,38.91745],[-107.49895,38.91746],[-107.49899,38.91746],[-107.49941,38.91747],[-107.49972,38.91749],[-107.50007,38.91752],[-107.50065,38.91758],[-107.50089,38.91761],[-107.50121,38.91766],[-107.50174,38.91776],[-107.50176,38.91777],[-107.50221,38.91787],[-107.50226,38.91788],[-107.50275,38.918],[-107.50301,38.91808],[-107.50308,38.9181],[-107.5033,38.91816],[-107.5034,38.91819],[-107.50351,38.91823],[-107.50391,38.91835],[-107.50415,38.91844],[-107.50426,38.91847],[-107.50436,38.91851],[-107.5047,38.91863],[-107.50514,38.9188],[-107.5052,38.91882],[-107.5054,38.9189],[-107.50559,38.91898],[-107.50561,38.91898],[-107.50606,38.91919],[-107.50646,38.91937],[-107.50679,38.91955],[-107.50704,38.91967],[-107.50754,38.91991],[-107.50804,38.92017],[-107.50863,38.92044],[-107.50875,38.9205],[-107.50936,38.92081],[-107.51011,38.92119],[-107.5105,38.9214],[-107.51091,38.92161],[-107.51136,38.92183],[-107.51188,38.92208],[-107.51223,38.92224],[-107.51268,38.92243],[-107.51301,38.92255],[-107.51308,38.92258],[-107.51327,38.92264],[-107.51369,38.92278],[-107.51393,38.92285],[-107.51397,38.92286],[-107.51415,38.92291],[-107.51427,38.92294],[-107.51459,38.92301],[-107.51475,38.92305],[-107.51482,38.92307],[-107.51519,38.92315],[-107.51565,38.92322],[-107.51571,38.92323],[-107.51605,38.92328],[-107.5164,38.92332],[-107.51658,38.92334],[-107.51663,38.92334],[-107.51704,38.92337],[-107.51709,38.92337],[-107.51743,38.92339],[-107.51793,38.92339],[-107.51847,38.92338],[-107.51887,38.92336],[-107.51943,38.92331],[-107.51999,38.92326],[-107.52111,38.92311],[-107.52308,38.92284],[-107.52336,38.9228],[-107.52338,38.92279],[-107.52361,38.92276],[-107.52364,38.92276],[-107.52384,38.92273],[-107.52564,38.92248],[-107.52588,38.92245],[-107.52826,38.92211],[-107.52934,38.92196],[-107.52936,38.92195],[-107.53016,38.92184],[-107.53099,38.92172],[-107.53195,38.9216],[-107.53278,38.92149],[-107.53304,38.92145],[-107.53319,38.92142],[-107.53338,38.92138],[-107.5336,38.92133],[-107.5338,38.92128],[-107.53402,38.92121],[-107.5342,38.92116],[-107.53435,38.92111],[-107.53452,38.92105],[-107.53468,38.92099],[-107.53485,38.92092],[-107.53506,38.92083],[-107.53531,38.92071],[-107.5355,38.92062],[-107.53571,38.9205],[-107.53586,38.92042],[-107.53593,38.92038],[-107.53603,38.92032],[-107.53623,38.9202],[-107.53647,38.92004],[-107.53664,38.91992],[-107.53683,38.91979],[-107.53709,38.91958],[-107.5373,38.91941],[-107.53745,38.91928],[-107.53763,38.9191],[-107.53774,38.91898],[-107.53788,38.91883],[-107.53797,38.91872],[-107.53809,38.91857],[-107.53821,38.91841],[-107.53834,38.91823],[-107.53839,38.91818],[-107.53863,38.91787],[-107.5388,38.91768],[-107.53894,38.91753],[-107.53904,38.91743],[-107.53918,38.91732],[-107.53938,38.91716],[-107.53956,38.91704],[-107.53974,38.91692],[-107.53986,38.91686],[-107.53999,38.91679],[-107.54002,38.91678],[-107.54021,38.91669],[-107.5404,38.91662],[-107.54064,38.91653],[-107.54066,38.91652],[-107.54099,38.91641],[-107.54136,38.9163],[-107.54167,38.9162],[-107.54202,38.91608],[-107.54213,38.91605],[-107.54235,38.91598],[-107.54256,38.91591],[-107.54274,38.91586],[-107.54277,38.91585],[-107.5432,38.91571],[-107.54342,38.91564],[-107.54345,38.91563],[-107.54385,38.91551],[-107.54427,38.91537],[-107.54449,38.9153],[-107.54455,38.91528],[-107.54495,38.91516],[-107.54513,38.9151],[-107.54519,38.91509],[-107.54535,38.91504],[-107.54551,38.91499],[-107.54578,38.9149],[-107.54599,38.91484],[-107.54614,38.91479],[-107.5462,38.91477],[-107.54665,38.91463],[-107.54685,38.91457],[-107.54691,38.91456],[-107.54707,38.91451],[-107.54712,38.91449],[-107.54722,38.91445],[-107.5473,38.9144],[-107.54744,38.91433],[-107.54757,38.91427],[-107.54783,38.91419],[-107.54823,38.91406],[-107.5485,38.91397],[-107.54852,38.91397],[-107.5488,38.91387],[-107.54951,38.91365],[-107.54959,38.91362],[-107.5498,38.91355],[-107.55029,38.9134],[-107.5505,38.91332],[-107.55072,38.91325],[-107.5508,38.91322],[-107.551,38.91315],[-107.55102,38.91315],[-107.55122,38.91308],[-107.55139,38.91303],[-107.55164,38.91296],[-107.55191,38.91288],[-107.55225,38.9128],[-107.55255,38.91274],[-107.55285,38.91269],[-107.55314,38.91264],[-107.55329,38.91261],[-107.55354,38.91256],[-107.5539,38.91251],[-107.55432,38.91244],[-107.55479,38.91236],[-107.5554,38.91222],[-107.55555,38.91218],[-107.55567,38.91213],[-107.55582,38.91208],[-107.55594,38.91202],[-107.55605,38.91197],[-107.55621,38.91189],[-107.55631,38.91184],[-107.55642,38.91178],[-107.55652,38.91171],[-107.55672,38.91156],[-107.55694,38.91139],[-107.55707,38.91128],[-107.55719,38.91116],[-107.5573,38.91104],[-107.55739,38.91094],[-107.55751,38.91078],[-107.55774,38.91047],[-107.55786,38.91031],[-107.55797,38.91017],[-107.55823,38.90984],[-107.55829,38.90976],[-107.55846,38.90951],[-107.55863,38.90929],[-107.55874,38.90913],[-107.55879,38.90907],[-107.5593,38.90836],[-107.55957,38.90799],[-107.55966,38.90788],[-107.55993,38.90754],[-107.56018,38.90722],[-107.56027,38.90712],[-107.56049,38.90684],[-107.56077,38.90648],[-107.56088,38.90634],[-107.56099,38.90619],[-107.5612,38.90588],[-107.5613,38.90569],[-107.56139,38.90553],[-107.56147,38.90538],[-107.56154,38.90524],[-107.56155,38.90521],[-107.56162,38.90505],[-107.56163,38.90504],[-107.56171,38.90487],[-107.56181,38.90467],[-107.56194,38.90439],[-107.56195,38.90436],[-107.56202,38.9042],[-107.56203,38.9042],[-107.56213,38.90396],[-107.56234,38.90352],[-107.56242,38.90336],[-107.5627,38.90278],[-107.56284,38.90245],[-107.56305,38.90201],[-107.56305,38.902],[-107.56314,38.90184],[-107.56322,38.90168],[-107.56328,38.9016],[-107.56333,38.90152],[-107.56344,38.90139],[-107.56346,38.90137],[-107.56357,38.90125],[-107.56372,38.90112],[-107.56387,38.90101],[-107.56398,38.90093],[-107.56408,38.90087],[-107.56419,38.90082],[-107.56448,38.90067],[-107.56484,38.90048],[-107.56515,38.90032],[-107.56526,38.90026],[-107.56534,38.90022],[-107.56542,38.90017],[-107.56555,38.90009],[-107.56567,38.90001],[-107.5658,38.89992],[-107.56598,38.89978],[-107.56628,38.89953],[-107.56643,38.8994],[-107.56644,38.89939],[-107.56665,38.89921],[-107.56674,38.89913],[-107.56679,38.89909],[-107.56703,38.89889],[-107.56714,38.89881],[-107.56728,38.89872],[-107.5674,38.89864],[-107.56756,38.89854],[-107.56774,38.89844],[-107.56801,38.89829],[-107.56825,38.89815],[-107.56847,38.89803],[-107.56878,38.89786],[-107.56902,38.89772],[-107.56921,38.89762],[-107.56929,38.89758],[-107.5694,38.89753],[-107.56946,38.8975],[-107.56962,38.89742],[-107.5698,38.89734],[-107.57012,38.89719],[-107.57034,38.89708],[-107.57059,38.89695],[-107.57083,38.89682],[-107.57106,38.89669],[-107.57132,38.89653],[-107.57162,38.89634],[-107.57211,38.89602],[-107.57236,38.89585],[-107.57255,38.89571],[-107.57261,38.89566],[-107.57287,38.89548],[-107.57312,38.8953],[-107.57373,38.89485],[-107.57424,38.89448],[-107.5743,38.89444],[-107.57466,38.89417],[-107.57474,38.89411],[-107.57518,38.8938],[-107.57542,38.89362],[-107.57575,38.89338],[-107.5759,38.89328],[-107.57603,38.89319],[-107.57614,38.89314],[-107.57628,38.89306],[-107.57646,38.89298],[-107.57651,38.89296],[-107.57657,38.89294],[-107.57674,38.89287],[-107.5769,38.89281],[-107.57711,38.89274],[-107.57732,38.89266],[-107.57734,38.89265],[-107.57774,38.89252],[-107.57798,38.89244],[-107.57818,38.89237],[-107.5787,38.89218],[-107.57892,38.8921],[-107.57907,38.89204],[-107.57923,38.89197],[-107.57941,38.89189],[-107.57959,38.8918],[-107.57977,38.89171],[-107.58002,38.89158],[-107.58019,38.89148],[-107.58038,38.89138],[-107.58048,38.89133],[-107.58085,38.89112],[-107.58095,38.89106],[-107.58111,38.89097],[-107.58151,38.89075],[-107.58169,38.89064],[-107.58188,38.89054],[-107.58223,38.89034],[-107.58243,38.89022],[-107.58246,38.8902],[-107.58261,38.8901],[-107.58286,38.88995],[-107.58315,38.88976],[-107.58325,38.88969],[-107.58362,38.88941],[-107.58365,38.88939],[-107.5839,38.88918],[-107.58428,38.88886],[-107.58446,38.88871],[-107.58497,38.88826],[-107.58551,38.88783],[-107.58552,38.88782],[-107.58562,38.88773],[-107.58593,38.88744],[-107.58603,38.88734],[-107.58628,38.88711],[-107.58645,38.88695],[-107.58663,38.88678],[-107.58677,38.88664],[-107.58686,38.88655],[-107.58713,38.88627],[-107.58741,38.88602],[-107.58762,38.88584],[-107.58812,38.88547],[-107.58855,38.88517],[-107.58864,38.88511],[-107.58882,38.88499],[-107.58896,38.8849],[-107.58927,38.88468],[-107.5895,38.88453],[-107.5897,38.88438],[-107.58991,38.88422],[-107.59001,38.88414],[-107.59015,38.88403],[-107.59017,38.88401],[-107.59039,38.88384],[-107.59091,38.88341],[-107.59136,38.88303],[-107.5916,38.88284],[-107.59181,38.88266],[-107.59206,38.88246],[-107.59218,38.88237],[-107.59228,38.8823],[-107.59244,38.88219],[-107.59261,38.88208],[-107.59278,38.88199],[-107.59304,38.88188],[-107.59315,38.88184],[-107.59335,38.88178],[-107.59354,38.88172],[-107.59374,38.88167],[-107.59411,38.88158],[-107.59431,38.88153],[-107.59473,38.88143],[-107.59499,38.88136],[-107.59515,38.88132],[-107.59563,38.88121],[-107.59565,38.8812],[-107.59572,38.88119],[-107.59592,38.88114],[-107.59611,38.88109],[-107.59619,38.88106],[-107.59629,38.88102],[-107.59642,38.88097],[-107.59665,38.88087],[-107.59669,38.88085],[-107.59683,38.88078],[-107.59695,38.88072],[-107.59698,38.8807],[-107.59704,38.88067],[-107.59711,38.88063],[-107.59723,38.88056],[-107.5974,38.88044],[-107.59744,38.88042],[-107.59778,38.88018],[-107.59791,38.88008],[-107.59804,38.87998],[-107.59829,38.87979],[-107.59837,38.87973],[-107.59846,38.87966],[-107.59853,38.87961],[-107.59855,38.87959],[-107.59893,38.87931],[-107.59903,38.87923],[-107.59921,38.87909],[-107.59943,38.87894],[-107.5996,38.87882],[-107.59973,38.87875],[-107.59991,38.87866],[-107.59992,38.87866],[-107.60005,38.8786],[-107.6002,38.87853],[-107.60023,38.87852],[-107.60036,38.87846],[-107.60042,38.87844],[-107.60052,38.8784],[-107.60071,38.87832],[-107.60084,38.87826],[-107.60097,38.8782],[-107.60111,38.87813],[-107.60123,38.87807],[-107.60125,38.87805],[-107.60141,38.87795],[-107.60155,38.87784],[-107.60157,38.87783],[-107.60162,38.87778],[-107.6017,38.87772],[-107.60181,38.8776],[-107.60186,38.87755],[-107.60192,38.87748],[-107.60198,38.87739],[-107.60202,38.87734],[-107.6021,38.8772],[-107.60228,38.87692],[-107.60237,38.87678],[-107.60247,38.87666],[-107.60258,38.87653],[-107.60262,38.87649],[-107.60271,38.87641],[-107.60285,38.87631],[-107.603,38.8762],[-107.60316,38.87611],[-107.60335,38.87602],[-107.6035,38.87595],[-107.60367,38.87588],[-107.60368,38.87588],[-107.60373,38.87586],[-107.60389,38.8758],[-107.60435,38.87563],[-107.60452,38.87557],[-107.60454,38.87556],[-107.60493,38.87542],[-107.60498,38.8754],[-107.60515,38.87533],[-107.60534,38.87525],[-107.60555,38.87517],[-107.60556,38.87516],[-107.6056,38.87515],[-107.60578,38.87507],[-107.60591,38.87501],[-107.60595,38.87499],[-107.606,38.87497],[-107.60627,38.87485],[-107.60647,38.87475],[-107.60664,38.87467],[-107.60687,38.87457],[-107.60699,38.87451],[-107.60704,38.87449],[-107.60714,38.87444],[-107.60767,38.87416],[-107.6078,38.87409],[-107.60792,38.87403],[-107.60812,38.87391],[-107.60815,38.87389],[-107.6085,38.87368],[-107.60875,38.87351],[-107.60918,38.87319],[-107.60929,38.8731],[-107.6094,38.87301],[-107.60971,38.87274],[-107.6098,38.87265],[-107.60998,38.87245],[-107.61005,38.87234],[-107.61014,38.8722],[-107.61022,38.87203],[-107.61028,38.87185],[-107.61034,38.87163],[-107.61045,38.87124],[-107.61054,38.87094],[-107.61058,38.87081],[-107.61063,38.8707],[-107.61069,38.87058],[-107.61076,38.87045],[-107.61082,38.87037],[-107.61086,38.87031],[-107.61096,38.87019],[-107.61099,38.87015],[-107.61109,38.87003],[-107.61119,38.86993],[-107.61146,38.86968],[-107.61187,38.86932],[-107.61191,38.86928],[-107.61192,38.86928],[-107.61236,38.8689],[-107.61315,38.86819],[-107.61379,38.86763],[-107.61418,38.86729],[-107.61465,38.86687],[-107.61481,38.86674],[-107.61544,38.86617],[-107.61614,38.86556],[-107.61618,38.86552],[-107.6164,38.86534],[-107.61653,38.86524],[-107.61669,38.86512],[-107.61684,38.865],[-107.61708,38.86484],[-107.61729,38.86471],[-107.61745,38.86462],[-107.61771,38.86446],[-107.61792,38.86435],[-107.61815,38.86422],[-107.61837,38.8641],[-107.61882,38.86386],[-107.61933,38.86358],[-107.6195,38.86348],[-107.62019,38.8631],[-107.62023,38.86309],[-107.62116,38.86256],[-107.62171,38.86224],[-107.62199,38.86207],[-107.62216,38.86196],[-107.6225,38.86177],[-107.62253,38.86175],[-107.62265,38.86168],[-107.62272,38.86164],[-107.62277,38.86161],[-107.62288,38.86155],[-107.62301,38.86148],[-107.62312,38.86143],[-107.62328,38.86136],[-107.62349,38.8613],[-107.62372,38.86123],[-107.62396,38.86119],[-107.62403,38.86118],[-107.62421,38.86115],[-107.62426,38.86115],[-107.62433,38.86113],[-107.62466,38.86109],[-107.62512,38.86103],[-107.62513,38.86102],[-107.62545,38.86098],[-107.62575,38.86095],[-107.62581,38.86094],[-107.62595,38.86092],[-107.62627,38.86088],[-107.62631,38.86088],[-107.62654,38.86085],[-107.62656,38.86084],[-107.62725,38.86075],[-107.62745,38.86073],[-107.62767,38.8607],[-107.62796,38.86066],[-107.62813,38.86064],[-107.62865,38.86057],[-107.62922,38.8605],[-107.62978,38.86043],[-107.62995,38.86041],[-107.63006,38.86039],[-107.63036,38.86036],[-107.63076,38.8603],[-107.63117,38.86025],[-107.63132,38.86023],[-107.63197,38.86015],[-107.63239,38.86009],[-107.63268,38.86004],[-107.63309,38.85996],[-107.63311,38.85995],[-107.6335,38.85987],[-107.63355,38.85986],[-107.63378,38.85981],[-107.634,38.85976],[-107.63403,38.85975],[-107.63422,38.85971],[-107.63452,38.85965],[-107.63499,38.85955],[-107.6354,38.85945],[-107.63578,38.85937],[-107.6358,38.85936],[-107.63648,38.85921],[-107.63715,38.85906],[-107.63755,38.85897],[-107.63777,38.85892],[-107.63798,38.85887],[-107.63837,38.85878],[-107.63878,38.85869],[-107.63955,38.85852],[-107.64001,38.85841],[-107.64093,38.85816],[-107.64158,38.85797],[-107.64173,38.85793],[-107.64216,38.8578],[-107.6423,38.85775],[-107.64237,38.85773],[-107.64332,38.85745],[-107.64368,38.85734],[-107.64404,38.85723],[-107.64523,38.85688],[-107.64577,38.85671],[-107.64592,38.85667],[-107.64703,38.85633],[-107.64752,38.85618],[-107.6477,38.85612],[-107.64835,38.85593],[-107.64943,38.8556],[-107.64964,38.85554],[-107.64989,38.85546],[-107.65112,38.85509],[-107.65263,38.85463],[-107.65284,38.85456],[-107.65306,38.8545],[-107.65319,38.85445],[-107.65335,38.85441],[-107.65351,38.85436],[-107.65363,38.85431],[-107.6537,38.85429],[-107.65375,38.85427],[-107.65389,38.85421],[-107.65399,38.85417],[-107.65412,38.85411],[-107.65425,38.85403],[-107.65444,38.85392],[-107.65454,38.85385],[-107.65464,38.85378],[-107.65495,38.85357],[-107.655,38.85353],[-107.65529,38.85332],[-107.65546,38.8532],[-107.65563,38.85308],[-107.6558,38.85296],[-107.65647,38.85247],[-107.65664,38.85234],[-107.65668,38.85232],[-107.65698,38.8521],[-107.65713,38.85199],[-107.65715,38.85197],[-107.65789,38.85143],[-107.65867,38.85087],[-107.65907,38.85058],[-107.6593,38.85041],[-107.65949,38.85026],[-107.65958,38.85018],[-107.65966,38.8501],[-107.65972,38.85004],[-107.65984,38.84993],[-107.66,38.84977],[-107.66016,38.84959],[-107.66072,38.84897],[-107.66124,38.84837],[-107.66147,38.84811],[-107.66161,38.84796],[-107.66164,38.84793],[-107.66175,38.84784],[-107.6619,38.84771],[-107.66207,38.84757],[-107.66212,38.84754],[-107.66223,38.84747],[-107.66243,38.84734],[-107.66264,38.84723],[-107.66276,38.84717],[-107.66288,38.84712],[-107.66304,38.84705],[-107.66329,38.84696],[-107.66346,38.84691],[-107.66353,38.84689],[-107.66367,38.84685],[-107.66389,38.84678],[-107.66408,38.84673],[-107.6641,38.84672],[-107.66432,38.84665],[-107.66532,38.84636],[-107.6654,38.84634],[-107.66605,38.84614],[-107.66625,38.84609],[-107.66626,38.84608],[-107.66691,38.84589],[-107.66787,38.84561],[-107.66843,38.84546],[-107.66887,38.84534],[-107.66906,38.84528],[-107.66959,38.84511],[-107.66969,38.84507],[-107.66984,38.84501],[-107.67009,38.84491],[-107.67033,38.84479],[-107.67056,38.84468],[-107.67068,38.84461],[-107.67079,38.84455],[-107.67086,38.84451],[-107.67101,38.84442],[-107.67122,38.84429],[-107.67142,38.84414],[-107.67163,38.84399],[-107.672,38.8437],[-107.67218,38.84354],[-107.67251,38.84322],[-107.67267,38.84305],[-107.67289,38.84279],[-107.67333,38.84223],[-107.67345,38.84208],[-107.67352,38.84199],[-107.67355,38.84194],[-107.67367,38.84179],[-107.67392,38.84146],[-107.67451,38.84068],[-107.67484,38.84024],[-107.67497,38.84007],[-107.67498,38.84007],[-107.6753,38.83965],[-107.67532,38.83962],[-107.67533,38.8396],[-107.67568,38.83916],[-107.67571,38.83912],[-107.676,38.83877],[-107.6763,38.83843],[-107.67632,38.83842],[-107.67661,38.83809],[-107.67687,38.83784],[-107.67711,38.83759],[-107.67715,38.83756],[-107.6773,38.83742],[-107.6776,38.83714],[-107.67829,38.83649],[-107.67911,38.83573],[-107.67983,38.83506],[-107.67985,38.83504],[-107.68121,38.83377],[-107.68139,38.8336],[-107.68219,38.83286],[-107.68252,38.83255],[-107.68272,38.83236],[-107.68288,38.8322],[-107.683,38.83209],[-107.68316,38.83191],[-107.68336,38.83168],[-107.68352,38.83148],[-107.68364,38.83133],[-107.68366,38.83131],[-107.68395,38.83095],[-107.68437,38.8304],[-107.68444,38.83031],[-107.68563,38.82869],[-107.68666,38.82729],[-107.68699,38.82682],[-107.68704,38.82675],[-107.6871,38.82666],[-107.68716,38.82656],[-107.6872,38.8265],[-107.68738,38.82619],[-107.68748,38.826],[-107.68757,38.82581],[-107.68766,38.82561],[-107.68773,38.82543],[-107.68782,38.82522],[-107.68784,38.82515],[-107.6879,38.82497],[-107.68796,38.82482],[-107.68802,38.82462],[-107.68806,38.82449],[-107.68811,38.82433],[-107.68818,38.8241],[-107.68822,38.82399],[-107.68824,38.82393],[-107.68827,38.82383],[-107.68829,38.82375],[-107.68835,38.82357],[-107.68842,38.8234],[-107.68851,38.82316],[-107.68858,38.823],[-107.6887,38.82275],[-107.68881,38.82255],[-107.68886,38.82246],[-107.68891,38.82237],[-107.68905,38.82214],[-107.68917,38.82195],[-107.68931,38.82178],[-107.68943,38.82161],[-107.68946,38.82158],[-107.68967,38.82133],[-107.68981,38.82116],[-107.68994,38.82102],[-107.69002,38.82094],[-107.69011,38.82084],[-107.69022,38.82073],[-107.69043,38.82052],[-107.69049,38.82046],[-107.69067,38.82027],[-107.69075,38.82019],[-107.69078,38.82015],[-107.69082,38.8201],[-107.69088,38.82004],[-107.69091,38.82],[-107.69095,38.81995],[-107.69101,38.81987],[-107.69102,38.81984],[-107.69107,38.81978],[-107.69113,38.8197],[-107.69119,38.8196],[-107.69124,38.81953],[-107.69131,38.81941],[-107.69144,38.81917],[-107.69156,38.81894],[-107.69169,38.8187],[-107.69175,38.8186],[-107.69178,38.81853],[-107.69197,38.81817],[-107.6922,38.81772],[-107.69229,38.81753],[-107.69238,38.81736],[-107.69249,38.81715],[-107.69255,38.81703],[-107.6927,38.81677],[-107.69273,38.8167],[-107.69275,38.81667],[-107.69282,38.81653],[-107.69286,38.81645],[-107.69303,38.81614],[-107.69307,38.81607],[-107.69312,38.81597],[-107.69317,38.8159],[-107.69318,38.81587],[-107.69323,38.81581],[-107.6933,38.81572],[-107.69335,38.81565],[-107.69342,38.81556],[-107.69348,38.8155],[-107.69355,38.81544],[-107.69356,38.81542],[-107.69362,38.81537],[-107.69372,38.81529],[-107.69378,38.81523],[-107.6939,38.81514],[-107.69404,38.81503],[-107.69421,38.81491],[-107.69448,38.81471],[-107.69455,38.81466],[-107.69461,38.81462],[-107.69472,38.81454],[-107.69487,38.81443],[-107.69503,38.81432],[-107.69524,38.81417],[-107.69536,38.81408],[-107.6954,38.81406],[-107.69557,38.81394],[-107.69563,38.81389],[-107.69576,38.8138],[-107.69591,38.81369],[-107.69614,38.81351],[-107.69619,38.81347],[-107.69625,38.81342],[-107.6963,38.81338],[-107.69631,38.81336],[-107.69636,38.81332],[-107.69669,38.81302],[-107.69671,38.813],[-107.69678,38.81293],[-107.69699,38.81276],[-107.697,38.81276],[-107.69714,38.81266],[-107.69715,38.81265],[-107.69724,38.81259],[-107.69726,38.81258],[-107.69731,38.81254],[-107.69749,38.81244],[-107.69758,38.81239],[-107.69767,38.81234],[-107.69784,38.81226],[-107.69817,38.8121],[-107.6983,38.81205],[-107.69831,38.81204],[-107.6988,38.81182],[-107.69888,38.81178],[-107.69946,38.81151],[-107.69961,38.81144],[-107.69995,38.81129],[-107.70002,38.81125],[-107.70021,38.81116],[-107.70029,38.81112],[-107.7004,38.81106],[-107.70047,38.81102],[-107.70056,38.81096],[-107.70058,38.81095],[-107.70064,38.81091],[-107.70074,38.81083],[-107.7008,38.81077],[-107.70088,38.8107],[-107.70089,38.81069],[-107.70093,38.81064],[-107.70094,38.81063],[-107.70095,38.81062],[-107.70102,38.81054],[-107.70106,38.81049],[-107.70113,38.81038],[-107.70121,38.81026],[-107.7014,38.80999],[-107.70155,38.80978],[-107.70168,38.80959],[-107.70184,38.80936],[-107.70191,38.80926],[-107.70207,38.80904],[-107.70213,38.80897],[-107.70213,38.80896],[-107.70219,38.80889],[-107.70234,38.80872],[-107.70239,38.80866],[-107.70241,38.80865],[-107.70261,38.80845],[-107.70268,38.80839],[-107.70269,38.80838],[-107.70274,38.80834],[-107.70276,38.80832],[-107.70284,38.80826],[-107.70292,38.8082],[-107.70293,38.80818],[-107.70316,38.80802],[-107.70318,38.80801],[-107.70328,38.80794],[-107.70345,38.80783],[-107.70353,38.80778],[-107.70371,38.80767],[-107.70378,38.80763],[-107.70379,38.80762],[-107.70398,38.8075],[-107.70407,38.80744],[-107.70416,38.80739],[-107.70426,38.80733],[-107.70466,38.80709],[-107.70488,38.80697],[-107.70502,38.80689],[-107.70556,38.80662],[-107.70586,38.80649],[-107.70606,38.8064],[-107.70612,38.80637],[-107.70644,38.80623],[-107.70717,38.80592],[-107.70785,38.80563],[-107.70797,38.80557],[-107.70798,38.80557],[-107.70835,38.80541],[-107.70879,38.80522],[-107.70886,38.80519],[-107.7089,38.80517],[-107.70908,38.80508],[-107.70925,38.80499],[-107.70936,38.80492],[-107.70941,38.80489],[-107.7096,38.80476],[-107.70971,38.80467],[-107.70979,38.80461],[-107.70985,38.80455],[-107.70985,38.80454],[-107.70991,38.80449],[-107.70997,38.80443],[-107.71005,38.80434],[-107.71018,38.80418],[-107.71058,38.8037],[-107.71081,38.80343],[-107.71094,38.80327],[-107.71111,38.80307],[-107.71151,38.80258],[-107.71186,38.80216],[-107.71198,38.80202],[-107.71213,38.80183],[-107.71249,38.8014],[-107.71287,38.80095],[-107.71321,38.80053],[-107.71335,38.80036],[-107.71337,38.80034],[-107.71347,38.80022],[-107.71373,38.7999],[-107.71399,38.79959],[-107.71407,38.7995],[-107.7142,38.79938],[-107.71432,38.79928],[-107.71444,38.79921],[-107.71458,38.79913],[-107.71458,38.79913],[-107.71469,38.79908],[-107.71479,38.79905],[-107.71481,38.79904],[-107.71487,38.79902],[-107.71494,38.79899],[-107.71501,38.79898],[-107.7151,38.79896],[-107.71519,38.79894],[-107.71527,38.79893],[-107.71533,38.79893],[-107.71543,38.79893],[-107.7155,38.79893],[-107.71558,38.79893],[-107.7156,38.79893],[-107.71571,38.79893],[-107.71584,38.79894],[-107.71598,38.79894],[-107.71616,38.79894],[-107.71776,38.79896],[-107.71935,38.79894],[-107.721,38.79896],[-107.72159,38.79897],[-107.72174,38.79897],[-107.72267,38.79897],[-107.72429,38.79898],[-107.72593,38.79897],[-107.72603,38.79897],[-107.72619,38.79895],[-107.72635,38.79891],[-107.72651,38.79885],[-107.72661,38.7988],[-107.72665,38.79878],[-107.72681,38.7987],[-107.72717,38.79843],[-107.72731,38.79834],[-107.72742,38.79828],[-107.72764,38.79817],[-107.72786,38.79811],[-107.728,38.79809],[-107.7282,38.79807],[-107.72849,38.79806],[-107.72918,38.79807],[-107.72997,38.79807],[-107.73059,38.79807],[-107.73082,38.79807],[-107.73105,38.79807],[-107.73112,38.79807],[-107.73128,38.79807],[-107.73151,38.79807],[-107.73166,38.79807],[-107.73198,38.79808],[-107.73205,38.79809],[-107.73237,38.79812],[-107.73244,38.79814],[-107.73266,38.79819],[-107.73269,38.7982],[-107.73288,38.79826],[-107.73301,38.7983],[-107.73309,38.79833],[-107.73328,38.79843],[-107.73336,38.79847],[-107.73361,38.79863],[-107.73382,38.79882],[-107.73402,38.79903],[-107.73416,38.79921],[-107.73428,38.79936],[-107.7343,38.79939],[-107.73442,38.79955],[-107.73477,38.80002],[-107.73536,38.80078],[-107.73547,38.80094],[-107.73571,38.80125],[-107.736,38.80163],[-107.73614,38.80178],[-107.73622,38.80184],[-107.73629,38.80189],[-107.73645,38.802],[-107.73664,38.80211],[-107.73677,38.80217],[-107.73687,38.80221],[-107.73698,38.80224],[-107.73718,38.80231],[-107.7372,38.80231],[-107.73738,38.80235],[-107.73765,38.80239],[-107.73786,38.8024],[-107.73788,38.8024],[-107.73808,38.8024],[-107.73811,38.8024],[-107.73831,38.80239],[-107.73854,38.80235],[-107.73878,38.80229],[-107.73878,38.80229],[-107.73899,38.80223],[-107.73922,38.80216],[-107.73942,38.80209],[-107.73953,38.80206],[-107.73964,38.80202],[-107.73976,38.80197],[-107.73987,38.80193],[-107.74012,38.80184],[-107.74026,38.80179],[-107.74047,38.80172],[-107.7406,38.80167],[-107.74194,38.80119],[-107.74214,38.80112],[-107.74387,38.80051],[-107.74407,38.80044],[-107.74466,38.80025],[-107.74489,38.80019],[-107.74519,38.80011],[-107.74546,38.80004],[-107.74601,38.79993],[-107.74629,38.79988],[-107.74661,38.79984],[-107.74685,38.79981],[-107.74742,38.79977],[-107.74799,38.79975],[-107.74822,38.79975],[-107.74845,38.79975],[-107.74856,38.79975],[-107.74941,38.79977],[-107.75056,38.79979],[-107.75085,38.79979],[-107.75114,38.7998],[-107.75355,38.79984],[-107.7538,38.79985],[-107.75557,38.79988],[-107.7558,38.79988],[-107.75742,38.79991],[-107.75765,38.79991],[-107.75949,38.79995],[-107.76295,38.80001],[-107.76369,38.80003],[-107.76497,38.80006],[-107.76774,38.80013],[-107.76799,38.80013],[-107.76855,38.80015],[-107.7691,38.80016],[-107.77011,38.80018],[-107.77135,38.80021],[-107.77191,38.80023],[-107.77236,38.80024],[-107.77378,38.80028],[-107.77427,38.80029],[-107.77456,38.8003],[-107.77519,38.8003],[-107.77702,38.80035],[-107.77726,38.80035],[-107.77952,38.80041],[-107.77978,38.80042],[-107.78172,38.80046],[-107.78355,38.80045],[-107.78458,38.80045],[-107.78643,38.80043],[-107.78902,38.80042],[-107.79109,38.8004],[-107.79166,38.80039],[-107.7935,38.80038],[-107.79601,38.80037],[-107.79794,38.80036],[-107.79947,38.80037],[-107.80052,38.80037],[-107.80168,38.80037],[-107.80191,38.80037],[-107.80237,38.80037],[-107.8026,38.80037],[-107.80352,38.80037],[-107.80375,38.80037],[-107.8052,38.80037],[-107.8055,38.80037],[-107.80575,38.80037],[-107.80622,38.80037],[-107.8086,38.80037],[-107.80976,38.80038],[-107.81076,38.80038],[-107.81127,38.80038],[-107.81244,38.80038],[-107.813,38.80039],[-107.81313,38.80039],[-107.81318,38.80039],[-107.81392,38.80039],[-107.81444,38.8004],[-107.81451,38.8004],[-107.81467,38.8004],[-107.81476,38.80039],[-107.8149,38.80038],[-107.81513,38.80037],[-107.8152,38.80036],[-107.81535,38.80034],[-107.81544,38.80032],[-107.8158,38.80026],[-107.81589,38.80023],[-107.81612,38.80017],[-107.81638,38.80009],[-107.81694,38.79987],[-107.81722,38.79974],[-107.81768,38.79954],[-107.81777,38.7995],[-107.81787,38.79945],[-107.81798,38.79941],[-107.81812,38.79935],[-107.81826,38.79929],[-107.8184,38.79923],[-107.81853,38.79917],[-107.81875,38.79909],[-107.81877,38.79908],[-107.81878,38.79908],[-107.81939,38.79889],[-107.81981,38.79878],[-107.82035,38.79866],[-107.82038,38.79866],[-107.8207,38.79859],[-107.82137,38.79844],[-107.82138,38.79844],[-107.82154,38.7984],[-107.82159,38.79839],[-107.82181,38.79834],[-107.82202,38.7983],[-107.82222,38.79826],[-107.82267,38.79816],[-107.82333,38.79801],[-107.82355,38.79796],[-107.824,38.79786],[-107.82467,38.79771],[-107.82484,38.79766],[-107.82536,38.79754],[-107.82558,38.79749],[-107.8258,38.79744],[-107.82603,38.7974],[-107.82647,38.7973],[-107.82714,38.79715],[-107.82741,38.79712],[-107.82763,38.79708],[-107.82786,38.79705],[-107.8281,38.79702],[-107.82864,38.79698],[-107.82873,38.79697],[-107.82896,38.79697],[-107.82934,38.79695],[-107.82965,38.79696],[-107.82989,38.79697],[-107.83035,38.79698],[-107.83124,38.797],[-107.8315,38.79702],[-107.83196,38.79704],[-107.83219,38.79705],[-107.83265,38.79708],[-107.83304,38.7971],[-107.8333,38.79711],[-107.83361,38.79713],[-107.83376,38.79714],[-107.83399,38.79715],[-107.83408,38.79716],[-107.83411,38.79716],[-107.83468,38.79719],[-107.83606,38.79727],[-107.83638,38.79729],[-107.83675,38.79731],[-107.83698,38.79733],[-107.83708,38.79733],[-107.83731,38.79734],[-107.83754,38.79736],[-107.83777,38.79737],[-107.83823,38.7974],[-107.83846,38.79741],[-107.83869,38.79742],[-107.83892,38.79744],[-107.83914,38.79746],[-107.84008,38.79749],[-107.84102,38.7976],[-107.84125,38.79762],[-107.84171,38.79767],[-107.84286,38.7978],[-107.84308,38.79782],[-107.84362,38.79788],[-107.84396,38.79792],[-107.8481,38.79833],[-107.84902,38.79843],[-107.85016,38.79854],[-107.85085,38.79861],[-107.85108,38.79863],[-107.85131,38.79866],[-107.85218,38.79874],[-107.85222,38.79875],[-107.85245,38.79877],[-107.85268,38.79879],[-107.85291,38.79882],[-107.85314,38.79884],[-107.85337,38.79886],[-107.85383,38.79891],[-107.85389,38.79891],[-107.85405,38.79893],[-107.85428,38.79895],[-107.85497,38.79902],[-107.8552,38.79904],[-107.85549,38.79907],[-107.85612,38.79913],[-107.85657,38.79918],[-107.85711,38.79925],[-107.85718,38.79926],[-107.85742,38.7993],[-107.85771,38.79935],[-107.85785,38.79938],[-107.85827,38.79948],[-107.85863,38.79957],[-107.85934,38.79976],[-107.85939,38.79977],[-107.85961,38.79983],[-107.86026,38.80001],[-107.86195,38.80047],[-107.86269,38.80067],[-107.86294,38.80074],[-107.86335,38.80085],[-107.86357,38.80091],[-107.86374,38.80095],[-107.86452,38.80116],[-107.86509,38.80131],[-107.86562,38.80146],[-107.86613,38.80159],[-107.86619,38.8016],[-107.86641,38.80166],[-107.86655,38.80169],[-107.867,38.80179],[-107.8673,38.80184],[-107.86739,38.80186],[-107.86777,38.80193],[-107.86822,38.80201],[-107.86842,38.80204],[-107.86868,38.80208],[-107.86945,38.80217],[-107.86956,38.80218],[-107.86997,38.80222],[-107.87043,38.80225],[-107.87125,38.8023],[-107.87258,38.80238],[-107.87322,38.80242],[-107.87441,38.80249],[-107.87448,38.80249],[-107.87517,38.80253],[-107.87563,38.80256],[-107.87609,38.80258],[-107.87655,38.80261],[-107.87678,38.80262],[-107.87701,38.80264],[-107.87722,38.80265],[-107.87747,38.80267],[-107.8777,38.80268],[-107.87931,38.80277],[-107.87957,38.80279],[-107.88046,38.80284],[-107.88063,38.80285],[-107.88115,38.80286],[-107.88134,38.80287],[-107.88198,38.80288],[-107.88238,38.80287],[-107.88276,38.80286],[-107.883,38.80285],[-107.88315,38.80284],[-107.88401,38.80279],[-107.88759,38.80249],[-107.89003,38.8023],[-107.89052,38.80226],[-107.89097,38.80222],[-107.89101,38.80221],[-107.89185,38.80215],[-107.89228,38.80212],[-107.89262,38.80209],[-107.8933,38.80204],[-107.89408,38.80198],[-107.89422,38.80197],[-107.89538,38.80189],[-107.89541,38.80189],[-107.89618,38.80182],[-107.89679,38.80177],[-107.89722,38.80174],[-107.89782,38.80169],[-107.89896,38.8016],[-107.89918,38.80158],[-107.89928,38.80157],[-107.89943,38.80156],[-107.90083,38.80144],[-107.90245,38.80131],[-107.90303,38.80125],[-107.90384,38.80118],[-107.90553,38.80102],[-107.90584,38.80099],[-107.90634,38.80095],[-107.90646,38.80094],[-107.90668,38.80093],[-107.90693,38.80091],[-107.90712,38.80089],[-107.90721,38.80089],[-107.9073,38.80088],[-107.90748,38.80086],[-107.90784,38.80083],[-107.9082,38.80079],[-107.90872,38.80071],[-107.90897,38.80067],[-107.9092,38.80062],[-107.90939,38.80058],[-107.90953,38.80055],[-107.90977,38.80049],[-107.91006,38.8004],[-107.91029,38.80034],[-107.91047,38.80027],[-107.91062,38.80022],[-107.91103,38.80007],[-107.91152,38.79988],[-107.91176,38.79977],[-107.91199,38.79965],[-107.91204,38.79962],[-107.91246,38.7994],[-107.91268,38.79927],[-107.91279,38.7992],[-107.9129,38.79913],[-107.91313,38.79898],[-107.91314,38.79897],[-107.91336,38.79882],[-107.91365,38.79861],[-107.91377,38.79852],[-107.91416,38.79824],[-107.91433,38.79811],[-107.91505,38.79758],[-107.91567,38.79713],[-107.91584,38.79701],[-107.9165,38.79653],[-107.91694,38.7962],[-107.91716,38.79603],[-107.91744,38.79583],[-107.91793,38.79547],[-107.91828,38.79521],[-107.91843,38.79511],[-107.91867,38.79493],[-107.91893,38.79473],[-107.9196,38.79424],[-107.91994,38.794],[-107.92067,38.79346],[-107.92097,38.79327],[-107.92109,38.79319],[-107.92131,38.79306],[-107.92152,38.79294],[-107.92171,38.79284],[-107.92173,38.79283],[-107.92196,38.79271],[-107.92218,38.79259],[-107.92241,38.79248],[-107.92263,38.79239],[-107.92289,38.79228],[-107.9231,38.7922],[-107.92314,38.79219],[-107.92377,38.79196],[-107.92406,38.79188],[-107.92446,38.79177],[-107.92474,38.7917],[-107.9251,38.79162],[-107.92538,38.79156],[-107.92565,38.79151],[-107.92591,38.79147],[-107.92616,38.79144],[-107.92643,38.79141],[-107.92671,38.79139],[-107.92703,38.79136],[-107.92733,38.79135],[-107.92769,38.79134],[-107.92781,38.79134],[-107.92804,38.79134],[-107.92827,38.79134],[-107.92838,38.79134],[-107.92887,38.79135],[-107.92998,38.79135],[-107.93104,38.79135],[-107.93124,38.79135],[-107.93222,38.79135],[-107.93272,38.79136],[-107.93289,38.79136],[-107.93312,38.79136],[-107.93314,38.79136],[-107.93381,38.79136],[-107.93388,38.79136],[-107.93403,38.79136],[-107.93404,38.79136],[-107.9345,38.79136],[-107.93473,38.79136],[-107.9348,38.79136],[-107.93486,38.79136],[-107.93496,38.79136],[-107.93542,38.79137],[-107.93568,38.79137],[-107.93572,38.79137],[-107.93611,38.79136],[-107.93612,38.79136],[-107.93636,38.79135],[-107.93651,38.79134],[-107.93667,38.79132],[-107.93689,38.79129],[-107.93711,38.79125],[-107.93731,38.7912],[-107.93748,38.79116],[-107.93765,38.79111],[-107.93792,38.79102],[-107.9381,38.79095],[-107.93824,38.7909],[-107.93839,38.79083],[-107.93855,38.79075],[-107.93878,38.79063],[-107.93883,38.7906],[-107.93901,38.79048],[-107.93902,38.79048],[-107.93917,38.79038],[-107.93928,38.7903],[-107.93935,38.79024],[-107.93938,38.79022],[-107.93954,38.7901],[-107.93967,38.78998],[-107.9397,38.78995],[-107.93976,38.78988],[-107.93981,38.78983],[-107.93984,38.7898],[-107.93996,38.78965],[-107.94003,38.78957],[-107.9401,38.78948],[-107.94021,38.78932],[-107.94027,38.78921],[-107.94028,38.78919],[-107.94039,38.789],[-107.94048,38.7888],[-107.94055,38.78862],[-107.94062,38.78844],[-107.94065,38.78837],[-107.94069,38.78814],[-107.94072,38.78797],[-107.94073,38.7878],[-107.94073,38.78777],[-107.94074,38.78736],[-107.94072,38.78698],[-107.94071,38.78657],[-107.94071,38.78652],[-107.94071,38.78624],[-107.94071,38.78607],[-107.94072,38.78605],[-107.94074,38.78584],[-107.94075,38.7857],[-107.94078,38.78554],[-107.94086,38.78521],[-107.94093,38.78497],[-107.941,38.78477],[-107.94109,38.78456],[-107.94115,38.78446],[-107.94121,38.78435],[-107.94129,38.78417],[-107.94139,38.78401],[-107.94151,38.7838],[-107.94162,38.78365],[-107.94174,38.78348],[-107.94195,38.78324],[-107.94212,38.78304],[-107.94217,38.78298],[-107.94237,38.78279],[-107.94247,38.78268],[-107.94251,38.78265],[-107.94277,38.78243],[-107.94299,38.78226],[-107.94322,38.78209],[-107.94354,38.7819],[-107.94378,38.78176],[-107.94401,38.78164],[-107.94429,38.78151],[-107.94457,38.78138],[-107.94479,38.7813],[-107.945,38.78122],[-107.9451,38.78118],[-107.94523,38.78114],[-107.94532,38.78112],[-107.94543,38.78108],[-107.94554,38.78106],[-107.9457,38.78101],[-107.94575,38.781],[-107.94662,38.78076],[-107.94741,38.78054],[-107.94781,38.78043],[-107.94838,38.78027],[-107.94958,38.77993],[-107.95077,38.7796],[-107.95188,38.7793],[-107.95252,38.77912],[-107.95333,38.7789],[-107.95382,38.77876],[-107.95391,38.77874],[-107.95448,38.77858],[-107.95463,38.77854],[-107.95478,38.7785],[-107.95542,38.77833],[-107.95557,38.77828],[-107.95577,38.77822],[-107.95611,38.77812],[-107.95641,38.77802],[-107.95662,38.77795],[-107.95726,38.77772],[-107.95791,38.77746],[-107.95832,38.77729],[-107.95872,38.77711],[-107.9593,38.77684],[-107.95944,38.77678],[-107.96011,38.77647],[-107.9602,38.77643],[-107.96045,38.77632],[-107.96115,38.776],[-107.96161,38.77578],[-107.9623,38.77546],[-107.96249,38.77536],[-107.9627,38.77524],[-107.96295,38.77509],[-107.96318,38.77495],[-107.96343,38.77479],[-107.96362,38.77466],[-107.96378,38.77454],[-107.96416,38.77424],[-107.96436,38.77406],[-107.96485,38.77362],[-107.96518,38.77332],[-107.96673,38.77187],[-107.96946,38.76936],[-107.97001,38.76886],[-107.97034,38.76858],[-107.97053,38.76842],[-107.97067,38.76832],[-107.97119,38.76797],[-107.97134,38.76787],[-107.97149,38.76778],[-107.97162,38.76771],[-107.97179,38.76762],[-107.972,38.7675],[-107.97223,38.76739],[-107.97248,38.76727],[-107.9727,38.76717],[-107.97288,38.76709],[-107.97313,38.76699],[-107.97336,38.76691],[-107.97351,38.76685],[-107.97373,38.76677],[-107.97394,38.7667],[-107.9741,38.76665],[-107.97437,38.76657],[-107.97479,38.76647],[-107.97602,38.76625],[-107.97602,38.76625],[-107.97601,38.76304],[-107.97605,38.76275],[-107.97608,38.76226],[-107.97609,38.76175],[-107.97609,38.76167],[-107.97609,38.76113],[-107.97609,38.76061],[-107.97609,38.76059],[-107.97609,38.76031],[-107.97608,38.75951],[-107.97608,38.75905],[-107.97608,38.75879],[-107.97608,38.75862],[-107.97608,38.75789],[-107.97608,38.75771],[-107.97608,38.7577],[-107.97608,38.75716],[-107.97609,38.75672],[-107.97609,38.75636],[-107.97609,38.75564],[-107.97609,38.75546],[-107.97609,38.75546],[-107.97642,38.75546],[-107.97672,38.75546],[-107.97696,38.75547],[-107.97719,38.75547],[-107.97742,38.75547],[-107.97834,38.75548],[-107.97857,38.75548],[-107.9788,38.75548],[-107.97926,38.75548],[-107.97949,38.75548],[-107.97961,38.75548],[-107.97972,38.75548],[-107.97981,38.75547],[-107.97985,38.75547],[-107.97989,38.75547],[-107.98015,38.75545],[-107.98031,38.75543],[-107.98053,38.75541],[-107.98077,38.75537],[-107.98077,38.75537],[-107.98076,38.75501],[-107.98073,38.75423],[-107.98073,38.7542],[-107.98072,38.75372],[-107.98071,38.75335],[-107.98071,38.753],[-107.98071,38.75282],[-107.98071,38.7528],[-107.9807,38.75192],[-107.9807,38.75145],[-107.9807,38.75074],[-107.9807,38.75069],[-107.9807,38.75051],[-107.9807,38.75048],[-107.98068,38.7502],[-107.98068,38.75012],[-107.98068,38.7493],[-107.98068,38.74922],[-107.98067,38.74881],[-107.98067,38.74863],[-107.98067,38.74809],[-107.98067,38.74791],[-107.98067,38.74708],[-107.98066,38.74672],[-107.98066,38.74654],[-107.98066,38.74564],[-107.98066,38.74546],[-107.98066,38.74474],[-107.98065,38.74384],[-107.98065,38.74366],[-107.98065,38.7433],[-107.98065,38.74324],[-107.98065,38.74132],[-107.98064,38.74101],[-107.98064,38.74101],[-107.98161,38.741],[-107.98178,38.741],[-107.98203,38.741],[-107.98205,38.741],[-107.98222,38.74101],[-107.98272,38.74101],[-107.983,38.74101],[-107.98341,38.741],[-107.9835,38.741],[-107.9841,38.74099],[-107.98427,38.74099],[-107.98502,38.74099],[-107.98526,38.74099],[-107.98543,38.74099],[-107.9861,38.741],[-107.98618,38.74099],[-107.98641,38.74099],[-107.98672,38.74098],[-107.98687,38.74098],[-107.98705,38.74098],[-107.9871,38.74098],[-107.98738,38.74097],[-107.98756,38.74096],[-107.98788,38.74095],[-107.98825,38.74095],[-107.98904,38.74094],[-107.98917,38.74094],[-107.98919,38.74095],[-107.98979,38.74094],[-107.98998,38.74094],[-107.99005,38.74094],[-107.99011,38.74095],[-107.99011,38.74095],[-107.99011,38.7408],[-107.99008,38.74053],[-107.99007,38.74005],[-107.99006,38.73983],[-107.99006,38.73969],[-107.99006,38.73952],[-107.99006,38.73898],[-107.99006,38.73862],[-107.99006,38.73808],[-107.99006,38.7379],[-107.99006,38.73736],[-107.99006,38.73718],[-107.99006,38.7361],[-107.99006,38.73509],[-107.99007,38.7343],[-107.99007,38.73412],[-107.99007,38.73411],[-107.99007,38.73304],[-107.99007,38.73282],[-107.99007,38.73274],[-107.99008,38.73247],[-107.99009,38.73175],[-107.9901,38.73157],[-107.9901,38.73139],[-107.99011,38.73088],[-107.99011,38.73003],[-107.99012,38.72931],[-107.99013,38.72859],[-107.99013,38.72841],[-107.99013,38.72823],[-107.99014,38.72805],[-107.99014,38.72771],[-107.99014,38.72715],[-107.99013,38.72648],[-107.99013,38.72648],[-107.99074,38.72647],[-107.99108,38.72647],[-107.99152,38.72647],[-107.99424,38.72645],[-107.99447,38.72645],[-107.99585,38.72646],[-107.99724,38.72646],[-107.99736,38.72646],[-107.99747,38.72646],[-107.99768,38.72646],[-107.99839,38.72646],[-107.99908,38.72647],[-107.99977,38.72647],[-108.0007,38.72647],[-108.00093,38.72647],[-108.00117,38.72648],[-108.00139,38.72647],[-108.00162,38.72647],[-108.00231,38.72647],[-108.00254,38.72647],[-108.00392,38.72647],[-108.00393,38.72647],[-108.00461,38.72647],[-108.00508,38.72647],[-108.006,38.72647],[-108.00623,38.72647],[-108.00629,38.72647],[-108.00758,38.72648],[-108.00823,38.72647],[-108.00879,38.72647],[-108.00879,38.72647],[-108.00881,38.72515],[-108.00881,38.72503],[-108.00881,38.72485],[-108.00882,38.72357],[-108.00879,38.7222],[-108.0088,38.72176],[-108.0088,38.72112],[-108.0088,38.72094],[-108.00882,38.71926],[-108.00882,38.71917],[-108.00882,38.71791],[-108.00883,38.7174],[-108.00883,38.71589],[-108.00883,38.71577],[-108.00883,38.71571],[-108.00883,38.71535],[-108.00883,38.71499],[-108.00883,38.7147],[-108.00883,38.71434],[-108.00883,38.71427],[-108.00883,38.7141],[-108.00884,38.71318],[-108.00884,38.71305],[-108.00883,38.71266],[-108.00883,38.71194],[-108.00881,38.71067],[-108.00881,38.71014],[-108.00881,38.70996],[-108.00881,38.70978],[-108.00881,38.7096],[-108.00881,38.7093],[-108.00882,38.70888],[-108.00882,38.70886],[-108.00882,38.7085],[-108.00883,38.7076],[-108.00883,38.70724],[-108.00883,38.70652],[-108.00883,38.70634],[-108.00883,38.70616],[-108.00883,38.70604],[-108.00883,38.70532],[-108.00883,38.70514],[-108.00883,38.70465],[-108.00883,38.70424],[-108.00883,38.70388],[-108.00882,38.70304],[-108.00883,38.70262],[-108.00883,38.70172],[-108.00883,38.701],[-108.00882,38.69994],[-108.00882,38.69976],[-108.00884,38.69911],[-108.00885,38.6988],[-108.00885,38.69863],[-108.00885,38.6985],[-108.00888,38.69837],[-108.00892,38.69827],[-108.00892,38.69827],[-108.009,38.69812],[-108.00901,38.69809],[-108.00911,38.69796],[-108.00913,38.69794],[-108.00926,38.69782],[-108.00938,38.69772],[-108.00968,38.69758],[-108.00998,38.69749],[-108.01021,38.69746],[-108.01046,38.69745],[-108.01047,38.69745],[-108.01069,38.69745],[-108.01092,38.69744],[-108.01113,38.69744],[-108.01115,38.69744],[-108.01138,38.69743],[-108.01154,38.69743],[-108.01178,38.69743],[-108.01209,38.69742],[-108.01236,38.69742],[-108.01247,38.69742],[-108.01293,38.69742],[-108.01362,38.69742],[-108.01386,38.69741],[-108.01431,38.69742],[-108.01444,38.69742],[-108.01454,38.69742],[-108.015,38.69742],[-108.01546,38.69742],[-108.01594,38.69742],[-108.01605,38.69742],[-108.01823,38.69744],[-108.01835,38.69744],[-108.01846,38.69744],[-108.01939,38.69741],[-108.01973,38.69735],[-108.01982,38.69731],[-108.02009,38.69721],[-108.02032,38.69708],[-108.02041,38.69703],[-108.02068,38.69688],[-108.02078,38.69682],[-108.02133,38.69646],[-108.02149,38.69636],[-108.02205,38.69599],[-108.02224,38.69585],[-108.02244,38.69569],[-108.02244,38.69569],[-108.02257,38.69557],[-108.0212,38.6948],[-108.02063,38.69449],[-108.02059,38.69446],[-108.01978,38.69401],[-108.0195,38.69384],[-108.01923,38.69368],[-108.01909,38.69359],[-108.01895,38.69349],[-108.0187,38.6933],[-108.01845,38.69311],[-108.01829,38.69297],[-108.01824,38.69293],[-108.01774,38.69248],[-108.01631,38.69112],[-108.01603,38.69087],[-108.01573,38.69058],[-108.01435,38.68929],[-108.01307,38.68808],[-108.01287,38.68787],[-108.01275,38.68774],[-108.01266,38.68764],[-108.01247,38.68741],[-108.01229,38.68717],[-108.01195,38.6867],[-108.01175,38.68642],[-108.01161,38.68621],[-108.01132,38.68579],[-108.00929,38.68291],[-108.00756,38.68045],[-108.00715,38.67988],[-108.0065,38.67895],[-108.00586,38.67805],[-108.00542,38.67741],[-108.00448,38.67609],[-108.00437,38.67593],[-108.00348,38.67467],[-108.00335,38.67448],[-108.00263,38.67347],[-108.00174,38.6722],[-108.00112,38.67133],[-108.00032,38.67018],[-107.9998,38.66944],[-107.99941,38.66887],[-107.99938,38.66882],[-107.99912,38.66847],[-107.99902,38.66833],[-107.9987,38.66787],[-107.99858,38.66769],[-107.99837,38.66739],[-107.99801,38.66688],[-107.99768,38.6664],[-107.99729,38.66588],[-107.99725,38.66582],[-107.99655,38.66483],[-107.99622,38.66437],[-107.9959,38.66393],[-107.995,38.66265],[-107.99468,38.66219],[-107.99435,38.66172],[-107.9943,38.66164],[-107.99424,38.66156],[-107.99411,38.66136],[-107.99399,38.66116],[-107.99394,38.66107],[-107.99388,38.66097],[-107.99385,38.66091],[-107.99375,38.66072],[-107.99361,38.66041],[-107.99353,38.66024],[-107.99345,38.66003],[-107.99337,38.65983],[-107.9933,38.65961],[-107.99322,38.65936],[-107.99315,38.65916],[-107.9929,38.65828],[-107.99285,38.6581],[-107.99274,38.65772],[-107.99267,38.65749],[-107.99264,38.65736],[-107.9926,38.65724],[-107.99237,38.65649],[-107.99217,38.65582],[-107.99212,38.65565],[-107.9921,38.65559],[-107.99203,38.65538],[-107.99167,38.65418],[-107.99136,38.65313],[-107.99122,38.65267],[-107.99119,38.65254],[-107.99117,38.65249],[-107.99096,38.65179],[-107.99065,38.65074],[-107.9906,38.65059],[-107.99034,38.64969],[-107.99004,38.64862],[-107.98978,38.64773],[-107.98972,38.64751],[-107.98967,38.64736],[-107.98953,38.64692],[-107.98945,38.64666],[-107.98927,38.6461],[-107.98919,38.64585],[-107.98915,38.6457],[-107.98901,38.64523],[-107.98893,38.6449],[-107.9889,38.64479],[-107.98881,38.64439],[-107.98864,38.64363],[-107.98849,38.64296],[-107.98843,38.64267],[-107.98842,38.64266],[-107.98827,38.64198],[-107.98813,38.64135],[-107.98797,38.64064],[-107.98782,38.63995],[-107.98771,38.63948],[-107.98769,38.63935],[-107.98767,38.6393],[-107.98757,38.63886],[-107.98755,38.63877],[-107.98751,38.63859],[-107.98719,38.63717],[-107.98718,38.63712],[-107.98715,38.637],[-107.987,38.63629],[-107.98684,38.63558],[-107.98674,38.63516],[-107.98636,38.63344],[-107.98629,38.63314],[-107.98618,38.63266],[-107.98603,38.63194],[-107.98599,38.63177],[-107.98598,38.63174],[-107.98588,38.63128],[-107.98582,38.63088],[-107.98581,38.63088],[-107.98579,38.63073],[-107.98575,38.63039],[-107.98566,38.62945],[-107.98559,38.62873],[-107.98542,38.62691],[-107.98526,38.62518],[-107.98526,38.62517],[-107.98524,38.625],[-107.98514,38.62392],[-107.98495,38.62185],[-107.98489,38.62131],[-107.98484,38.62077],[-107.98483,38.62063],[-107.9848,38.6205],[-107.98478,38.62036],[-107.98474,38.62017],[-107.9847,38.62002],[-107.98467,38.61993],[-107.98465,38.61985],[-107.98459,38.61969],[-107.98453,38.61953],[-107.9844,38.61924],[-107.98431,38.61907],[-107.98424,38.61894],[-107.98416,38.61882],[-107.98403,38.61862],[-107.98388,38.61841],[-107.98377,38.61826],[-107.98368,38.61816],[-107.98344,38.61789],[-107.98308,38.61752],[-107.98251,38.61694],[-107.98237,38.6168],[-107.98013,38.61454],[-107.97972,38.61412],[-107.97944,38.61384],[-107.97806,38.61245],[-107.9772,38.61157],[-107.97654,38.61091],[-107.97646,38.61083],[-107.97548,38.60983],[-107.97535,38.6097],[-107.97534,38.60969],[-107.9752,38.60955],[-107.97506,38.60939],[-107.97493,38.60925],[-107.97492,38.60923],[-107.97481,38.60911],[-107.97468,38.60895],[-107.97452,38.60874],[-107.97448,38.60868],[-107.97436,38.60849],[-107.97428,38.60838],[-107.97417,38.60819],[-107.97414,38.60812],[-107.97408,38.60797],[-107.97406,38.60795],[-107.97401,38.60781],[-107.97393,38.60763],[-107.97388,38.60747],[-107.97379,38.60718],[-107.97375,38.60702],[-107.97371,38.60675],[-107.97369,38.60657],[-107.97365,38.60618],[-107.97364,38.60593],[-107.97361,38.60538],[-107.97358,38.60516],[-107.97354,38.60455],[-107.97349,38.60368],[-107.97343,38.60287],[-107.97343,38.60284],[-107.97341,38.60266],[-107.9734,38.60242],[-107.97335,38.60179],[-107.97335,38.60176],[-107.97334,38.60158],[-107.97334,38.60156],[-107.97322,38.60005],[-107.97314,38.59906],[-107.97312,38.59879],[-107.97306,38.59794],[-107.973,38.59715],[-107.97297,38.59678],[-107.97294,38.59653],[-107.97293,38.59642],[-107.97291,38.59627],[-107.97286,38.59606],[-107.97276,38.59566],[-107.97265,38.59535],[-107.9726,38.59521],[-107.97244,38.59486],[-107.97236,38.5947],[-107.97212,38.59423],[-107.97168,38.5934],[-107.97159,38.59324],[-107.9707,38.59157],[-107.97057,38.59131],[-107.97025,38.59073],[-107.96981,38.58991],[-107.96921,38.58876],[-107.96881,38.58803],[-107.96686,38.58438],[-107.96654,38.58379],[-107.96645,38.58362],[-107.96621,38.58317],[-107.96583,38.58246],[-107.96574,38.58229],[-107.96465,38.58025],[-107.96445,38.57984],[-107.96393,38.57887],[-107.96356,38.57815],[-107.96354,38.57812],[-107.96322,38.57752],[-107.96298,38.57707],[-107.96277,38.57664],[-107.96233,38.57582],[-107.96132,38.57388],[-107.96118,38.57361],[-107.95965,38.57071],[-107.95885,38.56919],[-107.95835,38.56824],[-107.95798,38.56753],[-107.95781,38.56719],[-107.95772,38.56703],[-107.95763,38.56686],[-107.95755,38.5667],[-107.9574,38.56642],[-107.95728,38.56619],[-107.9571,38.56584],[-107.95693,38.56554],[-107.95642,38.56454],[-107.95592,38.56359],[-107.95534,38.56249],[-107.95509,38.56201],[-107.95457,38.56102],[-107.95417,38.56026],[-107.95388,38.5597],[-107.95379,38.55954],[-107.95366,38.55929],[-107.95344,38.55887],[-107.953,38.55804],[-107.95282,38.55768],[-107.95255,38.55718],[-107.95235,38.55677],[-107.95209,38.55627],[-107.95195,38.55602],[-107.95182,38.55577],[-107.95145,38.55509],[-107.95141,38.55501],[-107.95114,38.55453],[-107.95095,38.55419],[-107.95087,38.55405],[-107.95079,38.5539],[-107.9501,38.55273],[-107.94971,38.5521],[-107.94962,38.55196],[-107.94924,38.55136],[-107.94908,38.55111],[-107.94898,38.55097],[-107.94875,38.55062],[-107.94856,38.55033],[-107.94823,38.54982],[-107.94807,38.54958],[-107.94781,38.54918],[-107.9477,38.54902],[-107.94707,38.54806],[-107.9467,38.5475],[-107.94611,38.5466],[-107.94533,38.54541],[-107.94523,38.54525],[-107.94512,38.54509],[-107.94481,38.54461],[-107.9445,38.54413],[-107.94394,38.54329],[-107.94361,38.54278],[-107.94337,38.5424],[-107.94298,38.5418],[-107.94266,38.54132],[-107.94229,38.54073],[-107.94177,38.53991],[-107.94142,38.53935],[-107.94129,38.53915],[-107.94117,38.53894],[-107.94107,38.53878],[-107.94105,38.53875],[-107.94081,38.53834],[-107.94078,38.53829],[-107.94063,38.53805],[-107.94045,38.53777],[-107.94025,38.53746],[-107.93997,38.53701],[-107.93979,38.53676],[-107.93961,38.53649],[-107.93934,38.53604],[-107.93901,38.53549],[-107.93875,38.53507],[-107.93861,38.53484],[-107.93799,38.53385],[-107.93753,38.53312],[-107.93725,38.53267],[-107.93697,38.53224],[-107.93676,38.53191],[-107.93654,38.53159],[-107.93626,38.53122],[-107.93621,38.53115],[-107.93591,38.53078],[-107.9359,38.53076],[-107.93583,38.53068],[-107.93528,38.53005],[-107.93513,38.52989],[-107.93511,38.52987],[-107.93495,38.5297],[-107.93469,38.52944],[-107.93442,38.52918],[-107.93406,38.52886],[-107.93319,38.5281],[-107.93276,38.52773],[-107.93227,38.5273],[-107.93189,38.52698],[-107.93128,38.52646],[-107.93088,38.52611],[-107.93031,38.52561],[-107.93002,38.52536],[-107.92943,38.52486],[-107.92842,38.52398],[-107.92831,38.52388],[-107.92784,38.52348],[-107.92698,38.52273],[-107.92661,38.52241],[-107.92646,38.52228],[-107.92547,38.52142],[-107.92449,38.52058],[-107.92384,38.52001],[-107.92337,38.51961],[-107.92291,38.51922],[-107.9227,38.51905],[-107.92191,38.51843],[-107.92079,38.51756],[-107.92015,38.51706],[-107.91841,38.5157],[-107.91775,38.51519],[-107.91752,38.51501],[-107.91631,38.51406],[-107.91577,38.51365],[-107.91504,38.51307],[-107.91449,38.51264],[-107.91415,38.51237],[-107.91389,38.51215],[-107.91344,38.51173],[-107.91242,38.51078],[-107.9106,38.5091],[-107.90982,38.50837],[-107.90963,38.50816],[-107.90936,38.50787],[-107.90896,38.50747],[-107.90819,38.50669],[-107.90789,38.50638],[-107.90705,38.50552],[-107.90663,38.5051],[-107.9062,38.50467],[-107.90578,38.50423],[-107.90537,38.50381],[-107.90518,38.50362],[-107.90492,38.50337],[-107.90478,38.50324],[-107.90467,38.50313],[-107.9044,38.50287],[-107.90357,38.50211],[-107.90342,38.50204],[-107.90302,38.50169],[-107.90209,38.50084],[-107.90141,38.50024],[-107.9011,38.49996],[-107.90107,38.49993],[-107.90053,38.49945],[-107.89981,38.4988],[-107.8997,38.49869],[-107.89864,38.49776],[-107.89794,38.49713],[-107.89778,38.49698],[-107.89743,38.49666],[-107.89731,38.49655],[-107.89711,38.49637],[-107.89683,38.49613],[-107.89663,38.49595],[-107.89639,38.49573],[-107.89616,38.49552],[-107.89586,38.49525],[-107.89565,38.49506],[-107.89547,38.4949],[-107.89531,38.49476],[-107.89516,38.49463],[-107.89492,38.4944],[-107.89451,38.49404],[-107.89436,38.49391],[-107.89416,38.49372],[-107.89382,38.49342],[-107.89354,38.49317],[-107.89331,38.49296],[-107.89329,38.49294],[-107.89252,38.49225],[-107.89161,38.49143],[-107.89101,38.49089],[-107.89092,38.49075],[-107.89059,38.49044],[-107.88998,38.48989],[-107.8897,38.48964],[-107.8895,38.48946],[-107.88942,38.48938],[-107.88939,38.48936],[-107.88929,38.48926],[-107.88929,38.48926],[-107.8892,38.48919],[-107.88906,38.48919],[-107.88846,38.48918],[-107.88807,38.48918],[-107.88754,38.48918],[-107.88707,38.48918],[-107.88701,38.48918],[-107.88643,38.48918],[-107.8847,38.48918],[-107.88446,38.48919],[-107.8843,38.48922],[-107.88414,38.48925],[-107.88394,38.4893],[-107.88372,38.48941],[-107.88357,38.4895],[-107.88327,38.4897],[-107.88249,38.49023],[-107.88211,38.49049],[-107.8815,38.49095],[-107.88122,38.49116],[-107.88109,38.49125],[-107.88095,38.49133],[-107.88093,38.49134],[-107.88083,38.49139],[-107.8807,38.49146],[-107.88051,38.49153],[-107.88035,38.49158],[-107.88021,38.49161],[-107.8801,38.49164],[-107.88007,38.49164],[-107.87996,38.49166],[-107.87984,38.49168],[-107.8797,38.49169],[-107.87958,38.49169],[-107.87943,38.4917],[-107.8791,38.49168],[-107.8789,38.49165],[-107.87874,38.49163],[-107.87856,38.49159],[-107.8784,38.49154],[-107.87824,38.49149],[-107.87799,38.49139],[-107.87789,38.49136],[-107.87568,38.49055],[-107.87486,38.49025],[-107.8744,38.49008],[-107.87412,38.48998],[-107.87353,38.48976],[-107.87316,38.48965],[-107.87277,38.48954],[-107.87253,38.48948],[-107.87235,38.48943],[-107.87132,38.48915],[-107.87118,38.4891],[-107.87105,38.48905],[-107.87098,38.48901],[-107.87089,38.48896],[-107.87081,38.48891],[-107.87075,38.48887],[-107.8705,38.48866],[-107.87015,38.48834],[-107.87002,38.48823],[-107.8694,38.48766],[-107.86926,38.48754],[-107.86911,38.4874],[-107.86895,38.48726],[-107.86868,38.48703],[-107.86855,38.48691],[-107.86825,38.48665],[-107.86812,38.48655],[-107.86797,38.48641],[-107.86776,38.48624],[-107.86736,38.48588],[-107.86736,38.48588],[-107.86728,38.48594],[-107.86693,38.48618],[-107.86692,38.48619],[-107.86687,38.48623],[-107.86674,38.48632],[-107.86656,38.48644],[-107.86627,38.48663],[-107.86616,38.48671],[-107.86601,38.4868],[-107.86586,38.48689],[-107.86566,38.487],[-107.86547,38.4871],[-107.8652,38.48721],[-107.86496,38.48732],[-107.86475,38.4874],[-107.86447,38.4875],[-107.86409,38.48761],[-107.86387,38.48766],[-107.86374,38.48769],[-107.86356,38.48772],[-107.86352,38.48773],[-107.86335,38.48776],[-107.86313,38.4878],[-107.86293,38.48782],[-107.8627,38.48784],[-107.86253,38.48786],[-107.86239,38.48787],[-107.86238,38.48787],[-107.86225,38.48788],[-107.86215,38.48788],[-107.8615,38.48793],[-107.86105,38.48796],[-107.86083,38.48797],[-107.8607,38.48798],[-107.8599,38.48803],[-107.85909,38.48809],[-107.85899,38.48802],[-107.85811,38.48808],[-107.85752,38.48812],[-107.85712,38.48816],[-107.85608,38.48823],[-107.85591,38.48824],[-107.85519,38.48829],[-107.85508,38.48835],[-107.85432,38.4884],[-107.85381,38.48844],[-107.85232,38.48854],[-107.85076,38.48864],[-107.85059,38.48865],[-107.85011,38.48869],[-107.84968,38.48872],[-107.84954,38.48873],[-107.84889,38.48877],[-107.84864,38.48878],[-107.84829,38.48879],[-107.84798,38.48881],[-107.84772,38.48881],[-107.8476,38.48881],[-107.8472,38.48881],[-107.847,38.48881],[-107.84689,38.48881],[-107.84573,38.4888],[-107.845,38.4888],[-107.84422,38.48879],[-107.84343,38.48879],[-107.84318,38.48879],[-107.84273,38.48879],[-107.84224,38.48878],[-107.84209,38.48876],[-107.84027,38.48874],[-107.83941,38.48873],[-107.83868,38.48873],[-107.83845,38.48873],[-107.83705,38.48871],[-107.836,38.4887],[-107.8346,38.48872],[-107.83459,38.48872],[-107.83453,38.48874],[-107.83346,38.48874],[-107.83208,38.48873],[-107.83116,38.48873],[-107.83093,38.48872],[-107.8307,38.48872],[-107.83024,38.48872],[-107.83001,38.48872],[-107.82933,38.48872],[-107.82759,38.48871],[-107.8243,38.48869],[-107.8229,38.48868],[-107.819,38.48866],[-107.8149,38.48864],[-107.81358,38.48864],[-107.81352,38.48862],[-107.81341,38.48862],[-107.8131,38.48861],[-107.81189,38.48859],[-107.81152,38.48859],[-107.81082,38.48858],[-107.80956,38.48858],[-107.80822,38.48859],[-107.80812,38.48861],[-107.80605,38.4886],[-107.80515,38.48859],[-107.80479,38.48859],[-107.80456,38.48859],[-107.80423,38.48859],[-107.80393,38.4886],[-107.80369,38.48861],[-107.80343,38.48862],[-107.80299,38.48865],[-107.80272,38.48868],[-107.80247,38.48871],[-107.80229,38.48874],[-107.80195,38.48878],[-107.80116,38.48889],[-107.80071,38.48895],[-107.80048,38.48897],[-107.80029,38.48899],[-107.80014,38.48901],[-107.79981,38.48903],[-107.79934,38.48907],[-107.79875,38.48909],[-107.79812,38.4891],[-107.79749,38.4891],[-107.79696,38.48909],[-107.79611,38.48908],[-107.79473,38.48906],[-107.79359,38.48904],[-107.79261,38.48903],[-107.79246,38.48901],[-107.79169,38.489],[-107.79058,38.48896],[-107.7899,38.48894],[-107.78985,38.48894],[-107.78949,38.48893],[-107.78898,38.48892],[-107.78893,38.48892],[-107.788,38.4889],[-107.78738,38.48889],[-107.78603,38.48887],[-107.78383,38.48886],[-107.78323,38.48885],[-107.78297,38.48887],[-107.78071,38.48883],[-107.78048,38.48883],[-107.78002,38.48882],[-107.7791,38.48881],[-107.77633,38.48876],[-107.77396,38.48872],[-107.77304,38.48871],[-107.77281,38.4887],[-107.77189,38.48869],[-107.77166,38.48868],[-107.77098,38.48867],[-107.7679,38.48862],[-107.76691,38.48861],[-107.76664,38.4886],[-107.76641,38.4886],[-107.76599,38.48859],[-107.76555,38.48856],[-107.76525,38.48854],[-107.76501,38.48853],[-107.76481,38.48851],[-107.76451,38.48848],[-107.76435,38.48846],[-107.76413,38.48844],[-107.76367,38.4884],[-107.7623,38.48826],[-107.76128,38.48816],[-107.76057,38.4881],[-107.75943,38.48799],[-107.7592,38.48796],[-107.75854,38.4879],[-107.75829,38.48788],[-107.75806,38.48785],[-107.75762,38.48781],[-107.75697,38.48775],[-107.75673,38.48773],[-107.75647,38.48771],[-107.75622,38.48769],[-107.75601,38.48768],[-107.75573,38.48767],[-107.75546,38.48767],[-107.75536,38.48767],[-107.75523,38.48766],[-107.75499,38.48766],[-107.75464,38.48767],[-107.75432,38.48769],[-107.75381,38.48771],[-107.7533,38.48774],[-107.75289,38.48777],[-107.75264,38.48778],[-107.75248,38.48779],[-107.75181,38.48782],[-107.75069,38.48789],[-107.74952,38.48795],[-107.74818,38.48802],[-107.7469,38.48809],[-107.74667,38.4881],[-107.74644,38.48811],[-107.74622,38.48813],[-107.74588,38.48814],[-107.74553,38.48816],[-107.74507,38.48819],[-107.74466,38.48817],[-107.74444,38.48818],[-107.74421,38.48819],[-107.74329,38.48823],[-107.74196,38.4883],[-107.74056,38.48837],[-107.73989,38.48841],[-107.73926,38.48845],[-107.73838,38.48851],[-107.73779,38.48854],[-107.73707,38.48859],[-107.73704,38.48859],[-107.73693,38.48862],[-107.73625,38.48866],[-107.73608,38.48867],[-107.73579,38.48868],[-107.73563,38.48869],[-107.73556,38.48869],[-107.7353,38.4887],[-107.73512,38.48871],[-107.73501,38.48871],[-107.73471,38.4887],[-107.73438,38.48869],[-107.73395,38.48867],[-107.73355,38.48864],[-107.73317,38.4886],[-107.73277,38.48856],[-107.73242,38.4885],[-107.73204,38.48844],[-107.73188,38.48841],[-107.73175,38.48839],[-107.73153,38.48834],[-107.73122,38.48827],[-107.731,38.48821],[-107.73067,38.48813],[-107.73051,38.48808],[-107.73044,38.48806],[-107.73017,38.48798],[-107.72982,38.48787],[-107.72953,38.48777],[-107.72938,38.48772],[-107.72935,38.4877],[-107.72917,38.48764],[-107.72915,38.48763],[-107.72889,38.48753],[-107.72876,38.48748],[-107.72862,38.48742],[-107.72856,38.48739],[-107.72838,38.48731],[-107.72806,38.48716],[-107.72778,38.48702],[-107.72739,38.4868],[-107.72701,38.4866],[-107.72651,38.48632],[-107.72591,38.48597],[-107.72576,38.48589],[-107.72572,38.48586],[-107.72461,38.48523],[-107.72382,38.48479],[-107.72215,38.48385],[-107.72178,38.48364],[-107.72122,38.48332],[-107.72066,38.48301],[-107.71961,38.48241],[-107.71884,38.48197],[-107.71754,38.48124],[-107.71637,38.48058],[-107.71507,38.47984],[-107.71419,38.47934],[-107.71353,38.47896],[-107.71279,38.47855],[-107.71261,38.47844],[-107.71149,38.47781],[-107.7107,38.47736],[-107.70994,38.47693],[-107.70824,38.47597],[-107.7071,38.47533],[-107.70617,38.4748],[-107.7052,38.47424],[-107.70483,38.47403],[-107.70278,38.47287],[-107.70191,38.47237],[-107.70113,38.47193],[-107.70052,38.47158],[-107.69996,38.47126],[-107.6998,38.47117],[-107.69941,38.47094],[-107.69922,38.47084],[-107.69848,38.47041],[-107.69818,38.47024],[-107.69796,38.47013],[-107.69783,38.47006],[-107.69776,38.47003],[-107.6976,38.46994],[-107.69757,38.46993],[-107.69714,38.46971],[-107.69468,38.46846],[-107.69447,38.46836],[-107.69427,38.46826],[-107.69389,38.46806],[-107.69369,38.46797],[-107.69331,38.46777],[-107.69312,38.46767],[-107.69273,38.46748],[-107.69246,38.46734],[-107.69232,38.46726],[-107.6921,38.46713],[-107.69192,38.46702],[-107.69181,38.46695],[-107.69176,38.46691],[-107.69166,38.46684],[-107.69156,38.46677],[-107.69142,38.46666],[-107.69131,38.46657],[-107.69121,38.46648],[-107.69112,38.4664],[-107.69101,38.46631],[-107.69095,38.46625],[-107.69088,38.46618],[-107.69044,38.46574],[-107.6896,38.46489],[-107.68932,38.46466],[-107.68929,38.46463],[-107.68913,38.4645],[-107.6891,38.46449],[-107.68879,38.46429],[-107.68848,38.46411],[-107.68818,38.46396],[-107.68775,38.46376],[-107.68742,38.46359],[-107.68687,38.46331],[-107.68588,38.46281],[-107.68569,38.46271],[-107.68545,38.46259],[-107.68512,38.46243],[-107.6849,38.46234],[-107.68476,38.46229],[-107.68469,38.46227],[-107.68466,38.46226],[-107.68453,38.46223],[-107.6844,38.4622],[-107.68423,38.46218],[-107.68388,38.46213],[-107.68361,38.4621],[-107.68337,38.46207],[-107.68334,38.46207],[-107.68314,38.46204],[-107.68295,38.46201],[-107.68277,38.46198],[-107.68266,38.46196],[-107.68252,38.46192],[-107.68241,38.4619],[-107.68228,38.46186],[-107.68217,38.46182],[-107.682,38.46176],[-107.68188,38.4617],[-107.68169,38.46161],[-107.68119,38.46136],[-107.68001,38.46077],[-107.67906,38.4603],[-107.67887,38.4602],[-107.67817,38.45983],[-107.67778,38.4596],[-107.67761,38.4595],[-107.67737,38.45935],[-107.677,38.45912],[-107.67681,38.459],[-107.67671,38.45893],[-107.6767,38.45893],[-107.67659,38.45886],[-107.67646,38.45879],[-107.6763,38.45871],[-107.67613,38.45864],[-107.67602,38.4586],[-107.67589,38.45855],[-107.67574,38.4585],[-107.67564,38.45848],[-107.67554,38.45845],[-107.67544,38.45842],[-107.67532,38.45839],[-107.67513,38.45836],[-107.67494,38.45833],[-107.67474,38.4583],[-107.67457,38.45829],[-107.67441,38.45829],[-107.67429,38.45829],[-107.67413,38.45829],[-107.67398,38.4583],[-107.67381,38.45831],[-107.6738,38.45831],[-107.67368,38.45832],[-107.67351,38.45834],[-107.67345,38.45835],[-107.67339,38.45836],[-107.67325,38.45839],[-107.67313,38.45842],[-107.6731,38.45842],[-107.67292,38.45846],[-107.67278,38.45849],[-107.67276,38.4585],[-107.67262,38.45853],[-107.67247,38.45857],[-107.67244,38.45857],[-107.67212,38.45865],[-107.67204,38.45867],[-107.67181,38.45872],[-107.67155,38.45877],[-107.67128,38.45883],[-107.67114,38.45886],[-107.67102,38.45888],[-107.67081,38.45891],[-107.67066,38.45893],[-107.67046,38.45894],[-107.67025,38.45894],[-107.67006,38.45893],[-107.66991,38.45891],[-107.66978,38.4589],[-107.66976,38.45889],[-107.6696,38.45886],[-107.66955,38.45885],[-107.66944,38.45883],[-107.66943,38.45882],[-107.66934,38.45879],[-107.66929,38.45878],[-107.66913,38.45871],[-107.66901,38.45866],[-107.66881,38.45857],[-107.66868,38.45851],[-107.66858,38.45847],[-107.66853,38.45844],[-107.66849,38.45842],[-107.66835,38.45835],[-107.66788,38.45812],[-107.66758,38.45798],[-107.66729,38.45784],[-107.66683,38.45761],[-107.66651,38.45745],[-107.66618,38.45729],[-107.66609,38.45724],[-107.666,38.4572],[-107.66595,38.45718],[-107.66578,38.45709],[-107.66567,38.45704],[-107.66552,38.45697],[-107.66542,38.45691],[-107.66529,38.45684],[-107.66523,38.45681],[-107.66517,38.45677],[-107.66508,38.45672],[-107.66501,38.45667],[-107.66489,38.45659],[-107.66477,38.45651],[-107.66465,38.45641],[-107.66443,38.45624],[-107.66436,38.45619],[-107.66427,38.45611],[-107.66415,38.456],[-107.66401,38.45587],[-107.66393,38.4558],[-107.66385,38.45572],[-107.66375,38.45561],[-107.66369,38.45555],[-107.66364,38.45549],[-107.66358,38.45542],[-107.66353,38.45536],[-107.66341,38.45519],[-107.66328,38.455],[-107.66286,38.45442],[-107.66275,38.45427],[-107.66264,38.4541],[-107.66251,38.45393],[-107.66225,38.45359],[-107.66201,38.45326],[-107.6619,38.45311],[-107.66178,38.45296],[-107.66169,38.45284],[-107.66164,38.45278],[-107.66161,38.45274],[-107.66151,38.45263],[-107.66138,38.4525],[-107.66125,38.45237],[-107.66115,38.45228],[-107.66103,38.45219],[-107.6609,38.45209],[-107.66078,38.45202],[-107.66067,38.45196],[-107.66055,38.45189],[-107.66043,38.45184],[-107.66031,38.45179],[-107.66024,38.45176],[-107.66012,38.45172],[-107.66001,38.45169],[-107.6599,38.45166],[-107.65974,38.45163],[-107.65961,38.45161],[-107.65944,38.45159],[-107.65935,38.45158],[-107.65926,38.45157],[-107.65911,38.45157],[-107.65895,38.45157],[-107.65884,38.45157],[-107.65871,38.45158],[-107.65866,38.45159],[-107.6586,38.4516],[-107.65851,38.45161],[-107.65841,38.45163],[-107.65825,38.45166],[-107.65796,38.45173],[-107.65766,38.45181],[-107.65733,38.45191],[-107.65714,38.45197],[-107.65705,38.45199],[-107.65692,38.45203],[-107.65674,38.45208],[-107.65658,38.45212],[-107.65644,38.45215],[-107.65627,38.45218],[-107.65608,38.45221],[-107.65591,38.45223],[-107.6558,38.45223],[-107.65574,38.45223],[-107.65558,38.45223],[-107.65542,38.45222],[-107.65527,38.45221],[-107.65514,38.45219],[-107.65492,38.45215],[-107.65474,38.45211],[-107.65461,38.45207],[-107.6545,38.45203],[-107.65444,38.45201],[-107.65434,38.45197],[-107.65426,38.45193],[-107.6542,38.45191],[-107.65412,38.45187],[-107.65404,38.45183],[-107.65394,38.45177],[-107.65378,38.45167],[-107.65353,38.45151],[-107.65351,38.45149],[-107.65326,38.45134],[-107.65313,38.45126],[-107.65301,38.4512],[-107.65292,38.45115],[-107.6528,38.45109],[-107.65267,38.45103],[-107.65258,38.451],[-107.65257,38.451],[-107.65245,38.45095],[-107.6523,38.45091],[-107.65215,38.45087],[-107.65202,38.45084],[-107.65189,38.45082],[-107.65177,38.4508],[-107.65153,38.45077],[-107.65125,38.45074],[-107.65034,38.45064],[-107.64969,38.45057],[-107.64943,38.45055],[-107.64831,38.45043],[-107.64767,38.45036],[-107.64749,38.45033],[-107.6473,38.45031],[-107.64717,38.45029],[-107.64703,38.45025],[-107.64694,38.45023],[-107.64687,38.45021],[-107.6467,38.45016],[-107.64651,38.45008],[-107.64634,38.45001],[-107.64623,38.44995],[-107.64611,38.44988],[-107.64598,38.4498],[-107.64587,38.44972],[-107.64578,38.44965],[-107.64572,38.4496],[-107.64566,38.44953],[-107.64554,38.44941],[-107.64549,38.44936],[-107.64542,38.44928],[-107.64538,38.44922],[-107.64537,38.4492],[-107.64529,38.4491],[-107.64524,38.44901],[-107.64517,38.44886],[-107.64511,38.44876],[-107.64509,38.44873],[-107.64493,38.44843],[-107.6449,38.44836],[-107.64484,38.44826],[-107.64474,38.44811],[-107.64466,38.448],[-107.6446,38.44792],[-107.64456,38.44787],[-107.64451,38.44782],[-107.64445,38.44775],[-107.64438,38.44769],[-107.64431,38.44763],[-107.64421,38.44755],[-107.64409,38.44745],[-107.64396,38.44737],[-107.64387,38.44732],[-107.6438,38.44729],[-107.64379,38.44728],[-107.64369,38.44724],[-107.64364,38.44722],[-107.64359,38.4472],[-107.64353,38.44717],[-107.64343,38.44714],[-107.64321,38.44708],[-107.64274,38.44694],[-107.64253,38.44686],[-107.64234,38.44679],[-107.64218,38.44672],[-107.64201,38.44663],[-107.64185,38.44654],[-107.6417,38.44645],[-107.64158,38.44637],[-107.64155,38.44635],[-107.64145,38.44627],[-107.64139,38.44623],[-107.64135,38.44619],[-107.64114,38.44601],[-107.64096,38.44585],[-107.64081,38.44572],[-107.64063,38.44557],[-107.64047,38.44542],[-107.63997,38.445],[-107.63967,38.44475],[-107.63925,38.4444],[-107.6387,38.44396],[-107.63861,38.44389],[-107.63812,38.44349],[-107.63796,38.44337],[-107.63782,38.44326],[-107.63754,38.44306],[-107.63742,38.44298],[-107.63731,38.44291],[-107.63718,38.44284],[-107.63704,38.44276],[-107.6369,38.4427],[-107.63676,38.44263],[-107.63659,38.44256],[-107.63642,38.4425],[-107.63627,38.44246],[-107.63614,38.44242],[-107.63599,38.44239],[-107.6357,38.44233],[-107.63557,38.44231],[-107.63543,38.44229],[-107.63538,38.44228],[-107.6353,38.44228],[-107.63515,38.44226],[-107.63502,38.44226],[-107.63492,38.44226],[-107.6349,38.44226],[-107.63478,38.44226],[-107.63467,38.44226],[-107.63453,38.44226],[-107.63441,38.44227],[-107.63428,38.44228],[-107.63416,38.4423],[-107.63404,38.44231],[-107.63391,38.44233],[-107.63378,38.44236],[-107.63365,38.44238],[-107.63296,38.44255],[-107.63189,38.44284],[-107.63117,38.44304],[-107.63038,38.44326],[-107.62926,38.44357],[-107.629,38.44364],[-107.6288,38.4437],[-107.62867,38.44375],[-107.62851,38.4438],[-107.62832,38.44387],[-107.62807,38.44397],[-107.62796,38.44402],[-107.62781,38.44408],[-107.62776,38.4441],[-107.62761,38.44417],[-107.62747,38.44425],[-107.62735,38.44431],[-107.62711,38.44445],[-107.62694,38.44454],[-107.6268,38.44462],[-107.62664,38.44472],[-107.62646,38.44484],[-107.62592,38.44517],[-107.62574,38.44529],[-107.62566,38.44534],[-107.62538,38.44551],[-107.62511,38.44568],[-107.62484,38.44584],[-107.62466,38.44596],[-107.62394,38.4464],[-107.62371,38.44653],[-107.62363,38.44657],[-107.62354,38.44661],[-107.62339,38.44668],[-107.62325,38.44673],[-107.62311,38.44677],[-107.62301,38.4468],[-107.62293,38.44682],[-107.62286,38.44684],[-107.62275,38.44686],[-107.62271,38.44686],[-107.62254,38.44688],[-107.62237,38.4469],[-107.62222,38.44691],[-107.62207,38.44691],[-107.62193,38.4469],[-107.62184,38.4469],[-107.62174,38.44689],[-107.62165,38.44688],[-107.62154,38.44686],[-107.62142,38.44683],[-107.62131,38.44681],[-107.62122,38.44678],[-107.62112,38.44675],[-107.62103,38.44673],[-107.62094,38.44669],[-107.62081,38.44663],[-107.62073,38.44659],[-107.62059,38.44652],[-107.62048,38.44645],[-107.62037,38.44638],[-107.62026,38.44629],[-107.62014,38.44619],[-107.62005,38.44611],[-107.61996,38.44601],[-107.61986,38.44587],[-107.61981,38.4458],[-107.61981,38.44579],[-107.61976,38.44571],[-107.61972,38.44564],[-107.61972,38.44563],[-107.61969,38.44557],[-107.61965,38.44548],[-107.61964,38.44546],[-107.61962,38.44542],[-107.61959,38.44534],[-107.61957,38.44528],[-107.61955,38.44518],[-107.61952,38.44503],[-107.61948,38.44482],[-107.6194,38.44436],[-107.61938,38.44429],[-107.61937,38.44423],[-107.61935,38.44416],[-107.61935,38.44414],[-107.61933,38.44409],[-107.6193,38.44401],[-107.61929,38.44396],[-107.61928,38.44394],[-107.61924,38.44387],[-107.6192,38.44378],[-107.61916,38.44369],[-107.61912,38.44363],[-107.61909,38.44359],[-107.61902,38.44349],[-107.61901,38.44347],[-107.61896,38.44341],[-107.6189,38.44335],[-107.61883,38.44327],[-107.61876,38.4432],[-107.61867,38.44313],[-107.61859,38.44306],[-107.61853,38.44301],[-107.61845,38.44296],[-107.6184,38.44293],[-107.61836,38.44291],[-107.61825,38.44285],[-107.61815,38.44279],[-107.61805,38.44275],[-107.61793,38.4427],[-107.61779,38.44265],[-107.61768,38.44261],[-107.61754,38.44258],[-107.6174,38.44254],[-107.61728,38.44252],[-107.61713,38.4425],[-107.617,38.44249],[-107.61682,38.44247],[-107.61659,38.44248],[-107.61634,38.4425],[-107.61615,38.44253],[-107.61602,38.44255],[-107.61596,38.44256],[-107.61583,38.44259],[-107.6157,38.44263],[-107.61556,38.44268],[-107.61507,38.4429],[-107.61479,38.44302],[-107.61477,38.44303],[-107.61445,38.44317],[-107.6143,38.44325],[-107.61417,38.4433],[-107.61408,38.44333],[-107.614,38.44336],[-107.61392,38.44339],[-107.61379,38.44342],[-107.61369,38.44345],[-107.61358,38.44347],[-107.61348,38.44349],[-107.61337,38.44352],[-107.61323,38.44354],[-107.6131,38.44356],[-107.61309,38.44356],[-107.61294,38.44357],[-107.6128,38.44358],[-107.61264,38.44358],[-107.61263,38.44358],[-107.61249,38.44358],[-107.61236,38.44357],[-107.61227,38.44357],[-107.61218,38.44356],[-107.61217,38.44356],[-107.61206,38.44354],[-107.61192,38.44352],[-107.61183,38.44351],[-107.61175,38.44349],[-107.61136,38.4434],[-107.61128,38.44338],[-107.61092,38.44329],[-107.61088,38.44328],[-107.61048,38.44318],[-107.61037,38.44315],[-107.61004,38.44307],[-107.60983,38.44302],[-107.60956,38.44295],[-107.60952,38.44294],[-107.60896,38.4428],[-107.60895,38.4428],[-107.60831,38.44265],[-107.60753,38.44245],[-107.60676,38.44226],[-107.60654,38.44221],[-107.6065,38.4422],[-107.6063,38.44215],[-107.60493,38.4418],[-107.60447,38.44169],[-107.60397,38.44156],[-107.60392,38.44155],[-107.60387,38.44154],[-107.60358,38.44146],[-107.60336,38.44141],[-107.60307,38.44133],[-107.60282,38.44127],[-107.60278,38.44126],[-107.60277,38.44126],[-107.6026,38.44122],[-107.60257,38.44121],[-107.60237,38.44115],[-107.60216,38.44109],[-107.60196,38.44103],[-107.60191,38.44101],[-107.60153,38.44089],[-107.60132,38.44082],[-107.6009,38.44068],[-107.60067,38.4406],[-107.6005,38.44055],[-107.60028,38.44048],[-107.60007,38.4404],[-107.59986,38.44033],[-107.59944,38.44019],[-107.59923,38.44012],[-107.59902,38.44005],[-107.59899,38.44004],[-107.5974,38.4395],[-107.5967,38.43926],[-107.59649,38.43919],[-107.59586,38.43898],[-107.59565,38.43891],[-107.59535,38.43881],[-107.59501,38.4387],[-107.5948,38.43863],[-107.59361,38.43823],[-107.59352,38.4382],[-107.59342,38.43818],[-107.59334,38.43816],[-107.59325,38.43814],[-107.59313,38.43811],[-107.59309,38.4381],[-107.59298,38.43808],[-107.59287,38.43806],[-107.59284,38.43805],[-107.59271,38.43803],[-107.59259,38.43801],[-107.59246,38.438],[-107.59235,38.43799],[-107.59223,38.43797],[-107.5921,38.43797],[-107.59198,38.43796],[-107.59181,38.43795],[-107.5917,38.43795],[-107.59157,38.43795],[-107.59138,38.43795],[-107.59096,38.43796],[-107.59013,38.438],[-107.58978,38.43801],[-107.58861,38.43806],[-107.58806,38.43808],[-107.58785,38.43809],[-107.58762,38.4381],[-107.58752,38.43811],[-107.58737,38.43812],[-107.58724,38.43814],[-107.58723,38.43814],[-107.58708,38.43817],[-107.58702,38.43818],[-107.58695,38.4382],[-107.58683,38.43822],[-107.5868,38.43823],[-107.5867,38.43826],[-107.58659,38.43829],[-107.58646,38.43834],[-107.58637,38.43837],[-107.58627,38.43841],[-107.58612,38.43848],[-107.58594,38.43858],[-107.58583,38.43864],[-107.58568,38.43874],[-107.5856,38.43879],[-107.58552,38.43886],[-107.58545,38.43891],[-107.58535,38.439],[-107.58524,38.4391],[-107.58513,38.43921],[-107.58501,38.43934],[-107.58437,38.44006],[-107.58412,38.44035],[-107.58411,38.44036],[-107.58385,38.44065],[-107.58362,38.44091],[-107.58346,38.44109],[-107.58345,38.44109],[-107.58329,38.44127],[-107.58316,38.4414],[-107.58306,38.44149],[-107.58296,38.44158],[-107.58287,38.44165],[-107.58286,38.44165],[-107.58277,38.44172],[-107.5827,38.44177],[-107.58264,38.4418],[-107.58251,38.44188],[-107.58237,38.44196],[-107.58224,38.44202],[-107.58216,38.44205],[-107.58213,38.44207],[-107.58203,38.44211],[-107.58192,38.44215],[-107.58191,38.44215],[-107.58177,38.4422],[-107.58171,38.44222],[-107.58167,38.44223],[-107.58157,38.44225],[-107.58148,38.44227],[-107.58136,38.4423],[-107.58125,38.44232],[-107.58115,38.44233],[-107.58106,38.44235],[-107.58095,38.44236],[-107.58079,38.44237],[-107.58064,38.44237],[-107.58049,38.44238],[-107.58038,38.44237],[-107.58029,38.44237],[-107.58016,38.44236],[-107.58008,38.44235],[-107.5799,38.44232],[-107.57889,38.44215],[-107.57876,38.44213],[-107.57854,38.4421],[-107.57764,38.44194],[-107.57719,38.44187],[-107.57697,38.44183],[-107.57674,38.44179],[-107.57614,38.44169],[-107.5757,38.44161],[-107.57555,38.44159],[-107.57525,38.44153],[-107.57502,38.4415],[-107.5747,38.44144],[-107.57457,38.44142],[-107.57435,38.44138],[-107.5738,38.44129],[-107.57345,38.44123],[-107.57323,38.44119],[-107.57277,38.44112],[-107.57268,38.4411],[-107.57255,38.44108],[-107.57213,38.44101],[-107.572,38.44099],[-107.57182,38.44096],[-107.57164,38.44094],[-107.57147,38.44092],[-107.57131,38.44091],[-107.57115,38.44089],[-107.57097,38.44088],[-107.57096,38.44087],[-107.57079,38.44086],[-107.57074,38.44086],[-107.57064,38.44085],[-107.57061,38.44085],[-107.57038,38.44084],[-107.57018,38.44083],[-107.56997,38.44083],[-107.56982,38.44082],[-107.56969,38.44082],[-107.56955,38.44082],[-107.56949,38.44082],[-107.56939,38.44082],[-107.56936,38.44082],[-107.5692,38.44083],[-107.56913,38.44083],[-107.56897,38.44084],[-107.5689,38.44084],[-107.56875,38.44085],[-107.56867,38.44085],[-107.5686,38.44086],[-107.56857,38.44086],[-107.56847,38.44087],[-107.56831,38.44088],[-107.56813,38.44089],[-107.56799,38.4409],[-107.56782,38.44092],[-107.5677,38.44093],[-107.56756,38.44095],[-107.56742,38.44097],[-107.56727,38.44099],[-107.56715,38.44101],[-107.56704,38.44102],[-107.56689,38.44105],[-107.56671,38.44108],[-107.56655,38.44111],[-107.56642,38.44114],[-107.56641,38.44114],[-107.56631,38.44116],[-107.56617,38.44119],[-107.56603,38.44121],[-107.56594,38.44124],[-107.56583,38.44126],[-107.56571,38.44129],[-107.5656,38.44132],[-107.56553,38.44134],[-107.56543,38.44136],[-107.56543,38.44137],[-107.56531,38.4414],[-107.56523,38.44142],[-107.56467,38.44158],[-107.56466,38.44158],[-107.56457,38.44161],[-107.56445,38.44164],[-107.56381,38.44183],[-107.56371,38.44186],[-107.56359,38.44189],[-107.56337,38.44196],[-107.56273,38.44215],[-107.56235,38.44226],[-107.56181,38.44241],[-107.56171,38.44244],[-107.56165,38.44246],[-107.5616,38.44247],[-107.56143,38.44251],[-107.56129,38.44254],[-107.56117,38.44257],[-107.56111,38.44258],[-107.56105,38.44259],[-107.56094,38.44261],[-107.56082,38.44262],[-107.56076,38.44263],[-107.56064,38.44264],[-107.56053,38.44265],[-107.56043,38.44266],[-107.5603,38.44268],[-107.56029,38.44268],[-107.55986,38.44272],[-107.55985,38.44272],[-107.55952,38.44276],[-107.55926,38.44278],[-107.5592,38.44278],[-107.55904,38.4428],[-107.55893,38.44281],[-107.55881,38.44281],[-107.55873,38.44281],[-107.55859,38.44282],[-107.55844,38.44281],[-107.55838,38.44281],[-107.5583,38.44281],[-107.55822,38.4428],[-107.55813,38.44279],[-107.55798,38.44277],[-107.55783,38.44275],[-107.55772,38.44273],[-107.55765,38.44272],[-107.5576,38.44271],[-107.55749,38.44268],[-107.5574,38.44266],[-107.55732,38.44263],[-107.55714,38.44258],[-107.55704,38.44255],[-107.55693,38.4425],[-107.55685,38.44247],[-107.55679,38.44245],[-107.55667,38.44239],[-107.55659,38.44235],[-107.55652,38.44231],[-107.55644,38.44227],[-107.55637,38.44223],[-107.55628,38.44217],[-107.55618,38.4421],[-107.55605,38.44202],[-107.55591,38.44192],[-107.5558,38.44182],[-107.55572,38.44175],[-107.55564,38.44168],[-107.55551,38.44155],[-107.55539,38.44144],[-107.5553,38.44134],[-107.55521,38.44123],[-107.55513,38.44113],[-107.55504,38.44102],[-107.55499,38.44095],[-107.55482,38.44075],[-107.55465,38.44056],[-107.55449,38.44039],[-107.55435,38.44025],[-107.5542,38.44011],[-107.55407,38.43999],[-107.55396,38.43989],[-107.55382,38.43978],[-107.55369,38.43967],[-107.55357,38.43958],[-107.55348,38.43953],[-107.55339,38.43946],[-107.55328,38.4394],[-107.55313,38.4393],[-107.55274,38.43909],[-107.55262,38.43903],[-107.55243,38.43894],[-107.55203,38.43875],[-107.55092,38.43825],[-107.55072,38.43816],[-107.55052,38.43807],[-107.55032,38.43798],[-107.54991,38.43779],[-107.5496,38.43765],[-107.54935,38.43755],[-107.54932,38.43754],[-107.54924,38.43751],[-107.54916,38.43748],[-107.54899,38.43741],[-107.54888,38.43737],[-107.54874,38.43733],[-107.54843,38.43724],[-107.54791,38.4371],[-107.54776,38.43706],[-107.54761,38.43702],[-107.54752,38.437],[-107.54743,38.43698],[-107.54739,38.43697],[-107.54727,38.43694],[-107.54712,38.43689],[-107.54704,38.43687],[-107.54695,38.43684],[-107.54683,38.4368],[-107.54662,38.43672],[-107.54643,38.43663],[-107.54632,38.43658],[-107.54615,38.43649],[-107.54599,38.4364],[-107.54584,38.4363],[-107.5458,38.43627],[-107.54573,38.43623],[-107.54556,38.43609],[-107.54524,38.43585],[-107.54521,38.43582],[-107.54514,38.43577],[-107.54498,38.43564],[-107.54467,38.4354],[-107.54434,38.43513],[-107.54414,38.43496],[-107.54366,38.43457],[-107.54211,38.43333],[-107.54182,38.43309],[-107.54163,38.43294],[-107.54125,38.43262],[-107.54116,38.43255],[-107.541,38.43241],[-107.54085,38.43228],[-107.54046,38.43196],[-107.53998,38.43155],[-107.53961,38.43122],[-107.5396,38.43121],[-107.53946,38.43109],[-107.53923,38.43089],[-107.53896,38.43065],[-107.53864,38.43038],[-107.53825,38.43002],[-107.53815,38.42992],[-107.53803,38.42981],[-107.53795,38.42973],[-107.53787,38.42964],[-107.53778,38.42955],[-107.53764,38.42941],[-107.53751,38.42927],[-107.5374,38.42915],[-107.53729,38.42903],[-107.5372,38.42893],[-107.53708,38.42879],[-107.53675,38.42839],[-107.5362,38.42775],[-107.53577,38.42724],[-107.53547,38.42688],[-107.53519,38.42655],[-107.53501,38.42632],[-107.53498,38.42629],[-107.53494,38.42624],[-107.5347,38.42596],[-107.53455,38.42577],[-107.53444,38.42564],[-107.53431,38.42549],[-107.53428,38.42544],[-107.5342,38.42533],[-107.53408,38.42514],[-107.534,38.42498],[-107.53391,38.4248],[-107.53388,38.42472],[-107.53383,38.4246],[-107.53383,38.42459],[-107.53378,38.42443],[-107.53376,38.42437],[-107.53372,38.42424],[-107.53363,38.42387],[-107.53357,38.42359],[-107.53354,38.42349],[-107.53351,38.42335],[-107.53346,38.42322],[-107.53342,38.4231],[-107.53338,38.42301],[-107.53338,38.42299],[-107.53337,38.42297],[-107.53335,38.42292],[-107.53332,38.42286],[-107.53331,38.42283],[-107.5333,38.42283],[-107.53329,38.4228],[-107.53328,38.42277],[-107.53323,38.42269],[-107.53317,38.42259],[-107.53309,38.42247],[-107.53301,38.42235],[-107.53294,38.42227],[-107.53284,38.42215],[-107.53267,38.42198],[-107.53248,38.42179],[-107.53228,38.42161],[-107.53222,38.42156],[-107.53216,38.4215],[-107.53207,38.42142],[-107.53194,38.42131],[-107.53176,38.42113],[-107.53161,38.421],[-107.53148,38.42088],[-107.53136,38.42077],[-107.53127,38.42068],[-107.53117,38.42059],[-107.53108,38.42049],[-107.531,38.42041],[-107.53096,38.42037],[-107.53091,38.42031],[-107.53085,38.42025],[-107.53083,38.42023],[-107.53075,38.42014],[-107.53068,38.42005],[-107.53061,38.41996],[-107.53054,38.41988],[-107.53047,38.41978],[-107.53039,38.41967],[-107.53023,38.41945],[-107.53018,38.41939],[-107.52991,38.419],[-107.52989,38.41898],[-107.52981,38.41885],[-107.52937,38.41822],[-107.52885,38.41746],[-107.52802,38.41626],[-107.52786,38.41603],[-107.52748,38.41547],[-107.52748,38.41546],[-107.52748,38.41544],[-107.52748,38.41543],[-107.52747,38.41541],[-107.52746,38.4154],[-107.52743,38.41534],[-107.52736,38.41523],[-107.52725,38.41508],[-107.52722,38.41504],[-107.52702,38.41475],[-107.52688,38.41455],[-107.52683,38.41447],[-107.52672,38.41431],[-107.52658,38.41413],[-107.52648,38.41401],[-107.52637,38.41387],[-107.52627,38.41376],[-107.52618,38.41367],[-107.5261,38.41359],[-107.526,38.4135],[-107.52589,38.41341],[-107.52588,38.4134],[-107.52575,38.41331],[-107.52562,38.41322],[-107.52549,38.41314],[-107.52529,38.41303],[-107.52515,38.41296],[-107.52511,38.41294],[-107.525,38.41289],[-107.52496,38.41287],[-107.52484,38.41283],[-107.52463,38.41275],[-107.52438,38.41267],[-107.5242,38.41261],[-107.52399,38.41255],[-107.52395,38.41254],[-107.52393,38.41253],[-107.52391,38.41253],[-107.52389,38.41253],[-107.52387,38.41253],[-107.52386,38.41253],[-107.52364,38.41246],[-107.52336,38.41237],[-107.52326,38.41234],[-107.52315,38.41231],[-107.523,38.41226],[-107.52299,38.41226],[-107.52293,38.41224],[-107.52282,38.4122],[-107.5227,38.41217],[-107.52256,38.41212],[-107.52248,38.4121],[-107.52239,38.41207],[-107.52228,38.41203],[-107.52219,38.412],[-107.52207,38.41196],[-107.52198,38.41193],[-107.52189,38.4119],[-107.5218,38.41186],[-107.5217,38.41182],[-107.5216,38.41178],[-107.52154,38.41175],[-107.5215,38.41173],[-107.52149,38.41173],[-107.52139,38.41168],[-107.52129,38.41162],[-107.52119,38.41156],[-107.52108,38.4115],[-107.52102,38.41147],[-107.52097,38.41144],[-107.52095,38.41142],[-107.52085,38.41136],[-107.52067,38.41124],[-107.52023,38.41093],[-107.52023,38.41093],[-107.52038,38.41093],[-107.52046,38.41093],[-107.52048,38.41093],[-107.52049,38.41093],[-107.5205,38.41093],[-107.52051,38.41093],[-107.52052,38.41092],[-107.52053,38.41091],[-107.52053,38.4109]]}}]}