{"type":"FeatureCollection","features":[{"type":"Feature","properties":{"_gpxType":"trk","name":"Aspen Cove Resort, North Shore Road, Panguitch, UT - 594 S 515 W, Cedar City, UT 84720","coordinateProperties":{},"id":88},"geometry":{"type":"LineString","coordinates":[[-112.64891,37.7256],[-112.64873,37.72535],[-112.64854,37.72508],[-112.64851,37.72503],[-112.6484,37.72488],[-112.64829,37.72472],[-112.64822,37.72461],[-112.64816,37.72458],[-112.64798,37.72446],[-112.64776,37.72432],[-112.64732,37.72404],[-112.64702,37.72376],[-112.647,37.72372],[-112.64689,37.72357],[-112.64676,37.72337],[-112.64628,37.7229],[-112.64573,37.72247],[-112.64571,37.72245],[-112.64556,37.72235],[-112.64547,37.72228],[-112.64523,37.72217],[-112.64518,37.72216],[-112.64508,37.72214],[-112.64495,37.72214],[-112.64481,37.72214],[-112.64463,37.72213],[-112.64452,37.72213],[-112.64441,37.72212],[-112.64433,37.72211],[-112.64416,37.72205],[-112.64401,37.72199],[-112.64391,37.72197],[-112.64385,37.72197],[-112.64379,37.72197],[-112.64366,37.722],[-112.64355,37.72203],[-112.64343,37.72204],[-112.64341,37.72204],[-112.6433,37.72205],[-112.64315,37.72203],[-112.64296,37.72201],[-112.64295,37.72201],[-112.64273,37.72199],[-112.64261,37.72198],[-112.64237,37.72199],[-112.64228,37.722],[-112.64219,37.72201],[-112.64206,37.72203],[-112.64182,37.72205],[-112.64168,37.72205],[-112.64146,37.72204],[-112.64138,37.72204],[-112.64115,37.72203],[-112.64104,37.72202],[-112.64067,37.72201],[-112.64052,37.72204],[-112.64042,37.72207],[-112.64034,37.72213],[-112.64025,37.72221],[-112.64012,37.72235],[-112.64002,37.72244],[-112.63988,37.72253],[-112.63983,37.72255],[-112.63977,37.72257],[-112.6397,37.72259],[-112.63962,37.7226],[-112.63961,37.7226],[-112.63953,37.7226],[-112.63937,37.72258],[-112.63912,37.72253],[-112.63872,37.72245],[-112.63868,37.72244],[-112.6385,37.72241],[-112.6383,37.72236],[-112.63804,37.72231],[-112.63797,37.7223],[-112.63791,37.7223],[-112.63776,37.7223],[-112.6377,37.72231],[-112.63749,37.72232],[-112.63688,37.72238],[-112.63605,37.72246],[-112.6359,37.72247],[-112.63567,37.72248],[-112.63562,37.72249],[-112.63522,37.72254],[-112.63486,37.72272],[-112.63461,37.72287],[-112.63453,37.72294],[-112.63441,37.72303],[-112.63424,37.72319],[-112.63423,37.7232],[-112.63412,37.72333],[-112.63403,37.72347],[-112.63389,37.72369],[-112.63382,37.72384],[-112.63376,37.72398],[-112.63374,37.72401],[-112.63366,37.72418],[-112.63362,37.72427],[-112.63348,37.72451],[-112.63343,37.72459],[-112.63336,37.72466],[-112.63322,37.72481],[-112.63307,37.72493],[-112.63299,37.72499],[-112.6329,37.72506],[-112.63262,37.72526],[-112.63246,37.7254],[-112.63243,37.72544],[-112.63234,37.72555],[-112.63232,37.7256],[-112.63229,37.72565],[-112.63225,37.72576],[-112.63225,37.72577],[-112.63224,37.72587],[-112.63225,37.72595],[-112.63226,37.72599],[-112.63229,37.72613],[-112.63237,37.72629],[-112.63245,37.72646],[-112.63247,37.72655],[-112.63248,37.7266],[-112.63247,37.72664],[-112.63246,37.72665],[-112.63243,37.72671],[-112.63233,37.72678],[-112.63226,37.7268],[-112.63216,37.7268],[-112.63211,37.72679],[-112.63207,37.72678],[-112.63193,37.72672],[-112.63191,37.72672],[-112.6316,37.72657],[-112.63139,37.72647],[-112.63115,37.72636],[-112.63092,37.72627],[-112.63086,37.72625],[-112.63062,37.72621],[-112.63048,37.72619],[-112.63008,37.72625],[-112.63003,37.72626],[-112.62968,37.72638],[-112.62926,37.72656],[-112.62891,37.72677],[-112.62891,37.72678],[-112.62877,37.72692],[-112.62864,37.72705],[-112.62844,37.72728],[-112.62818,37.72755],[-112.62806,37.72762],[-112.62788,37.72773],[-112.62783,37.72776],[-112.62756,37.72787],[-112.62713,37.72797],[-112.62678,37.72808],[-112.62644,37.72817],[-112.6264,37.72818],[-112.62605,37.72826],[-112.62574,37.72833],[-112.62554,37.72841],[-112.62541,37.72853],[-112.62535,37.7286],[-112.62532,37.72872],[-112.62531,37.72872],[-112.62531,37.72885],[-112.6253,37.72898],[-112.62532,37.72909],[-112.62533,37.72926],[-112.62533,37.72933],[-112.62528,37.72945],[-112.62519,37.72955],[-112.62516,37.72957],[-112.62509,37.7296],[-112.62496,37.72965],[-112.62483,37.72969],[-112.62476,37.72968],[-112.62468,37.72969],[-112.6245,37.72961],[-112.62433,37.72947],[-112.62429,37.72944],[-112.62419,37.72933],[-112.62407,37.7292],[-112.62405,37.72918],[-112.62393,37.72903],[-112.62381,37.72888],[-112.6238,37.72886],[-112.62364,37.72871],[-112.6235,37.72863],[-112.6235,37.72863],[-112.62334,37.72859],[-112.62306,37.72858],[-112.62283,37.72858],[-112.62281,37.72859],[-112.62259,37.7286],[-112.62215,37.72861],[-112.62173,37.72862],[-112.62128,37.72862],[-112.62092,37.72862],[-112.62089,37.72862],[-112.62049,37.72862],[-112.62046,37.72862],[-112.62044,37.72862],[-112.62023,37.72861],[-112.62021,37.72861],[-112.62019,37.72861],[-112.61998,37.7286],[-112.61995,37.72855],[-112.61992,37.7285],[-112.6199,37.72846],[-112.6199,37.72845],[-112.6199,37.72838],[-112.61991,37.72834],[-112.61994,37.7283],[-112.61995,37.72829],[-112.62003,37.72823],[-112.62012,37.72817],[-112.62017,37.72815],[-112.6203,37.72806],[-112.62033,37.72805],[-112.62049,37.72796],[-112.62052,37.72795],[-112.62067,37.72785],[-112.62075,37.7278],[-112.62085,37.72775],[-112.62093,37.72771],[-112.62104,37.72764],[-112.62104,37.72763],[-112.62117,37.72755],[-112.62128,37.72745],[-112.62134,37.72738],[-112.62135,37.72737],[-112.62139,37.72732],[-112.62143,37.72726],[-112.62146,37.72722],[-112.62148,37.72717],[-112.6215,37.72711],[-112.62151,37.72705],[-112.62152,37.727],[-112.62151,37.72695],[-112.6215,37.72687],[-112.62148,37.72674],[-112.62146,37.72669],[-112.62144,37.72661],[-112.62142,37.72651],[-112.6214,37.72646],[-112.62138,37.72634],[-112.62136,37.72625],[-112.62135,37.72616],[-112.62134,37.72605],[-112.62133,37.72598],[-112.62133,37.72597],[-112.62134,37.72589],[-112.62137,37.7258],[-112.62138,37.72574],[-112.62145,37.72563],[-112.62164,37.72548],[-112.62183,37.7254],[-112.62205,37.72531],[-112.62224,37.72524],[-112.62242,37.72518],[-112.62245,37.72518],[-112.62256,37.72515],[-112.62285,37.72507],[-112.62305,37.725],[-112.62309,37.72499],[-112.62325,37.72492],[-112.62339,37.72483],[-112.62345,37.7248],[-112.62347,37.72479],[-112.6236,37.72471],[-112.62386,37.72453],[-112.62416,37.72432],[-112.6242,37.72429],[-112.62432,37.72419],[-112.62441,37.72411],[-112.62456,37.72398],[-112.62467,37.72388],[-112.62474,37.72381],[-112.62477,37.72379],[-112.62484,37.72371],[-112.62487,37.72363],[-112.62486,37.7236],[-112.62484,37.72357],[-112.62479,37.72348],[-112.62479,37.72348],[-112.62456,37.72353],[-112.62442,37.72354],[-112.62435,37.72355],[-112.62417,37.72355],[-112.62396,37.72353],[-112.62372,37.72349],[-112.62367,37.72348],[-112.62348,37.72343],[-112.62325,37.72334],[-112.62315,37.72331],[-112.62261,37.7231],[-112.62204,37.7229],[-112.62181,37.72281],[-112.62161,37.72273],[-112.62144,37.72267],[-112.62098,37.7225],[-112.62078,37.72243],[-112.62057,37.72236],[-112.62049,37.72233],[-112.61986,37.72217],[-112.61981,37.72216],[-112.61971,37.72214],[-112.61948,37.72211],[-112.61942,37.7221],[-112.6192,37.72208],[-112.61906,37.72207],[-112.61891,37.72206],[-112.6188,37.72205],[-112.61866,37.72205],[-112.61858,37.72204],[-112.61851,37.72204],[-112.61835,37.72204],[-112.61813,37.72205],[-112.61799,37.72205],[-112.61789,37.72206],[-112.6177,37.72208],[-112.61767,37.72208],[-112.61757,37.72209],[-112.61744,37.7221],[-112.61743,37.7221],[-112.61736,37.72211],[-112.61731,37.72212],[-112.61722,37.72213],[-112.61707,37.72216],[-112.61686,37.7222],[-112.61673,37.72224],[-112.61659,37.72227],[-112.61647,37.72231],[-112.61635,37.72234],[-112.61628,37.72236],[-112.61609,37.72242],[-112.61589,37.72249],[-112.61578,37.72253],[-112.61562,37.72259],[-112.61556,37.72261],[-112.61552,37.72263],[-112.61545,37.72267],[-112.61538,37.7227],[-112.61526,37.72276],[-112.6151,37.72284],[-112.61498,37.7229],[-112.61494,37.72292],[-112.61489,37.72295],[-112.61477,37.72302],[-112.61476,37.72303],[-112.61468,37.72308],[-112.61458,37.72314],[-112.61457,37.72315],[-112.6145,37.72319],[-112.61438,37.72327],[-112.61429,37.72333],[-112.61424,37.72337],[-112.6142,37.7234],[-112.61402,37.72355],[-112.61392,37.72363],[-112.61388,37.72367],[-112.61382,37.72373],[-112.61375,37.72379],[-112.61368,37.72386],[-112.61349,37.72405],[-112.61333,37.72422],[-112.61324,37.72431],[-112.61303,37.72452],[-112.61291,37.72465],[-112.61261,37.72494],[-112.61256,37.725],[-112.6124,37.72517],[-112.61219,37.72537],[-112.61213,37.72543],[-112.61196,37.7256],[-112.61191,37.72565],[-112.61149,37.72608],[-112.61138,37.72619],[-112.61121,37.72636],[-112.61107,37.7265],[-112.61107,37.72651],[-112.61094,37.72665],[-112.61084,37.72674],[-112.61066,37.72693],[-112.61062,37.72697],[-112.61042,37.72718],[-112.61024,37.72735],[-112.6101,37.72749],[-112.60992,37.72765],[-112.60982,37.72772],[-112.60969,37.72782],[-112.60961,37.72787],[-112.60959,37.72788],[-112.60943,37.72799],[-112.60938,37.72802],[-112.60916,37.72815],[-112.609,37.72824],[-112.60876,37.72836],[-112.60863,37.72843],[-112.6085,37.7285],[-112.6083,37.72859],[-112.60812,37.72869],[-112.60766,37.72892],[-112.60743,37.72904],[-112.60729,37.72911],[-112.60717,37.72919],[-112.607,37.72928],[-112.60698,37.72929],[-112.60686,37.72937],[-112.60681,37.72941],[-112.60676,37.72944],[-112.60661,37.72958],[-112.60651,37.72968],[-112.6064,37.72982],[-112.60624,37.73007],[-112.60613,37.73027],[-112.60611,37.73032],[-112.60601,37.73055],[-112.60592,37.7308],[-112.60591,37.73084],[-112.6059,37.73091],[-112.60588,37.73108],[-112.60589,37.7312],[-112.60589,37.73121],[-112.60591,37.73134],[-112.60593,37.73145],[-112.60596,37.73155],[-112.60605,37.73171],[-112.60621,37.73195],[-112.60633,37.7321],[-112.60653,37.73234],[-112.60657,37.7324],[-112.60663,37.73249],[-112.60667,37.73256],[-112.60672,37.73264],[-112.60678,37.73277],[-112.6068,37.73283],[-112.60681,37.73291],[-112.60682,37.73302],[-112.60681,37.73314],[-112.6068,37.73318],[-112.6068,37.73323],[-112.60678,37.73327],[-112.60675,37.73336],[-112.60675,37.73337],[-112.60672,37.73343],[-112.60669,37.73348],[-112.60666,37.73354],[-112.60661,37.7336],[-112.60655,37.73367],[-112.60645,37.7338],[-112.60633,37.73395],[-112.60625,37.73407],[-112.60619,37.73418],[-112.60607,37.73441],[-112.60594,37.73467],[-112.60588,37.73482],[-112.60579,37.73502],[-112.60572,37.73516],[-112.60568,37.73525],[-112.60565,37.73531],[-112.60558,37.73541],[-112.60555,37.73545],[-112.60552,37.7355],[-112.60547,37.73555],[-112.60544,37.73559],[-112.6054,37.73563],[-112.60535,37.73568],[-112.60529,37.73573],[-112.60523,37.73578],[-112.60516,37.73583],[-112.605,37.73593],[-112.6049,37.73598],[-112.60483,37.73602],[-112.60461,37.73612],[-112.60443,37.7362],[-112.60431,37.73624],[-112.60413,37.7363],[-112.60392,37.73637],[-112.60369,37.73643],[-112.60351,37.73646],[-112.60336,37.73649],[-112.60321,37.73651],[-112.60296,37.73653],[-112.60255,37.73656],[-112.60228,37.73658],[-112.60153,37.73662],[-112.60123,37.73663],[-112.6011,37.73662],[-112.60099,37.7366],[-112.60077,37.73657],[-112.60074,37.73656],[-112.60058,37.73652],[-112.60052,37.73651],[-112.60017,37.73641],[-112.59963,37.73625],[-112.59937,37.73618],[-112.59924,37.73614],[-112.59914,37.73612],[-112.59902,37.73611],[-112.599,37.7361],[-112.59887,37.73609],[-112.59862,37.73608],[-112.59829,37.7361],[-112.59799,37.73616],[-112.59789,37.73618],[-112.59767,37.73623],[-112.59737,37.73629],[-112.59719,37.73631],[-112.59703,37.73632],[-112.59688,37.73631],[-112.59673,37.7363],[-112.59662,37.73628],[-112.59656,37.73626],[-112.59648,37.73624],[-112.59637,37.73621],[-112.59626,37.73617],[-112.59613,37.73612],[-112.596,37.73607],[-112.59594,37.73604],[-112.59581,37.73597],[-112.59539,37.73578],[-112.59514,37.73569],[-112.59512,37.73568],[-112.59498,37.73565],[-112.59486,37.73562],[-112.59475,37.73561],[-112.59465,37.73561],[-112.59456,37.73561],[-112.59448,37.73562],[-112.59444,37.73562],[-112.59436,37.73564],[-112.59426,37.73567],[-112.59418,37.7357],[-112.59409,37.73574],[-112.59401,37.73579],[-112.59393,37.73585],[-112.59387,37.7359],[-112.5938,37.73596],[-112.59368,37.73609],[-112.59357,37.73623],[-112.59349,37.73632],[-112.59337,37.73647],[-112.59336,37.73648],[-112.59322,37.7366],[-112.59306,37.7367],[-112.59298,37.73674],[-112.59291,37.73678],[-112.59283,37.73681],[-112.59274,37.73683],[-112.59263,37.73687],[-112.59244,37.73692],[-112.59242,37.73693],[-112.59227,37.73697],[-112.59219,37.737],[-112.59211,37.73704],[-112.59201,37.73709],[-112.59198,37.73711],[-112.59188,37.73718],[-112.59178,37.73726],[-112.5917,37.73735],[-112.59168,37.73738],[-112.59163,37.73743],[-112.59159,37.73749],[-112.59158,37.7375],[-112.59153,37.73757],[-112.59147,37.73766],[-112.59145,37.73769],[-112.59136,37.73781],[-112.59136,37.73782],[-112.59118,37.73809],[-112.59115,37.73814],[-112.5911,37.73824],[-112.59107,37.7383],[-112.59103,37.73837],[-112.59098,37.73848],[-112.59094,37.73858],[-112.59088,37.73877],[-112.5908,37.73909],[-112.59079,37.73913],[-112.59077,37.73924],[-112.59076,37.7393],[-112.59074,37.73944],[-112.59073,37.73948],[-112.59071,37.73966],[-112.5907,37.73973],[-112.59069,37.73984],[-112.59055,37.74092],[-112.59051,37.74127],[-112.59045,37.74174],[-112.59042,37.74199],[-112.59037,37.74235],[-112.59035,37.74253],[-112.59034,37.7426],[-112.59032,37.7427],[-112.59031,37.74272],[-112.59029,37.74282],[-112.59022,37.74298],[-112.59013,37.74313],[-112.59008,37.74321],[-112.59007,37.74322],[-112.58996,37.74335],[-112.5899,37.74341],[-112.58981,37.74348],[-112.5898,37.74349],[-112.58963,37.74359],[-112.58962,37.7436],[-112.58897,37.744],[-112.58867,37.7442],[-112.58847,37.74434],[-112.58807,37.74465],[-112.58786,37.74482],[-112.58771,37.74494],[-112.58722,37.74532],[-112.58678,37.74566],[-112.58658,37.7458],[-112.58641,37.74592],[-112.58639,37.74594],[-112.58612,37.7461],[-112.58595,37.74618],[-112.58585,37.74622],[-112.5858,37.74624],[-112.58564,37.7463],[-112.58558,37.74632],[-112.58533,37.74639],[-112.58518,37.74642],[-112.58503,37.74644],[-112.58499,37.74645],[-112.58484,37.74647],[-112.58476,37.74648],[-112.58466,37.74649],[-112.58433,37.7465],[-112.58363,37.74653],[-112.58356,37.74653],[-112.58204,37.74657],[-112.58178,37.74658],[-112.58136,37.74659],[-112.58091,37.74661],[-112.5809,37.74661],[-112.5806,37.74662],[-112.58045,37.74663],[-112.5803,37.74664],[-112.58022,37.74665],[-112.58016,37.74666],[-112.58003,37.74668],[-112.57986,37.74671],[-112.57969,37.74675],[-112.57953,37.7468],[-112.57935,37.74686],[-112.57928,37.74688],[-112.57915,37.74693],[-112.57891,37.74703],[-112.57859,37.74717],[-112.57855,37.74719],[-112.57826,37.74733],[-112.57796,37.74747],[-112.57791,37.74749],[-112.57757,37.74765],[-112.57754,37.74766],[-112.57735,37.74775],[-112.57716,37.74784],[-112.57701,37.7479],[-112.57687,37.74795],[-112.57674,37.748],[-112.57662,37.74804],[-112.57656,37.74806],[-112.57643,37.7481],[-112.57619,37.74816],[-112.57596,37.7482],[-112.5759,37.74821],[-112.57574,37.74823],[-112.57562,37.74825],[-112.57536,37.74827],[-112.57523,37.74828],[-112.5752,37.74828],[-112.57484,37.74831],[-112.5747,37.74832],[-112.57432,37.74834],[-112.57387,37.74836],[-112.57358,37.74838],[-112.57342,37.74839],[-112.57319,37.7484],[-112.57309,37.7484],[-112.57273,37.74842],[-112.57228,37.74845],[-112.57192,37.74848],[-112.57174,37.74849],[-112.57156,37.74851],[-112.57135,37.74854],[-112.57122,37.74857],[-112.57111,37.74859],[-112.571,37.74863],[-112.57098,37.74864],[-112.57085,37.7487],[-112.57068,37.74878],[-112.57062,37.74882],[-112.57054,37.74887],[-112.57042,37.74895],[-112.57032,37.74904],[-112.57022,37.74914],[-112.57016,37.74922],[-112.57015,37.74923],[-112.57008,37.74932],[-112.57001,37.74944],[-112.56994,37.74956],[-112.56987,37.7497],[-112.56973,37.75005],[-112.56966,37.75022],[-112.56961,37.75032],[-112.56954,37.75042],[-112.56947,37.75051],[-112.56937,37.75062],[-112.56935,37.75064],[-112.56926,37.75072],[-112.56911,37.75085],[-112.56898,37.75094],[-112.56878,37.75107],[-112.56868,37.75113],[-112.56852,37.75122],[-112.5685,37.75123],[-112.56829,37.75134],[-112.56793,37.75154],[-112.56775,37.75164],[-112.56756,37.75174],[-112.56751,37.75177],[-112.56735,37.75182],[-112.56723,37.75189],[-112.56691,37.75206],[-112.56648,37.75229],[-112.56622,37.75242],[-112.56609,37.75249],[-112.56584,37.75262],[-112.5658,37.75264],[-112.56548,37.75282],[-112.56534,37.75289],[-112.56521,37.75297],[-112.56504,37.75308],[-112.56499,37.75312],[-112.56482,37.75324],[-112.56467,37.75335],[-112.56466,37.75336],[-112.56462,37.75339],[-112.56456,37.75344],[-112.5645,37.75349],[-112.56447,37.75352],[-112.56434,37.75365],[-112.56423,37.75377],[-112.56422,37.75378],[-112.56409,37.75392],[-112.56401,37.75401],[-112.56396,37.75407],[-112.56383,37.75422],[-112.56372,37.75435],[-112.56353,37.75458],[-112.56319,37.75498],[-112.56307,37.75512],[-112.56295,37.75527],[-112.56294,37.75527],[-112.56282,37.75541],[-112.56272,37.75553],[-112.5621,37.75628],[-112.56174,37.7567],[-112.56172,37.75673],[-112.56152,37.75697],[-112.56147,37.75703],[-112.5613,37.75724],[-112.561,37.75761],[-112.56072,37.75798],[-112.56065,37.75811],[-112.56056,37.75827],[-112.56039,37.75857],[-112.56024,37.75888],[-112.56006,37.75928],[-112.55999,37.75945],[-112.55964,37.76022],[-112.55951,37.76051],[-112.55944,37.76062],[-112.55938,37.76071],[-112.55932,37.76078],[-112.55929,37.76082],[-112.55921,37.7609],[-112.5591,37.761],[-112.55895,37.76112],[-112.5587,37.7613],[-112.55868,37.76131],[-112.55848,37.76145],[-112.55835,37.76154],[-112.55818,37.76165],[-112.55808,37.76172],[-112.55783,37.76188],[-112.55767,37.76199],[-112.55766,37.762],[-112.55731,37.76224],[-112.55712,37.76237],[-112.55676,37.76262],[-112.55629,37.76294],[-112.55619,37.763],[-112.55593,37.76318],[-112.55557,37.76343],[-112.55556,37.76344],[-112.55523,37.76367],[-112.55489,37.76391],[-112.55488,37.76391],[-112.55455,37.76415],[-112.55454,37.76415],[-112.55391,37.76459],[-112.55369,37.76474],[-112.55369,37.76475],[-112.55327,37.76505],[-112.55252,37.76557],[-112.55251,37.76558],[-112.5525,37.76559],[-112.5513,37.76642],[-112.55114,37.76653],[-112.55114,37.76654],[-112.55104,37.7666],[-112.55084,37.76674],[-112.55068,37.76684],[-112.5505,37.76694],[-112.55027,37.76707],[-112.55007,37.76716],[-112.55005,37.76717],[-112.55004,37.76718],[-112.54991,37.76724],[-112.54973,37.76731],[-112.54955,37.76737],[-112.54943,37.76741],[-112.54937,37.76743],[-112.54915,37.76749],[-112.549,37.76753],[-112.5489,37.76755],[-112.54881,37.7676],[-112.54857,37.76762],[-112.54856,37.76762],[-112.54849,37.76763],[-112.54837,37.76765],[-112.54822,37.76767],[-112.54812,37.76768],[-112.54799,37.7677],[-112.54788,37.76771],[-112.54777,37.76772],[-112.54761,37.76772],[-112.54738,37.76775],[-112.54727,37.76776],[-112.54719,37.76774],[-112.54694,37.76772],[-112.54678,37.76771],[-112.54663,37.7677],[-112.54647,37.76768],[-112.54619,37.76764],[-112.54599,37.7676],[-112.54571,37.76758],[-112.54556,37.76759],[-112.54537,37.76754],[-112.54535,37.76754],[-112.54511,37.7675],[-112.5449,37.76748],[-112.54445,37.76741],[-112.54431,37.7674],[-112.54423,37.76738],[-112.5441,37.76736],[-112.5438,37.76732],[-112.5436,37.76729],[-112.54332,37.76726],[-112.5432,37.76722],[-112.54311,37.76723],[-112.5431,37.76723],[-112.54289,37.7672],[-112.54276,37.76718],[-112.54268,37.76717],[-112.54259,37.76716],[-112.54244,37.76715],[-112.54243,37.76714],[-112.54227,37.76713],[-112.54221,37.76713],[-112.54214,37.76712],[-112.54198,37.76712],[-112.54189,37.76712],[-112.54176,37.76712],[-112.54175,37.76712],[-112.54173,37.76712],[-112.5416,37.76712],[-112.54149,37.76713],[-112.54136,37.76714],[-112.5413,37.76714],[-112.54122,37.76715],[-112.54096,37.76718],[-112.54077,37.76721],[-112.54056,37.76724],[-112.54036,37.76727],[-112.5401,37.76731],[-112.54004,37.76732],[-112.53983,37.76735],[-112.53951,37.7674],[-112.53947,37.76741],[-112.53927,37.76744],[-112.53904,37.76746],[-112.5389,37.76747],[-112.53875,37.76748],[-112.53861,37.76749],[-112.5385,37.76749],[-112.53838,37.76749],[-112.53802,37.76749],[-112.53788,37.76749],[-112.53767,37.76748],[-112.53763,37.76748],[-112.53749,37.76747],[-112.53722,37.76747],[-112.53718,37.76746],[-112.53674,37.76745],[-112.53672,37.76745],[-112.53641,37.76744],[-112.53582,37.76741],[-112.53552,37.7674],[-112.5353,37.76739],[-112.53517,37.76738],[-112.53513,37.76738],[-112.53502,37.76736],[-112.53491,37.76735],[-112.53485,37.76734],[-112.53468,37.76731],[-112.5345,37.76728],[-112.53436,37.76724],[-112.53423,37.7672],[-112.53407,37.76715],[-112.53391,37.76709],[-112.53373,37.76701],[-112.53361,37.76695],[-112.53352,37.7669],[-112.53346,37.76686],[-112.53342,37.76684],[-112.53333,37.76678],[-112.53328,37.76674],[-112.53324,37.76671],[-112.53315,37.76664],[-112.53296,37.76648],[-112.53281,37.76636],[-112.5326,37.76617],[-112.53234,37.76593],[-112.53205,37.76568],[-112.53186,37.76552],[-112.53174,37.76542],[-112.53157,37.7653],[-112.53141,37.76518],[-112.53139,37.76516],[-112.53107,37.76494],[-112.5309,37.76481],[-112.52998,37.76415],[-112.52993,37.76411],[-112.52989,37.76409],[-112.52986,37.76406],[-112.52953,37.76383],[-112.52934,37.7637],[-112.52905,37.7635],[-112.52889,37.76341],[-112.52869,37.76329],[-112.52841,37.76314],[-112.528,37.76295],[-112.52777,37.76286],[-112.52746,37.76275],[-112.52721,37.76267],[-112.52701,37.76261],[-112.52682,37.76257],[-112.52661,37.76252],[-112.52638,37.76247],[-112.52616,37.76243],[-112.52601,37.76241],[-112.52594,37.7624],[-112.52577,37.76239],[-112.52547,37.76237],[-112.52526,37.76235],[-112.52508,37.76234],[-112.52503,37.76234],[-112.52481,37.76233],[-112.52476,37.76233],[-112.52457,37.76234],[-112.52412,37.76236],[-112.52412,37.76237],[-112.52367,37.76239],[-112.52362,37.76239],[-112.52254,37.76245],[-112.52231,37.76246],[-112.5223,37.76246],[-112.52213,37.76247],[-112.52185,37.76249],[-112.52163,37.7625],[-112.52162,37.7625],[-112.52117,37.76252],[-112.52102,37.76253],[-112.52095,37.76254],[-112.52094,37.76254],[-112.52032,37.76257],[-112.51991,37.76259],[-112.51963,37.76259],[-112.51936,37.76259],[-112.51935,37.76259],[-112.51932,37.76259],[-112.51912,37.76258],[-112.5191,37.76258],[-112.51888,37.76256],[-112.51868,37.76254],[-112.51851,37.76252],[-112.51845,37.76251],[-112.51824,37.76248],[-112.5179,37.76242],[-112.51778,37.76239],[-112.51771,37.76237],[-112.51751,37.76232],[-112.51735,37.76228],[-112.51724,37.76225],[-112.51714,37.76221],[-112.51687,37.76212],[-112.51674,37.76207],[-112.51538,37.76149],[-112.51533,37.76146],[-112.51513,37.76138],[-112.51473,37.76121],[-112.51472,37.76121],[-112.5143,37.76104],[-112.5141,37.76101],[-112.51395,37.76098],[-112.51359,37.76096],[-112.51315,37.76102],[-112.5127,37.76115],[-112.51236,37.76128],[-112.51175,37.76152],[-112.51171,37.76154],[-112.51153,37.76157],[-112.51122,37.76164],[-112.51109,37.76164],[-112.51108,37.76164],[-112.51053,37.76163],[-112.5101,37.7616],[-112.50995,37.76157],[-112.50973,37.76153],[-112.50962,37.76151],[-112.50952,37.76147],[-112.50952,37.76146],[-112.50932,37.76138],[-112.50892,37.76121],[-112.50851,37.76103],[-112.5076,37.76068],[-112.50704,37.76064],[-112.50703,37.76064],[-112.50681,37.76062],[-112.50675,37.76061],[-112.50663,37.76062],[-112.5065,37.76063],[-112.50635,37.76064],[-112.50623,37.76066],[-112.50608,37.76069],[-112.50593,37.76073],[-112.5058,37.76077],[-112.50566,37.76082],[-112.50551,37.76088],[-112.5054,37.76093],[-112.50531,37.76098],[-112.50513,37.76109],[-112.50504,37.76115],[-112.50492,37.76123],[-112.50453,37.76151],[-112.50396,37.76194],[-112.50379,37.76206],[-112.50353,37.76226],[-112.50314,37.76256],[-112.50313,37.76256],[-112.50312,37.76257],[-112.50266,37.76291],[-112.50251,37.76301],[-112.50237,37.76309],[-112.50218,37.76321],[-112.50192,37.76336],[-112.50191,37.76336],[-112.50172,37.76346],[-112.50156,37.76354],[-112.50144,37.76363],[-112.50124,37.7637],[-112.50088,37.76385],[-112.50069,37.76393],[-112.50051,37.764],[-112.50026,37.76408],[-112.5,37.76416],[-112.4998,37.76422],[-112.49965,37.76426],[-112.49951,37.7643],[-112.49947,37.76431],[-112.49927,37.76435],[-112.49925,37.76436],[-112.49903,37.7644],[-112.49895,37.76442],[-112.49881,37.76444],[-112.49826,37.76453],[-112.4977,37.76463],[-112.49747,37.76466],[-112.49725,37.7647],[-112.49702,37.76474],[-112.49657,37.76481],[-112.49613,37.76489],[-112.49568,37.76496],[-112.49424,37.7652],[-112.49323,37.76536],[-112.49293,37.76541],[-112.49254,37.76547],[-112.49234,37.76551],[-112.49232,37.76551],[-112.49113,37.76571],[-112.49078,37.76576],[-112.49076,37.76577],[-112.49056,37.7658],[-112.49054,37.7658],[-112.49042,37.76582],[-112.4899,37.76591],[-112.48915,37.76603],[-112.48855,37.76613],[-112.48853,37.76613],[-112.48811,37.7662],[-112.48809,37.7662],[-112.48788,37.76624],[-112.48749,37.7663],[-112.48699,37.76638],[-112.48632,37.76649],[-112.48631,37.7665],[-112.48616,37.76652],[-112.48566,37.7666],[-112.48547,37.76663],[-112.48454,37.76678],[-112.48437,37.76681],[-112.48366,37.76693],[-112.48319,37.76701],[-112.48302,37.76704],[-112.48296,37.76704],[-112.48116,37.76734],[-112.4796,37.76759],[-112.47918,37.76766],[-112.47873,37.76774],[-112.47797,37.76786],[-112.4758,37.76822],[-112.47554,37.76826],[-112.47522,37.76831],[-112.47491,37.76834],[-112.47467,37.76836],[-112.47445,37.76837],[-112.47417,37.76837],[-112.47397,37.76836],[-112.47381,37.76835],[-112.47323,37.76828],[-112.4727,37.7682],[-112.47223,37.76813],[-112.47211,37.76811],[-112.47166,37.76804],[-112.47117,37.76795],[-112.47073,37.76788],[-112.46998,37.76777],[-112.46931,37.76766],[-112.46921,37.76764],[-112.46852,37.76753],[-112.46784,37.76743],[-112.46768,37.7674],[-112.46751,37.76738],[-112.46733,37.76736],[-112.46716,37.76735],[-112.46695,37.76733],[-112.46677,37.76733],[-112.46674,37.76733],[-112.46663,37.76734],[-112.46643,37.76735],[-112.46621,37.76737],[-112.46606,37.7674],[-112.46597,37.76742],[-112.46572,37.76747],[-112.46547,37.76753],[-112.46519,37.7676],[-112.46509,37.76762],[-112.46499,37.76765],[-112.46463,37.76773],[-112.46447,37.76777],[-112.46429,37.76779],[-112.4641,37.76781],[-112.46391,37.76781],[-112.46374,37.76781],[-112.46365,37.7678],[-112.4636,37.76779],[-112.46342,37.76776],[-112.46321,37.76771],[-112.46303,37.76764],[-112.46282,37.76754],[-112.46262,37.76743],[-112.46236,37.76727],[-112.46218,37.76716],[-112.46199,37.76704],[-112.46177,37.76691],[-112.46172,37.76688],[-112.46157,37.76679],[-112.46141,37.7667],[-112.46127,37.76664],[-112.46118,37.7666],[-112.46104,37.76655],[-112.46088,37.76649],[-112.46069,37.76645],[-112.46046,37.76641],[-112.46028,37.7664],[-112.46008,37.7664],[-112.45994,37.76641],[-112.4598,37.76643],[-112.4596,37.76646],[-112.45939,37.76651],[-112.45919,37.76659],[-112.45901,37.76666],[-112.45882,37.76676],[-112.45853,37.76694],[-112.45781,37.76738],[-112.45759,37.76752],[-112.45725,37.76773],[-112.45691,37.76794],[-112.45671,37.76806],[-112.45653,37.76815],[-112.45644,37.76819],[-112.45639,37.76821],[-112.45622,37.76828],[-112.45606,37.76834],[-112.45593,37.76839],[-112.4558,37.76843],[-112.45568,37.76846],[-112.45556,37.76848],[-112.45545,37.7685],[-112.45532,37.76852],[-112.45518,37.76853],[-112.45501,37.76855],[-112.45483,37.76855],[-112.45466,37.76856],[-112.45443,37.76855],[-112.45422,37.76855],[-112.45399,37.76854],[-112.4538,37.76854],[-112.45366,37.76854],[-112.45353,37.76854],[-112.45338,37.76855],[-112.45324,37.76856],[-112.45307,37.76857],[-112.45288,37.7686],[-112.45272,37.76862],[-112.45252,37.76866],[-112.45232,37.76871],[-112.45216,37.76875],[-112.45199,37.7688],[-112.45176,37.76887],[-112.45155,37.76895],[-112.45134,37.76904],[-112.45118,37.76912],[-112.451,37.76921],[-112.45099,37.76921],[-112.45082,37.76931],[-112.45079,37.76932],[-112.45062,37.76941],[-112.4505,37.76948],[-112.45033,37.76956],[-112.45025,37.7696],[-112.45016,37.76965],[-112.45005,37.76969],[-112.45003,37.7697],[-112.44987,37.76976],[-112.44964,37.76985],[-112.44962,37.76985],[-112.44943,37.76992],[-112.44931,37.76996],[-112.44906,37.77004],[-112.44885,37.77013],[-112.44869,37.77019],[-112.44852,37.77026],[-112.44837,37.77033],[-112.44822,37.7704],[-112.44806,37.77049],[-112.44792,37.77056],[-112.44767,37.77071],[-112.44751,37.77082],[-112.447,37.77118],[-112.44683,37.7713],[-112.44619,37.77174],[-112.44582,37.77202],[-112.44564,37.77214],[-112.44546,37.77228],[-112.44533,37.77238],[-112.44517,37.77252],[-112.44507,37.77261],[-112.44502,37.77266],[-112.44495,37.77272],[-112.44487,37.77282],[-112.44476,37.77295],[-112.44466,37.77309],[-112.44458,37.77321],[-112.44447,37.77339],[-112.44438,37.77355],[-112.44428,37.77374],[-112.44414,37.77401],[-112.44369,37.77497],[-112.44361,37.77514],[-112.44349,37.77538],[-112.44336,37.77564],[-112.4432,37.77598],[-112.44312,37.77615],[-112.44308,37.77625],[-112.44278,37.77687],[-112.44256,37.77733],[-112.44246,37.77753],[-112.44215,37.77817],[-112.44211,37.77826],[-112.44199,37.7785],[-112.44191,37.77867],[-112.44181,37.77888],[-112.44153,37.77947],[-112.44151,37.77951],[-112.44108,37.78039],[-112.44085,37.78085],[-112.44054,37.7815],[-112.44042,37.78174],[-112.44037,37.78186],[-112.44029,37.78201],[-112.44,37.78263],[-112.43989,37.78289],[-112.43979,37.78314],[-112.43977,37.78322],[-112.43975,37.78328],[-112.43972,37.78338],[-112.43968,37.78357],[-112.43966,37.78371],[-112.43965,37.78384],[-112.43964,37.78401],[-112.43963,37.78413],[-112.43962,37.78429],[-112.43961,37.78463],[-112.43961,37.78483],[-112.43959,37.78521],[-112.43958,37.78573],[-112.43958,37.78575],[-112.43958,37.78591],[-112.43956,37.78642],[-112.43953,37.78728],[-112.43952,37.78765],[-112.4395,37.78804],[-112.43949,37.78837],[-112.43948,37.78862],[-112.43947,37.78877],[-112.43946,37.78885],[-112.43944,37.78897],[-112.43941,37.7891],[-112.4394,37.78916],[-112.43937,37.78926],[-112.43924,37.78955],[-112.43914,37.78972],[-112.43908,37.78981],[-112.43896,37.78997],[-112.43878,37.79017],[-112.43851,37.79044],[-112.43846,37.79049],[-112.43845,37.79049],[-112.43821,37.79072],[-112.43796,37.79096],[-112.43751,37.79137],[-112.43738,37.79151],[-112.43735,37.79153],[-112.43722,37.79169],[-112.43712,37.79183],[-112.43701,37.792],[-112.43693,37.79218],[-112.43688,37.79233],[-112.43685,37.79249],[-112.43683,37.79261],[-112.43682,37.79276],[-112.43683,37.79285],[-112.43683,37.79289],[-112.43684,37.79303],[-112.43685,37.79321],[-112.43694,37.79415],[-112.43708,37.7955],[-112.43711,37.79576],[-112.43722,37.7968],[-112.43735,37.79809],[-112.43738,37.79837],[-112.43739,37.79845],[-112.4374,37.79863],[-112.43741,37.79876],[-112.43742,37.79889],[-112.43741,37.79903],[-112.43739,37.79917],[-112.43736,37.79933],[-112.43736,37.79934],[-112.43731,37.79951],[-112.43725,37.79966],[-112.43724,37.79969],[-112.43718,37.79982],[-112.43709,37.79998],[-112.43698,37.80015],[-112.43685,37.80032],[-112.43684,37.80033],[-112.43671,37.80047],[-112.43645,37.80072],[-112.43605,37.8011],[-112.43588,37.80128],[-112.43577,37.80141],[-112.43567,37.80155],[-112.43562,37.80163],[-112.43558,37.8017],[-112.43553,37.8018],[-112.4355,37.80184],[-112.43545,37.80196],[-112.43543,37.802],[-112.43537,37.80216],[-112.43533,37.80233],[-112.4353,37.80252],[-112.43529,37.80271],[-112.43529,37.8029],[-112.43529,37.80303],[-112.43529,37.80321],[-112.43529,37.80338],[-112.4353,37.80355],[-112.4353,37.80373],[-112.43531,37.80409],[-112.43531,37.80425],[-112.43531,37.80436],[-112.43532,37.80445],[-112.43532,37.80463],[-112.43532,37.80479],[-112.43534,37.80589],[-112.43534,37.80605],[-112.43535,37.80652],[-112.43536,37.80713],[-112.43537,37.80734],[-112.43537,37.80752],[-112.4354,37.80911],[-112.43541,37.80992],[-112.43544,37.81126],[-112.43546,37.81228],[-112.43546,37.81243],[-112.43548,37.81403],[-112.43549,37.81431],[-112.4355,37.81458],[-112.43551,37.81501],[-112.43552,37.81577],[-112.43553,37.81625],[-112.43554,37.81657],[-112.43554,37.81701],[-112.43557,37.81812],[-112.43557,37.8185],[-112.43559,37.81967],[-112.4356,37.8212],[-112.43561,37.82158],[-112.43563,37.82224],[-112.43563,37.82275],[-112.43563,37.82275],[-112.43564,37.82336],[-112.43566,37.82429],[-112.43567,37.82519],[-112.43568,37.82583],[-112.43569,37.82655],[-112.4357,37.82738],[-112.4357,37.8277],[-112.43571,37.82859],[-112.43572,37.82889],[-112.43572,37.82952],[-112.43573,37.82987],[-112.43573,37.83009],[-112.43574,37.83043],[-112.43574,37.83093],[-112.43574,37.83118],[-112.43575,37.83184],[-112.43576,37.83198],[-112.43577,37.83208],[-112.43577,37.83211],[-112.43578,37.83217],[-112.43583,37.83236],[-112.4359,37.83256],[-112.43596,37.83268],[-112.43606,37.83284],[-112.43621,37.83304],[-112.4364,37.83327],[-112.43658,37.83345],[-112.43693,37.83384],[-112.43693,37.83384],[-112.43708,37.834],[-112.4372,37.83414],[-112.43726,37.83422],[-112.43729,37.83426],[-112.43738,37.83437],[-112.43739,37.83438],[-112.43746,37.83451],[-112.43754,37.83467],[-112.43762,37.83486],[-112.43767,37.835],[-112.4377,37.83508],[-112.43781,37.83585],[-112.43787,37.8363],[-112.43794,37.83686],[-112.438,37.83721],[-112.43807,37.83769],[-112.43811,37.83792],[-112.43813,37.83806],[-112.43819,37.83847],[-112.43823,37.83871],[-112.43838,37.83973],[-112.43845,37.84021],[-112.43853,37.84078],[-112.43855,37.84098],[-112.43858,37.84113],[-112.43884,37.843],[-112.43886,37.84317],[-112.43889,37.84338],[-112.43892,37.84359],[-112.43896,37.84381],[-112.439,37.84414],[-112.43903,37.84436],[-112.43904,37.84444],[-112.43906,37.84458],[-112.43909,37.8448],[-112.43914,37.84512],[-112.43917,37.84534],[-112.43921,37.84567],[-112.43924,37.84589],[-112.43928,37.84622],[-112.4393,37.84643],[-112.43933,37.84679],[-112.43934,37.84702],[-112.43934,37.84728],[-112.43935,37.84745],[-112.43935,37.84756],[-112.43935,37.84766],[-112.43935,37.84787],[-112.43933,37.84818],[-112.43929,37.84876],[-112.43926,37.84908],[-112.43922,37.84958],[-112.4392,37.84974],[-112.43919,37.84992],[-112.43917,37.85017],[-112.43911,37.85083],[-112.43905,37.85143],[-112.43905,37.85149],[-112.43903,37.8517],[-112.43902,37.85181],[-112.439,37.85203],[-112.43899,37.85215],[-112.43897,37.85236],[-112.43896,37.85257],[-112.43894,37.8528],[-112.43892,37.85301],[-112.4389,37.85324],[-112.43885,37.85378],[-112.43882,37.85411],[-112.43882,37.85413],[-112.4388,37.85431],[-112.43878,37.85456],[-112.43877,37.85476],[-112.43874,37.8551],[-112.43873,37.8552],[-112.43869,37.85556],[-112.43867,37.85582],[-112.43858,37.8568],[-112.43857,37.85695],[-112.43855,37.85714],[-112.43854,37.85732],[-112.43852,37.85752],[-112.4385,37.85778],[-112.43849,37.85786],[-112.43848,37.85804],[-112.43847,37.85819],[-112.43845,37.85839],[-112.43843,37.85859],[-112.4384,37.85894],[-112.43838,37.85917],[-112.43836,37.85932],[-112.43836,37.85935],[-112.43834,37.85953],[-112.43833,37.85971],[-112.43827,37.86036],[-112.43823,37.86072],[-112.43819,37.86118],[-112.43816,37.86151],[-112.43815,37.86166],[-112.43809,37.86241],[-112.43804,37.86298],[-112.438,37.86345],[-112.43793,37.86426],[-112.43791,37.86451],[-112.43788,37.86484],[-112.43784,37.86521],[-112.43783,37.86539],[-112.43781,37.86557],[-112.43778,37.86594],[-112.43769,37.86702],[-112.43766,37.86735],[-112.43763,37.86757],[-112.43759,37.86808],[-112.43757,37.86823],[-112.43754,37.86856],[-112.4375,37.869],[-112.43748,37.86921],[-112.43746,37.86954],[-112.43743,37.86986],[-112.43737,37.87052],[-112.43734,37.87085],[-112.43733,37.87095],[-112.43731,37.87113],[-112.43729,37.87131],[-112.43727,37.87149],[-112.43725,37.87173],[-112.43718,37.87262],[-112.43712,37.87327],[-112.43705,37.87396],[-112.43702,37.87436],[-112.43699,37.87469],[-112.43696,37.87499],[-112.43693,37.87535],[-112.43689,37.87579],[-112.43687,37.87606],[-112.43685,37.8762],[-112.43684,37.87636],[-112.43683,37.87649],[-112.4368,37.87677],[-112.43679,37.87699],[-112.43677,37.87754],[-112.43676,37.87832],[-112.43676,37.87834],[-112.43676,37.8785],[-112.43676,37.87875],[-112.43676,37.87919],[-112.43675,37.87963],[-112.43675,37.87994],[-112.43675,37.88017],[-112.43675,37.88066],[-112.43674,37.88138],[-112.43674,37.88185],[-112.43674,37.88196],[-112.43673,37.8821],[-112.43672,37.88228],[-112.43672,37.88229],[-112.4367,37.88259],[-112.43669,37.88264],[-112.43667,37.88288],[-112.43664,37.88316],[-112.43664,37.88317],[-112.43663,37.8833],[-112.43659,37.88353],[-112.43655,37.88375],[-112.43649,37.88407],[-112.43648,37.88409],[-112.43636,37.8846],[-112.43631,37.88478],[-112.43622,37.88512],[-112.4361,37.88554],[-112.43601,37.88586],[-112.43589,37.88629],[-112.43567,37.88705],[-112.43528,37.88844],[-112.43486,37.88994],[-112.43474,37.89036],[-112.43473,37.89039],[-112.43468,37.89057],[-112.43465,37.89069],[-112.43454,37.89109],[-112.43453,37.89112],[-112.43429,37.89197],[-112.43424,37.89215],[-112.43408,37.89272],[-112.43365,37.89423],[-112.43335,37.89531],[-112.4333,37.89548],[-112.43323,37.89573],[-112.43293,37.89681],[-112.43266,37.89777],[-112.43261,37.89794],[-112.43242,37.89863],[-112.43232,37.89899],[-112.43227,37.89917],[-112.43115,37.90313],[-112.43112,37.90321],[-112.431,37.90367],[-112.43098,37.90373],[-112.4309,37.90399],[-112.43075,37.90452],[-112.43042,37.9057],[-112.43018,37.90656],[-112.43014,37.90672],[-112.42985,37.90774],[-112.4297,37.90827],[-112.42955,37.90881],[-112.42925,37.90987],[-112.42905,37.91058],[-112.429,37.91076],[-112.42874,37.9117],[-112.4285,37.91252],[-112.42845,37.91267],[-112.42833,37.91309],[-112.42818,37.91363],[-112.42803,37.91417],[-112.42791,37.91459],[-112.42784,37.91481],[-112.42771,37.91525],[-112.42767,37.91538],[-112.42746,37.91612],[-112.4274,37.91632],[-112.42729,37.91677],[-112.42725,37.91695],[-112.42722,37.91717],[-112.42719,37.91742],[-112.42716,37.91781],[-112.42716,37.91792],[-112.42715,37.9181],[-112.42715,37.91857],[-112.42716,37.91864],[-112.42716,37.91888],[-112.42717,37.91934],[-112.42717,37.91972],[-112.42717,37.91994],[-112.42718,37.92028],[-112.42718,37.92061],[-112.42718,37.92094],[-112.42719,37.9215],[-112.42719,37.92183],[-112.42719,37.92215],[-112.4272,37.92237],[-112.4272,37.92259],[-112.4272,37.92281],[-112.42721,37.92314],[-112.42721,37.92344],[-112.42721,37.9238],[-112.42721,37.92403],[-112.4272,37.92425],[-112.42717,37.92457],[-112.42715,37.9249],[-112.42713,37.9251],[-112.42706,37.92578],[-112.42689,37.92743],[-112.42683,37.92797],[-112.4267,37.92922],[-112.4267,37.92929],[-112.42668,37.9294],[-112.42664,37.92985],[-112.42663,37.92994],[-112.4266,37.93027],[-112.42657,37.93048],[-112.42656,37.9306],[-112.42656,37.93066],[-112.42653,37.93093],[-112.42648,37.93137],[-112.42646,37.93155],[-112.42644,37.9318],[-112.42639,37.93224],[-112.42632,37.9329],[-112.42626,37.93346],[-112.4262,37.93385],[-112.42614,37.9342],[-112.42605,37.93462],[-112.42598,37.9349],[-112.42594,37.93509],[-112.42589,37.93526],[-112.42583,37.93546],[-112.42576,37.9357],[-112.42573,37.93579],[-112.4256,37.93615],[-112.42546,37.93649],[-112.42535,37.93677],[-112.4252,37.9371],[-112.42509,37.93736],[-112.42491,37.93774],[-112.42469,37.93823],[-112.42445,37.93874],[-112.42419,37.9393],[-112.42417,37.93936],[-112.42396,37.9398],[-112.42389,37.93997],[-112.4237,37.94039],[-112.42358,37.94065],[-112.42323,37.9414],[-112.42312,37.94163],[-112.4228,37.94233],[-112.42269,37.94256],[-112.42227,37.94349],[-112.42203,37.94403],[-112.42189,37.94432],[-112.42165,37.94484],[-112.42141,37.94535],[-112.42112,37.94598],[-112.42103,37.94618],[-112.42089,37.94649],[-112.42075,37.9468],[-112.42056,37.94721],[-112.42042,37.94752],[-112.42018,37.94804],[-112.41995,37.94853],[-112.41989,37.94866],[-112.41966,37.94918],[-112.41941,37.94971],[-112.41938,37.94979],[-112.41918,37.95022],[-112.41902,37.95056],[-112.41857,37.95154],[-112.41856,37.95157],[-112.41848,37.95174],[-112.41822,37.9523],[-112.41805,37.95268],[-112.41747,37.95394],[-112.41733,37.95423],[-112.41714,37.95465],[-112.41693,37.95512],[-112.41689,37.95521],[-112.41685,37.95529],[-112.41677,37.95546],[-112.41672,37.95558],[-112.41669,37.95563],[-112.41654,37.95596],[-112.41638,37.95631],[-112.41636,37.95636],[-112.41615,37.95681],[-112.41604,37.95704],[-112.41585,37.95746],[-112.41584,37.95749],[-112.41571,37.95777],[-112.41547,37.95828],[-112.41537,37.9585],[-112.41509,37.95912],[-112.41506,37.95918],[-112.41498,37.95935],[-112.41483,37.95969],[-112.41471,37.95994],[-112.41468,37.96003],[-112.4146,37.9602],[-112.41436,37.9607],[-112.41427,37.9609],[-112.41419,37.96107],[-112.41396,37.96158],[-112.41389,37.96174],[-112.41359,37.96238],[-112.41357,37.96243],[-112.4131,37.96345],[-112.41263,37.96446],[-112.41228,37.96522],[-112.41228,37.96522],[-112.41287,37.96527],[-112.4131,37.96529],[-112.41332,37.9653],[-112.41378,37.96534],[-112.414,37.96536],[-112.41481,37.96542],[-112.41519,37.96545],[-112.41571,37.96549],[-112.41654,37.96556],[-112.4173,37.96562],[-112.41731,37.96562],[-112.41957,37.96581],[-112.42003,37.96584],[-112.42101,37.96592],[-112.42125,37.96594],[-112.42171,37.96598],[-112.42213,37.96601],[-112.4224,37.96605],[-112.42267,37.96608],[-112.42275,37.9661],[-112.42316,37.96617],[-112.42385,37.96633],[-112.42402,37.96637],[-112.42406,37.96639],[-112.42472,37.96655],[-112.42481,37.96657],[-112.42646,37.96699],[-112.42667,37.96704],[-112.42711,37.96715],[-112.42731,37.96721],[-112.42809,37.9674],[-112.4289,37.96761],[-112.42906,37.96765],[-112.42928,37.96771],[-112.42963,37.96779],[-112.4298,37.96784],[-112.42993,37.96787],[-112.43015,37.96792],[-112.43038,37.96798],[-112.4308,37.96809],[-112.43102,37.96814],[-112.43121,37.96819],[-112.43188,37.96836],[-112.4321,37.96842],[-112.43232,37.96847],[-112.43274,37.96858],[-112.43275,37.96859],[-112.43297,37.96864],[-112.43319,37.9687],[-112.43362,37.96881],[-112.43427,37.96897],[-112.43452,37.96903],[-112.43465,37.96907],[-112.43493,37.96913],[-112.43518,37.9692],[-112.43536,37.96924],[-112.4357,37.96933],[-112.43597,37.9694],[-112.43664,37.96957],[-112.43732,37.96974],[-112.43753,37.9698],[-112.4376,37.96981],[-112.43771,37.96984],[-112.43798,37.96991],[-112.43818,37.96996],[-112.43823,37.96997],[-112.4385,37.97003],[-112.43862,37.97006],[-112.43876,37.97008],[-112.43888,37.97009],[-112.43902,37.9701],[-112.43914,37.97011],[-112.4393,37.97011],[-112.43936,37.97011],[-112.43953,37.9701],[-112.43954,37.9701],[-112.43977,37.97008],[-112.43995,37.97006],[-112.43998,37.97005],[-112.44018,37.97001],[-112.44056,37.96996],[-112.44065,37.96994],[-112.44088,37.96991],[-112.44092,37.96991],[-112.44113,37.9699],[-112.44147,37.96989],[-112.44156,37.96989],[-112.44176,37.9699],[-112.44193,37.96991],[-112.44221,37.96995],[-112.44255,37.97],[-112.44267,37.97003],[-112.44269,37.97003],[-112.4428,37.97006],[-112.44294,37.97009],[-112.44306,37.97013],[-112.44318,37.97017],[-112.44334,37.97022],[-112.44348,37.97027],[-112.4436,37.97032],[-112.4437,37.97037],[-112.44382,37.97042],[-112.44402,37.97053],[-112.44428,37.97068],[-112.44468,37.97093],[-112.44483,37.97103],[-112.44492,37.97108],[-112.44501,37.97114],[-112.44516,37.97122],[-112.44535,37.97131],[-112.44542,37.97134],[-112.44552,37.97138],[-112.44577,37.97148],[-112.446,37.97156],[-112.44612,37.9716],[-112.44625,37.97164],[-112.4465,37.97172],[-112.44678,37.9718],[-112.44698,37.97185],[-112.4472,37.97189],[-112.4473,37.97191],[-112.44748,37.97193],[-112.44765,37.97195],[-112.44777,37.97196],[-112.44792,37.97196],[-112.44815,37.97196],[-112.44832,37.97196],[-112.44847,37.97195],[-112.44869,37.97192],[-112.44881,37.97191],[-112.44893,37.97189],[-112.44913,37.97186],[-112.44937,37.97182],[-112.44953,37.97178],[-112.44968,37.97174],[-112.44983,37.9717],[-112.44996,37.97166],[-112.45018,37.97159],[-112.4503,37.97155],[-112.45042,37.9715],[-112.45051,37.97146],[-112.45064,37.97141],[-112.45089,37.9713],[-112.4509,37.97129],[-112.45109,37.97119],[-112.45119,37.97114],[-112.45128,37.97109],[-112.45143,37.97101],[-112.45147,37.97099],[-112.45167,37.97088],[-112.45185,37.97078],[-112.45188,37.97077],[-112.45202,37.97069],[-112.45218,37.9706],[-112.45229,37.97054],[-112.45286,37.97023],[-112.45324,37.97003],[-112.45338,37.96995],[-112.45343,37.96993],[-112.45346,37.96991],[-112.45384,37.96971],[-112.45412,37.96955],[-112.45421,37.9695],[-112.45431,37.96945],[-112.45437,37.96942],[-112.45465,37.96926],[-112.45503,37.96906],[-112.45525,37.96894],[-112.45581,37.96864],[-112.456,37.96853],[-112.45602,37.96852],[-112.45687,37.96806],[-112.45731,37.96782],[-112.45785,37.96753],[-112.45898,37.96691],[-112.45938,37.9667],[-112.45998,37.96638],[-112.46014,37.9663],[-112.46064,37.96603],[-112.46081,37.96595],[-112.46097,37.96588],[-112.46122,37.96578],[-112.46135,37.96573],[-112.46141,37.96571],[-112.46152,37.96568],[-112.46155,37.96567],[-112.46164,37.96564],[-112.46174,37.96562],[-112.46196,37.96556],[-112.46219,37.96551],[-112.46246,37.96547],[-112.4628,37.96543],[-112.46285,37.96542],[-112.46307,37.9654],[-112.46319,37.96539],[-112.46398,37.96532],[-112.46421,37.9653],[-112.46516,37.96521],[-112.46603,37.96513],[-112.46625,37.96511],[-112.4669,37.96504],[-112.46767,37.96498],[-112.46804,37.96494],[-112.46822,37.96493],[-112.46834,37.96493],[-112.4685,37.96493],[-112.46865,37.96494],[-112.46877,37.96495],[-112.469,37.96499],[-112.46915,37.96502],[-112.46916,37.96502],[-112.46929,37.96506],[-112.46944,37.96511],[-112.46963,37.96519],[-112.4698,37.96526],[-112.47002,37.96538],[-112.47033,37.96553],[-112.47055,37.96564],[-112.47065,37.96569],[-112.47083,37.9658],[-112.47128,37.96607],[-112.47141,37.96614],[-112.47198,37.96648],[-112.47221,37.96662],[-112.47237,37.96671],[-112.47265,37.96686],[-112.47301,37.96701],[-112.4733,37.96713],[-112.47349,37.96719],[-112.47367,37.96725],[-112.47406,37.96736],[-112.4746,37.96752],[-112.47528,37.96772],[-112.47551,37.96779],[-112.47558,37.96781],[-112.47588,37.96793],[-112.47605,37.968],[-112.47612,37.96803],[-112.4762,37.96807],[-112.47645,37.9682],[-112.47662,37.9683],[-112.47677,37.96839],[-112.47704,37.96856],[-112.47721,37.96868],[-112.47726,37.96871],[-112.47756,37.96891],[-112.47808,37.96926],[-112.47819,37.96933],[-112.47895,37.96983],[-112.47896,37.96983],[-112.47913,37.96995],[-112.47926,37.97003],[-112.47961,37.97027],[-112.47966,37.9703],[-112.47978,37.97038],[-112.47996,37.97051],[-112.48003,37.97056],[-112.48016,37.97067],[-112.48033,37.97082],[-112.48057,37.97105],[-112.48076,37.97127],[-112.48088,37.97142],[-112.48098,37.97156],[-112.48111,37.97176],[-112.48118,37.97188],[-112.48194,37.97335],[-112.48238,37.97419],[-112.48242,37.97426],[-112.4831,37.97557],[-112.48342,37.97618],[-112.48353,37.97639],[-112.4839,37.9771],[-112.48411,37.97751],[-112.48437,37.97802],[-112.4846,37.97846],[-112.48506,37.97934],[-112.48526,37.97974],[-112.48536,37.97993],[-112.48541,37.98001],[-112.48557,37.98032],[-112.48593,37.98102],[-112.486,37.98115],[-112.4866,37.98228],[-112.48683,37.98269],[-112.48692,37.98283],[-112.48701,37.98297],[-112.48713,37.98313],[-112.48726,37.98331],[-112.48751,37.98362],[-112.48769,37.98382],[-112.48777,37.9839],[-112.48785,37.98398],[-112.48791,37.98404],[-112.48811,37.98425],[-112.48827,37.9844],[-112.48852,37.98462],[-112.48879,37.98483],[-112.48898,37.98497],[-112.48914,37.98509],[-112.4892,37.98513],[-112.48963,37.98541],[-112.48995,37.98561],[-112.49013,37.98571],[-112.4903,37.9858],[-112.49047,37.98589],[-112.49065,37.98598],[-112.49088,37.98608],[-112.491,37.98613],[-112.49113,37.98619],[-112.49142,37.98631],[-112.49163,37.98639],[-112.49224,37.98661],[-112.49385,37.98719],[-112.49389,37.9872],[-112.49513,37.98765],[-112.49539,37.98775],[-112.49679,37.98825],[-112.497,37.98833],[-112.49748,37.9885],[-112.49845,37.98885],[-112.49866,37.98893],[-112.49901,37.98906],[-112.4993,37.98919],[-112.49937,37.98922],[-112.49955,37.98931],[-112.49974,37.98942],[-112.49978,37.98944],[-112.49992,37.98953],[-112.49999,37.98957],[-112.50028,37.98978],[-112.50048,37.98992],[-112.50069,37.9901],[-112.50074,37.99015],[-112.50087,37.99028],[-112.50103,37.99044],[-112.50105,37.99045],[-112.50116,37.99058],[-112.50121,37.99064],[-112.50135,37.99084],[-112.50139,37.99089],[-112.50151,37.99107],[-112.50159,37.99122],[-112.50163,37.99129],[-112.50168,37.99138],[-112.50178,37.99158],[-112.50201,37.99203],[-112.50222,37.99244],[-112.50232,37.99262],[-112.50238,37.99271],[-112.50242,37.99279],[-112.50248,37.99287],[-112.50254,37.99295],[-112.50265,37.99308],[-112.50283,37.99327],[-112.50295,37.99338],[-112.50303,37.99344],[-112.50315,37.99353],[-112.50335,37.99367],[-112.50351,37.99376],[-112.50374,37.99388],[-112.50401,37.994],[-112.50415,37.99405],[-112.50418,37.99407],[-112.50471,37.99428],[-112.50503,37.99441],[-112.50536,37.99455],[-112.50553,37.99463],[-112.50575,37.99476],[-112.50594,37.99487],[-112.50603,37.99494],[-112.50616,37.99504],[-112.50626,37.99511],[-112.50636,37.99519],[-112.50653,37.99535],[-112.50681,37.99561],[-112.50736,37.99612],[-112.50762,37.99636],[-112.50774,37.99648],[-112.5078,37.99655],[-112.50792,37.99669],[-112.50807,37.99688],[-112.5082,37.9971],[-112.50829,37.99724],[-112.5084,37.99745],[-112.5085,37.99769],[-112.50856,37.99788],[-112.50858,37.99794],[-112.50862,37.99812],[-112.50863,37.99813],[-112.50875,37.99865],[-112.50877,37.9987],[-112.5088,37.99883],[-112.50884,37.999],[-112.50888,37.99917],[-112.50888,37.99918],[-112.50901,37.99971],[-112.50912,38.00017],[-112.50922,38.00059],[-112.50922,38.0006],[-112.50928,38.00083],[-112.50935,38.00118],[-112.5094,38.00148],[-112.50942,38.00166],[-112.50942,38.00174],[-112.50943,38.00184],[-112.50945,38.00205],[-112.50944,38.00238],[-112.50944,38.00244],[-112.50943,38.00268],[-112.5094,38.00294],[-112.50937,38.00325],[-112.50931,38.00372],[-112.50925,38.00414],[-112.50919,38.00459],[-112.50914,38.00494],[-112.50908,38.00542],[-112.50903,38.00578],[-112.50893,38.0065],[-112.50884,38.00719],[-112.50878,38.00769],[-112.50873,38.00803],[-112.50871,38.00836],[-112.50871,38.00847],[-112.50871,38.00863],[-112.50871,38.00881],[-112.50872,38.00899],[-112.50876,38.00936],[-112.50878,38.00966],[-112.50885,38.01031],[-112.5091,38.01297],[-112.50918,38.0139],[-112.50929,38.01505],[-112.50932,38.01533],[-112.50942,38.01641],[-112.50946,38.01677],[-112.50949,38.01714],[-112.50951,38.0173],[-112.50956,38.01784],[-112.50958,38.01802],[-112.50965,38.01874],[-112.50972,38.01936],[-112.50977,38.01982],[-112.50982,38.02044],[-112.50984,38.02062],[-112.50985,38.02067],[-112.50993,38.0215],[-112.50997,38.02187],[-112.50999,38.02209],[-112.51002,38.02241],[-112.51005,38.02256],[-112.5101,38.02276],[-112.5101,38.02277],[-112.51016,38.02294],[-112.51021,38.02309],[-112.51029,38.02327],[-112.51048,38.02361],[-112.51055,38.02372],[-112.51066,38.02387],[-112.51073,38.02396],[-112.51084,38.02409],[-112.51096,38.02422],[-112.5111,38.02436],[-112.51125,38.02449],[-112.51136,38.02456],[-112.51147,38.02466],[-112.5116,38.02474],[-112.51176,38.02485],[-112.51195,38.02496],[-112.51196,38.02496],[-112.51209,38.02503],[-112.51224,38.0251],[-112.51236,38.02515],[-112.5125,38.02522],[-112.51266,38.02527],[-112.51282,38.02533],[-112.51302,38.02539],[-112.51322,38.02544],[-112.51336,38.02547],[-112.51356,38.02551],[-112.5137,38.02553],[-112.51388,38.02556],[-112.51411,38.02558],[-112.51424,38.02559],[-112.51428,38.02559],[-112.51447,38.0256],[-112.51448,38.0256],[-112.51484,38.0256],[-112.51507,38.02558],[-112.51517,38.02558],[-112.51539,38.02557],[-112.51562,38.02556],[-112.51575,38.02555],[-112.51585,38.02555],[-112.51608,38.02554],[-112.51649,38.02552],[-112.51653,38.02551],[-112.51699,38.02549],[-112.51725,38.02547],[-112.51753,38.02546],[-112.51773,38.02544],[-112.51787,38.02542],[-112.518,38.02541],[-112.51802,38.0254],[-112.51808,38.0254],[-112.51812,38.02539],[-112.51815,38.02538],[-112.51825,38.02536],[-112.51834,38.02534],[-112.51846,38.0253],[-112.51856,38.02526],[-112.51863,38.02523],[-112.51874,38.02518],[-112.51881,38.02514],[-112.51887,38.02511],[-112.51893,38.02507],[-112.51902,38.02501],[-112.51908,38.02496],[-112.51916,38.0249],[-112.51918,38.02487],[-112.5193,38.02475],[-112.5198,38.02419],[-112.51988,38.02411],[-112.51991,38.02408],[-112.51993,38.02406],[-112.51997,38.02403],[-112.52005,38.02396],[-112.52011,38.02392],[-112.52018,38.02388],[-112.52029,38.02383],[-112.52039,38.0238],[-112.52046,38.02378],[-112.52049,38.02378],[-112.52058,38.02376],[-112.52066,38.02375],[-112.52074,38.02375],[-112.52085,38.02375],[-112.52093,38.02377],[-112.52104,38.02379],[-112.52113,38.02382],[-112.52115,38.02383],[-112.52121,38.02385],[-112.52128,38.02389],[-112.52133,38.02392],[-112.52137,38.02395],[-112.52142,38.02398],[-112.52146,38.02401],[-112.52149,38.02404],[-112.52151,38.02407],[-112.52157,38.02413],[-112.52161,38.02419],[-112.52162,38.02422],[-112.52166,38.02428],[-112.52176,38.02446],[-112.52179,38.02452],[-112.52197,38.02486],[-112.52206,38.02502],[-112.52206,38.02503],[-112.52215,38.02519],[-112.52218,38.02524],[-112.52225,38.02538],[-112.52234,38.02554],[-112.52252,38.02587],[-112.52254,38.02592],[-112.5227,38.0262],[-112.52272,38.02624],[-112.52279,38.02633],[-112.52285,38.0264],[-112.52294,38.02651],[-112.52299,38.02656],[-112.52304,38.0266],[-112.52311,38.02666],[-112.52319,38.02672],[-112.52324,38.02676],[-112.52332,38.02681],[-112.52342,38.02687],[-112.52347,38.0269],[-112.52368,38.027],[-112.52378,38.02704],[-112.52383,38.02706],[-112.52403,38.02715],[-112.52407,38.02717],[-112.5241,38.02718],[-112.52417,38.02721],[-112.52423,38.02723],[-112.52427,38.02725],[-112.52432,38.02726],[-112.52442,38.02729],[-112.52451,38.02731],[-112.52467,38.02732],[-112.52474,38.02733],[-112.52481,38.02733],[-112.52493,38.02732],[-112.52508,38.0273],[-112.52512,38.0273],[-112.52515,38.02729],[-112.52516,38.02729],[-112.52522,38.02727],[-112.52534,38.02723],[-112.52537,38.02721],[-112.52545,38.02718],[-112.52553,38.02714],[-112.52555,38.02713],[-112.52566,38.02705],[-112.52576,38.02698],[-112.52581,38.02692],[-112.52589,38.02683],[-112.52595,38.02673],[-112.52604,38.02656],[-112.52612,38.02639],[-112.52614,38.02636],[-112.52614,38.02635],[-112.52622,38.02619],[-112.52628,38.02607],[-112.52641,38.02583],[-112.52652,38.02565],[-112.52663,38.02547],[-112.52672,38.02535],[-112.52683,38.02522],[-112.52684,38.02521],[-112.52696,38.02508],[-112.52699,38.02504],[-112.52722,38.02478],[-112.52725,38.02474],[-112.52732,38.02466],[-112.52734,38.02463],[-112.52748,38.02448],[-112.52764,38.02431],[-112.52774,38.02423],[-112.52777,38.02421],[-112.52785,38.02415],[-112.52795,38.02409],[-112.52807,38.02403],[-112.52814,38.024],[-112.52822,38.02397],[-112.52844,38.02391],[-112.52873,38.02385],[-112.52891,38.02382],[-112.52908,38.02379],[-112.5292,38.02376],[-112.52932,38.02372],[-112.52939,38.02369],[-112.52944,38.02367],[-112.52951,38.02364],[-112.52957,38.02361],[-112.52964,38.02356],[-112.52975,38.02348],[-112.52986,38.02338],[-112.52991,38.02334],[-112.53013,38.02313],[-112.53021,38.02307],[-112.53029,38.023],[-112.53041,38.02292],[-112.53051,38.02287],[-112.53062,38.02282],[-112.53075,38.02278],[-112.53082,38.02277],[-112.53086,38.02276],[-112.53099,38.02275],[-112.531,38.02275],[-112.5311,38.02275],[-112.53122,38.02277],[-112.53127,38.02278],[-112.53135,38.02281],[-112.53146,38.02285],[-112.53162,38.02296],[-112.53167,38.02299],[-112.53172,38.02304],[-112.53178,38.02311],[-112.53183,38.02318],[-112.53187,38.02327],[-112.53188,38.02328],[-112.53189,38.02334],[-112.53192,38.02345],[-112.53193,38.02361],[-112.53192,38.02364],[-112.53191,38.02377],[-112.53191,38.02379],[-112.53189,38.02391],[-112.53184,38.02414],[-112.53183,38.02418],[-112.5318,38.02432],[-112.53173,38.02467],[-112.53166,38.02506],[-112.53155,38.0256],[-112.53153,38.02574],[-112.53152,38.02578],[-112.53149,38.02591],[-112.53145,38.02613],[-112.53139,38.02645],[-112.53133,38.02674],[-112.53127,38.02702],[-112.53127,38.02706],[-112.53125,38.02712],[-112.53124,38.02722],[-112.53122,38.0273],[-112.53121,38.02735],[-112.5312,38.02738],[-112.5312,38.02739],[-112.53119,38.02748],[-112.53117,38.02757],[-112.53113,38.0278],[-112.53111,38.02791],[-112.53109,38.02801],[-112.53109,38.02804],[-112.53108,38.02814],[-112.53107,38.02819],[-112.53106,38.02829],[-112.53105,38.02838],[-112.53104,38.02866],[-112.53104,38.02887],[-112.53103,38.029],[-112.53103,38.0291],[-112.53103,38.0292],[-112.53102,38.02945],[-112.53102,38.02954],[-112.53102,38.02958],[-112.53101,38.02971],[-112.53101,38.02972],[-112.53101,38.02981],[-112.53099,38.03006],[-112.53099,38.03008],[-112.53099,38.03024],[-112.53099,38.03026],[-112.53098,38.03029],[-112.53098,38.03035],[-112.53097,38.03058],[-112.53096,38.0306],[-112.53096,38.03062],[-112.53095,38.03071],[-112.53095,38.03072],[-112.53094,38.03078],[-112.53094,38.0308],[-112.53091,38.03095],[-112.53091,38.03096],[-112.53091,38.03098],[-112.53089,38.03106],[-112.53088,38.0311],[-112.53082,38.03131],[-112.53082,38.03133],[-112.5308,38.03142],[-112.53076,38.03159],[-112.53074,38.03167],[-112.53071,38.03177],[-112.5307,38.0318],[-112.53069,38.03186],[-112.53067,38.03197],[-112.53066,38.03202],[-112.53066,38.03206],[-112.53065,38.03214],[-112.53065,38.0322],[-112.53065,38.03228],[-112.53065,38.03231],[-112.53066,38.0324],[-112.53067,38.03249],[-112.53067,38.03251],[-112.5307,38.03263],[-112.53071,38.03266],[-112.53074,38.03275],[-112.5308,38.03289],[-112.53086,38.03301],[-112.53093,38.03311],[-112.53103,38.03323],[-112.53113,38.03335],[-112.53116,38.03337],[-112.53124,38.03345],[-112.53135,38.03354],[-112.5314,38.03358],[-112.53149,38.03364],[-112.53151,38.03366],[-112.53168,38.03376],[-112.53186,38.03384],[-112.53204,38.03391],[-112.5322,38.03397],[-112.53238,38.03401],[-112.53249,38.03403],[-112.53258,38.03405],[-112.53266,38.03406],[-112.53278,38.03407],[-112.53289,38.03407],[-112.53318,38.03406],[-112.53325,38.03405],[-112.53347,38.03402],[-112.53362,38.03399],[-112.53371,38.03397],[-112.53385,38.03393],[-112.53417,38.03381],[-112.53456,38.03367],[-112.5347,38.03363],[-112.53483,38.03359],[-112.53494,38.03356],[-112.53505,38.03353],[-112.5352,38.03351],[-112.53534,38.03349],[-112.53547,38.03348],[-112.53556,38.03347],[-112.53566,38.03347],[-112.5358,38.03348],[-112.5359,38.03349],[-112.53608,38.03351],[-112.53619,38.03354],[-112.53631,38.03357],[-112.53644,38.0336],[-112.53707,38.0338],[-112.53724,38.03385],[-112.53725,38.03385],[-112.53752,38.03393],[-112.53767,38.03398],[-112.53776,38.03401],[-112.53831,38.0342],[-112.53872,38.03433],[-112.53893,38.0344],[-112.53901,38.03442],[-112.53914,38.03447],[-112.53945,38.03457],[-112.53976,38.03469],[-112.53984,38.03472],[-112.54007,38.03481],[-112.54047,38.03496],[-112.54079,38.03509],[-112.54097,38.03516],[-112.54099,38.03517],[-112.54126,38.03528],[-112.54151,38.03539],[-112.54172,38.03548],[-112.542,38.03562],[-112.54236,38.0358],[-112.54264,38.03594],[-112.5429,38.03608],[-112.54336,38.03633],[-112.5434,38.03636],[-112.54408,38.03677],[-112.54426,38.03688],[-112.54428,38.03689],[-112.54444,38.03699],[-112.54454,38.03704],[-112.5448,38.03721],[-112.5449,38.03727],[-112.54516,38.03744],[-112.54533,38.03755],[-112.54544,38.03763],[-112.54551,38.03767],[-112.54582,38.03787],[-112.54639,38.03823],[-112.54657,38.03835],[-112.54675,38.03846],[-112.54729,38.0388],[-112.54746,38.03891],[-112.54781,38.03914],[-112.54805,38.0393],[-112.54834,38.03948],[-112.54876,38.03974],[-112.54888,38.03982],[-112.54905,38.03994],[-112.54935,38.04013],[-112.54962,38.0403],[-112.55013,38.04061],[-112.55035,38.04075],[-112.55054,38.04084],[-112.5508,38.04097],[-112.55094,38.04103],[-112.55113,38.04112],[-112.55123,38.04116],[-112.55133,38.0412],[-112.55168,38.04134],[-112.55174,38.04136],[-112.55195,38.04144],[-112.55197,38.04145],[-112.55257,38.04163],[-112.55259,38.04163],[-112.55314,38.04177],[-112.5544,38.04209],[-112.55501,38.04224],[-112.5552,38.04228],[-112.55532,38.0423],[-112.55558,38.04235],[-112.556,38.04241],[-112.55631,38.04243],[-112.55656,38.04245],[-112.55684,38.04245],[-112.55701,38.04244],[-112.55709,38.04244],[-112.55724,38.04243],[-112.55729,38.04243],[-112.55754,38.04241],[-112.55791,38.04238],[-112.55861,38.0423],[-112.55896,38.04224],[-112.55927,38.04218],[-112.55933,38.04217],[-112.55949,38.04214],[-112.55966,38.0421],[-112.56,38.04204],[-112.56026,38.04201],[-112.56051,38.04201],[-112.56085,38.042],[-112.5613,38.042],[-112.56153,38.042],[-112.56175,38.042],[-112.56199,38.042],[-112.56214,38.04201],[-112.56246,38.04203],[-112.56267,38.04206],[-112.56268,38.04206],[-112.56289,38.0421],[-112.56314,38.04215],[-112.56342,38.04223],[-112.56374,38.04234],[-112.56396,38.04241],[-112.5646,38.04264],[-112.56543,38.04294],[-112.56556,38.04298],[-112.56587,38.0431],[-112.56607,38.04317],[-112.56625,38.04325],[-112.5664,38.04333],[-112.56656,38.04342],[-112.56675,38.04354],[-112.56709,38.04376],[-112.56714,38.0438],[-112.56726,38.04388],[-112.56749,38.04404],[-112.56781,38.04426],[-112.56829,38.04459],[-112.56833,38.04462],[-112.56891,38.04502],[-112.56931,38.04532],[-112.56963,38.04556],[-112.5698,38.04569],[-112.57079,38.04644],[-112.57145,38.04695],[-112.5716,38.04706],[-112.57187,38.04728],[-112.57196,38.04735],[-112.57222,38.04755],[-112.5724,38.04768],[-112.57294,38.04809],[-112.57344,38.04847],[-112.57354,38.04855],[-112.57371,38.04867],[-112.57375,38.0487],[-112.57425,38.04908],[-112.57501,38.04966],[-112.57576,38.05022],[-112.57648,38.05077],[-112.57706,38.0512],[-112.57816,38.05204],[-112.57879,38.05251],[-112.57895,38.05264],[-112.57918,38.05281],[-112.57997,38.05341],[-112.58027,38.05364],[-112.58057,38.05386],[-112.58097,38.05416],[-112.58113,38.05429],[-112.58138,38.05447],[-112.58228,38.05516],[-112.58238,38.05523],[-112.58245,38.05528],[-112.58278,38.05553],[-112.5836,38.05615],[-112.58426,38.05665],[-112.58459,38.0569],[-112.58476,38.05703],[-112.58492,38.05715],[-112.58571,38.05775],[-112.58607,38.05802],[-112.58624,38.05815],[-112.5864,38.05827],[-112.5869,38.05865],[-112.58706,38.05877],[-112.58711,38.05881],[-112.58723,38.0589],[-112.58811,38.05957],[-112.58821,38.05964],[-112.58902,38.06025],[-112.58937,38.06051],[-112.58972,38.06078],[-112.59036,38.06126],[-112.59044,38.06132],[-112.59083,38.06162],[-112.59102,38.06177],[-112.59118,38.06189],[-112.59145,38.06209],[-112.59196,38.06248],[-112.59223,38.06268],[-112.59261,38.06297],[-112.5929,38.06319],[-112.59303,38.06329],[-112.59339,38.06356],[-112.59389,38.06394],[-112.59431,38.06426],[-112.59455,38.06443],[-112.59497,38.06474],[-112.59588,38.06543],[-112.59603,38.06553],[-112.59612,38.06559],[-112.59625,38.06567],[-112.59639,38.06574],[-112.5966,38.06582],[-112.59685,38.0659],[-112.59699,38.06594],[-112.59717,38.06597],[-112.59721,38.06598],[-112.59726,38.06598],[-112.59742,38.066],[-112.59758,38.066],[-112.5979,38.066],[-112.59811,38.06597],[-112.59822,38.06596],[-112.59836,38.06592],[-112.59851,38.06589],[-112.59856,38.06587],[-112.59865,38.06584],[-112.59877,38.06579],[-112.59883,38.06577],[-112.59898,38.0657],[-112.59911,38.06563],[-112.59925,38.06555],[-112.59952,38.06534],[-112.59998,38.06498],[-112.60044,38.06459],[-112.60049,38.06455],[-112.60091,38.06419],[-112.60098,38.06413],[-112.60139,38.06372],[-112.60169,38.06341],[-112.60182,38.06328],[-112.60194,38.06317],[-112.6021,38.06304],[-112.60228,38.06292],[-112.60237,38.06286],[-112.60246,38.06282],[-112.60267,38.06273],[-112.60283,38.06268],[-112.60306,38.06263],[-112.60316,38.06261],[-112.60328,38.0626],[-112.60333,38.0626],[-112.60356,38.06259],[-112.60357,38.06258],[-112.6039,38.06258],[-112.60453,38.06258],[-112.60467,38.06258],[-112.60479,38.06258],[-112.60509,38.06255],[-112.60538,38.06251],[-112.60539,38.0625],[-112.60561,38.06246],[-112.60582,38.0624],[-112.606,38.06235],[-112.60619,38.06227],[-112.6064,38.06218],[-112.60661,38.06208],[-112.60699,38.06188],[-112.60752,38.06162],[-112.60794,38.06141],[-112.60864,38.06105],[-112.60891,38.06091],[-112.60922,38.06078],[-112.6095,38.06068],[-112.60968,38.06062],[-112.6099,38.06057],[-112.61,38.06054],[-112.6102,38.0605],[-112.61041,38.06048],[-112.61056,38.06046],[-112.61076,38.06045],[-112.611,38.06044],[-112.61125,38.06044],[-112.61148,38.06044],[-112.61216,38.06044],[-112.61239,38.06044],[-112.61308,38.06044],[-112.61374,38.06044],[-112.61399,38.06044],[-112.61536,38.06045],[-112.61559,38.06045],[-112.61628,38.06045],[-112.61748,38.06045],[-112.61795,38.06047],[-112.61799,38.06047],[-112.61821,38.06048],[-112.6183,38.06048],[-112.61844,38.06049],[-112.61869,38.06051],[-112.61912,38.06055],[-112.61956,38.0606],[-112.61998,38.06065],[-112.62003,38.06066],[-112.62071,38.06072],[-112.62076,38.06073],[-112.62148,38.0608],[-112.62201,38.06085],[-112.62235,38.06089],[-112.62269,38.06093],[-112.62275,38.06093],[-112.62297,38.06095],[-112.62306,38.06096],[-112.62343,38.061],[-112.62353,38.06101],[-112.62365,38.06102],[-112.62399,38.06105],[-112.62411,38.06106],[-112.62416,38.06107],[-112.62433,38.06108],[-112.62444,38.06109],[-112.62474,38.0611],[-112.62501,38.0611],[-112.62528,38.0611],[-112.62548,38.0611],[-112.62561,38.0611],[-112.6257,38.06109],[-112.62595,38.06107],[-112.62616,38.06106],[-112.62624,38.06105],[-112.62661,38.06101],[-112.62662,38.06101],[-112.62688,38.06098],[-112.62708,38.06095],[-112.62729,38.06091],[-112.6275,38.06087],[-112.62751,38.06087],[-112.62767,38.06084],[-112.62773,38.06083],[-112.62793,38.06078],[-112.62795,38.06077],[-112.62836,38.06067],[-112.6286,38.06061],[-112.62882,38.06055],[-112.62911,38.06048],[-112.62968,38.06034],[-112.6299,38.06028],[-112.63031,38.06017],[-112.63068,38.06008],[-112.63107,38.05998],[-112.63162,38.05984],[-112.63186,38.05978],[-112.63212,38.05972],[-112.63244,38.05964],[-112.63251,38.05962],[-112.63273,38.05956],[-112.63278,38.05955],[-112.63299,38.0595],[-112.63314,38.05946],[-112.6333,38.05943],[-112.63345,38.05941],[-112.63363,38.0594],[-112.63383,38.05939],[-112.63406,38.0594],[-112.63426,38.05941],[-112.63442,38.05943],[-112.63457,38.05945],[-112.63476,38.0595],[-112.63494,38.05954],[-112.63496,38.05955],[-112.63511,38.0596],[-112.63517,38.05962],[-112.63536,38.0597],[-112.6356,38.05979],[-112.63582,38.05987],[-112.63599,38.05993],[-112.63623,38.05999],[-112.63639,38.06002],[-112.63655,38.06005],[-112.63676,38.06008],[-112.63687,38.06009],[-112.63708,38.06009],[-112.63729,38.06009],[-112.63742,38.06008],[-112.63784,38.06005],[-112.63803,38.06003],[-112.63825,38.06],[-112.63829,38.06],[-112.63879,38.05995],[-112.63911,38.05992],[-112.63946,38.05988],[-112.63984,38.05985],[-112.63993,38.05984],[-112.64018,38.05982],[-112.64052,38.05979],[-112.64054,38.05979],[-112.6408,38.05978],[-112.64104,38.05977],[-112.64126,38.05976],[-112.64158,38.05976],[-112.64166,38.05976],[-112.64183,38.05976],[-112.64196,38.05976],[-112.64212,38.05976],[-112.64227,38.05976],[-112.64235,38.05976],[-112.64255,38.05976],[-112.64257,38.05977],[-112.64285,38.05978],[-112.64303,38.05978],[-112.64305,38.05978],[-112.6433,38.05979],[-112.64344,38.0598],[-112.64367,38.05981],[-112.64387,38.05982],[-112.644,38.05982],[-112.64416,38.05982],[-112.64417,38.05982],[-112.64438,38.05982],[-112.64453,38.05982],[-112.64486,38.0598],[-112.64488,38.0598],[-112.64519,38.05978],[-112.64544,38.05975],[-112.64576,38.05971],[-112.64578,38.05971],[-112.64599,38.05968],[-112.64622,38.05964],[-112.64692,38.05954],[-112.64711,38.05951],[-112.64728,38.05948],[-112.64764,38.05943],[-112.64815,38.05935],[-112.64866,38.05927],[-112.64906,38.05921],[-112.64958,38.05913],[-112.64962,38.05913],[-112.64996,38.05907],[-112.6504,38.05901],[-112.6506,38.05898],[-112.6507,38.05897],[-112.65085,38.05896],[-112.65093,38.05895],[-112.65121,38.05893],[-112.65147,38.05891],[-112.65161,38.05891],[-112.6518,38.0589],[-112.65204,38.0589],[-112.65241,38.0589],[-112.65277,38.05892],[-112.65301,38.05894],[-112.65324,38.05896],[-112.65357,38.05899],[-112.65381,38.05902],[-112.65411,38.05907],[-112.65421,38.05909],[-112.65437,38.05912],[-112.6545,38.05914],[-112.65475,38.05919],[-112.65508,38.05927],[-112.65521,38.05931],[-112.65528,38.05932],[-112.65547,38.05937],[-112.65569,38.05944],[-112.65598,38.05953],[-112.65622,38.05962],[-112.65656,38.05975],[-112.65704,38.05993],[-112.65709,38.05995],[-112.65771,38.06018],[-112.6587,38.06056],[-112.65874,38.06058],[-112.65895,38.06065],[-112.65956,38.06089],[-112.65996,38.06104],[-112.66061,38.06128],[-112.66149,38.06162],[-112.6617,38.06169],[-112.66198,38.0618],[-112.66298,38.06218],[-112.66396,38.06256],[-112.6642,38.06265],[-112.66499,38.06295],[-112.6654,38.0631],[-112.66606,38.06335],[-112.66652,38.06353],[-112.66688,38.06366],[-112.66714,38.06376],[-112.66725,38.0638],[-112.66734,38.06384],[-112.66766,38.06396],[-112.66796,38.06407],[-112.66817,38.06415],[-112.6694,38.06462],[-112.66961,38.0647],[-112.66981,38.06478],[-112.67002,38.06485],[-112.67022,38.06493],[-112.67043,38.06501],[-112.67064,38.06509],[-112.67084,38.06517],[-112.67105,38.06525],[-112.67146,38.0654],[-112.6731,38.06603],[-112.67327,38.06609],[-112.67722,38.06759],[-112.67805,38.0679],[-112.67908,38.06829],[-112.67928,38.06836],[-112.68031,38.06875],[-112.68052,38.06883],[-112.6832,38.06985],[-112.6834,38.06992],[-112.68344,38.06993],[-112.68361,38.07],[-112.68381,38.07008],[-112.68422,38.07023],[-112.68525,38.07062],[-112.68546,38.0707],[-112.68561,38.07076],[-112.68587,38.07086],[-112.68588,38.07086],[-112.6865,38.07107],[-112.68746,38.07139],[-112.68815,38.07163],[-112.68829,38.07167],[-112.68831,38.07168],[-112.68856,38.07176],[-112.68857,38.07177],[-112.68877,38.07184],[-112.68878,38.07184],[-112.68896,38.0719],[-112.68917,38.07197],[-112.68938,38.07205],[-112.68956,38.07211],[-112.68956,38.07211],[-112.68965,38.07185],[-112.68968,38.07174],[-112.68972,38.07163],[-112.68978,38.07141],[-112.68979,38.07135],[-112.68982,38.07126],[-112.68983,38.07124],[-112.68984,38.07122],[-112.68985,38.07118],[-112.69004,38.0705],[-112.69016,38.07009],[-112.69024,38.06984],[-112.6903,38.06966],[-112.69042,38.0693],[-112.69044,38.06922],[-112.69048,38.06914],[-112.69049,38.06909],[-112.69054,38.06897],[-112.69056,38.06891],[-112.69066,38.06869],[-112.69079,38.06844],[-112.69087,38.06827],[-112.69108,38.06786],[-112.6915,38.06705],[-112.69184,38.06639],[-112.69199,38.06611],[-112.69217,38.06574],[-112.69231,38.06548],[-112.69231,38.06533],[-112.69299,38.06408],[-112.69329,38.06354],[-112.69337,38.06338],[-112.69355,38.06305],[-112.69372,38.06274],[-112.69379,38.06261],[-112.69503,38.06033],[-112.6959,38.05872],[-112.69661,38.05742],[-112.69735,38.05606],[-112.6975,38.05576],[-112.69783,38.05516],[-112.69917,38.05268],[-112.70009,38.05099],[-112.70013,38.05091],[-112.70069,38.04988],[-112.70124,38.04888],[-112.7017,38.04801],[-112.70209,38.0473],[-112.7023,38.04692],[-112.70236,38.0468],[-112.70252,38.0465],[-112.70274,38.04608],[-112.70284,38.04589],[-112.7031,38.04542],[-112.70351,38.04465],[-112.70383,38.04407],[-112.70401,38.04374],[-112.70408,38.0436],[-112.70419,38.0434],[-112.70425,38.04329],[-112.70458,38.04269],[-112.70485,38.04219],[-112.7049,38.04209],[-112.70501,38.04189],[-112.70511,38.0417],[-112.70517,38.04159],[-112.70522,38.0415],[-112.70528,38.04138],[-112.70534,38.04129],[-112.7055,38.04098],[-112.70561,38.04078],[-112.70566,38.04069],[-112.7057,38.04062],[-112.70583,38.04038],[-112.70599,38.04009],[-112.70606,38.03996],[-112.7061,38.03989],[-112.70614,38.0398],[-112.7062,38.03969],[-112.70626,38.03958],[-112.70658,38.03899],[-112.70659,38.03897],[-112.70663,38.03889],[-112.70669,38.03879],[-112.70674,38.0387],[-112.7068,38.03858],[-112.70684,38.0385],[-112.7069,38.0384],[-112.70702,38.03818],[-112.70712,38.03799],[-112.70799,38.03639],[-112.7081,38.03618],[-112.7082,38.036],[-112.70826,38.03589],[-112.70833,38.03575],[-112.70841,38.0356],[-112.70847,38.03549],[-112.70853,38.03539],[-112.70864,38.03518],[-112.70869,38.0351],[-112.70877,38.03495],[-112.70903,38.03446],[-112.70929,38.03399],[-112.70934,38.03389],[-112.7094,38.03379],[-112.70945,38.03369],[-112.7095,38.03359],[-112.70962,38.03339],[-112.70972,38.03319],[-112.70983,38.03299],[-112.70994,38.03279],[-112.71075,38.03129],[-112.71081,38.03118],[-112.71103,38.03076],[-112.71151,38.02988],[-112.71161,38.02969],[-112.71167,38.02959],[-112.71178,38.02939],[-112.71184,38.02929],[-112.712,38.02899],[-112.71206,38.02888],[-112.71238,38.0283],[-112.71243,38.02819],[-112.71254,38.02799],[-112.71256,38.02795],[-112.71292,38.02729],[-112.71298,38.02719],[-112.71301,38.02713],[-112.71309,38.02698],[-112.71319,38.02679],[-112.71329,38.02661],[-112.71336,38.02648],[-112.71341,38.02639],[-112.71352,38.02618],[-112.71363,38.02597],[-112.71368,38.02588],[-112.71379,38.02569],[-112.71397,38.02536],[-112.71408,38.02516],[-112.7141,38.02512],[-112.71423,38.02489],[-112.71433,38.02469],[-112.71439,38.02458],[-112.71449,38.0244],[-112.71456,38.02427],[-112.71466,38.02408],[-112.7151,38.02326],[-112.71523,38.02302],[-112.71531,38.02287],[-112.71542,38.02266],[-112.71553,38.02247],[-112.71563,38.02229],[-112.71569,38.02219],[-112.71577,38.02204],[-112.71585,38.02187],[-112.71596,38.02168],[-112.71602,38.02157],[-112.71612,38.02139],[-112.71614,38.02135],[-112.71629,38.02107],[-112.71639,38.02089],[-112.71646,38.02078],[-112.71661,38.02048],[-112.71667,38.02038],[-112.71668,38.02035],[-112.71673,38.02026],[-112.71682,38.02009],[-112.71699,38.01979],[-112.71705,38.01968],[-112.71727,38.01928],[-112.71738,38.01908],[-112.71744,38.01896],[-112.71749,38.01887],[-112.71754,38.01877],[-112.7176,38.01866],[-112.71766,38.01856],[-112.7177,38.01848],[-112.71786,38.01818],[-112.71792,38.01805],[-112.71796,38.01798],[-112.71797,38.01796],[-112.71802,38.01787],[-112.71812,38.01769],[-112.71817,38.01758],[-112.71823,38.01748],[-112.71829,38.01738],[-112.71834,38.01728],[-112.71839,38.01719],[-112.71844,38.01709],[-112.7185,38.01698],[-112.71861,38.01676],[-112.71867,38.01666],[-112.71868,38.01663],[-112.71876,38.01649],[-112.71882,38.01639],[-112.71888,38.01626],[-112.71893,38.01618],[-112.71898,38.01608],[-112.71904,38.01598],[-112.71919,38.01569],[-112.71925,38.01558],[-112.71929,38.01551],[-112.71936,38.01538],[-112.71943,38.01527],[-112.71947,38.01518],[-112.71954,38.01506],[-112.71975,38.01467],[-112.71982,38.01453],[-112.71985,38.01447],[-112.7199,38.01437],[-112.71995,38.01427],[-112.72005,38.01407],[-112.72016,38.01388],[-112.72032,38.01358],[-112.72037,38.01348],[-112.72043,38.01338],[-112.72048,38.01328],[-112.72054,38.01317],[-112.72071,38.01286],[-112.72075,38.01277],[-112.72081,38.01267],[-112.72082,38.01266],[-112.72087,38.01257],[-112.72099,38.01236],[-112.72104,38.01226],[-112.72109,38.01217],[-112.72119,38.01198],[-112.72125,38.01188],[-112.72137,38.01166],[-112.72146,38.01148],[-112.72151,38.01138],[-112.72163,38.01117],[-112.72168,38.01108],[-112.72178,38.01088],[-112.72184,38.01078],[-112.722,38.01048],[-112.72206,38.01037],[-112.72211,38.01028],[-112.72216,38.01018],[-112.72221,38.01009],[-112.72227,38.00998],[-112.72232,38.00988],[-112.72238,38.00978],[-112.72239,38.00975],[-112.72244,38.00968],[-112.72249,38.00959],[-112.72254,38.00948],[-112.7226,38.00938],[-112.72265,38.00928],[-112.7227,38.00919],[-112.72276,38.00908],[-112.72281,38.00898],[-112.72287,38.00887],[-112.72297,38.00868],[-112.72308,38.00849],[-112.72314,38.00838],[-112.72316,38.00833],[-112.72319,38.00827],[-112.72325,38.00817],[-112.72331,38.00808],[-112.72346,38.00778],[-112.72352,38.00769],[-112.72358,38.00757],[-112.72359,38.00755],[-112.72365,38.00743],[-112.72369,38.00736],[-112.72374,38.00727],[-112.72384,38.00708],[-112.72395,38.00688],[-112.72401,38.00677],[-112.72407,38.00667],[-112.72412,38.00656],[-112.72417,38.00648],[-112.72422,38.00638],[-112.72427,38.00628],[-112.72434,38.00617],[-112.72449,38.00588],[-112.72455,38.00577],[-112.72466,38.00557],[-112.72477,38.00537],[-112.72494,38.00504],[-112.72498,38.00498],[-112.72509,38.00477],[-112.72515,38.00466],[-112.7252,38.00457],[-112.72525,38.00447],[-112.7253,38.00438],[-112.72536,38.00427],[-112.72542,38.00417],[-112.72552,38.00398],[-112.72565,38.00373],[-112.72568,38.00368],[-112.72574,38.00357],[-112.72576,38.00353],[-112.72584,38.00337],[-112.7259,38.00327],[-112.72595,38.00318],[-112.726,38.00307],[-112.72606,38.00298],[-112.72606,38.00297],[-112.72611,38.00287],[-112.72616,38.00279],[-112.72622,38.00268],[-112.72628,38.00256],[-112.72633,38.00246],[-112.72639,38.00236],[-112.72644,38.00228],[-112.7265,38.00217],[-112.72654,38.00208],[-112.7266,38.00198],[-112.72666,38.00188],[-112.72671,38.00177],[-112.72677,38.00166],[-112.72683,38.00155],[-112.72698,38.00127],[-112.72705,38.00116],[-112.7272,38.00087],[-112.72726,38.00077],[-112.72732,38.00066],[-112.72737,38.00055],[-112.72742,38.00046],[-112.72753,38.00026],[-112.7277,37.99994],[-112.72775,37.99986],[-112.7278,37.99976],[-112.72785,37.99966],[-112.72793,37.99952],[-112.72817,37.99908],[-112.72828,37.99887],[-112.72839,37.99867],[-112.7285,37.99848],[-112.72861,37.99827],[-112.72867,37.99815],[-112.72872,37.99806],[-112.72889,37.99775],[-112.7292,37.99718],[-112.72927,37.99705],[-112.72937,37.99686],[-112.72943,37.99675],[-112.72953,37.99656],[-112.72964,37.99636],[-112.7297,37.99624],[-112.72976,37.99614],[-112.72985,37.99597],[-112.73039,37.99498],[-112.73048,37.99481],[-112.73056,37.99466],[-112.73062,37.99455],[-112.73066,37.99447],[-112.73077,37.99427],[-112.7308,37.99423],[-112.73094,37.99397],[-112.73104,37.99378],[-112.7311,37.99367],[-112.73122,37.99346],[-112.73127,37.99336],[-112.73136,37.99318],[-112.7315,37.99292],[-112.73165,37.99266],[-112.73168,37.99261],[-112.7318,37.99238],[-112.73186,37.99227],[-112.73198,37.99204],[-112.73214,37.99175],[-112.73216,37.99171],[-112.7322,37.99165],[-112.73231,37.99145],[-112.73235,37.99138],[-112.73244,37.99121],[-112.73247,37.99115],[-112.73252,37.99105],[-112.73258,37.99095],[-112.73268,37.99075],[-112.7328,37.99053],[-112.73291,37.99033],[-112.73309,37.98999],[-112.7331,37.98997],[-112.73323,37.98974],[-112.7333,37.98961],[-112.73377,37.98875],[-112.73382,37.98864],[-112.73387,37.98856],[-112.73393,37.98845],[-112.73397,37.98837],[-112.73404,37.98824],[-112.73414,37.98806],[-112.7342,37.98795],[-112.73425,37.98786],[-112.73431,37.98774],[-112.73446,37.98745],[-112.73451,37.98736],[-112.73462,37.98716],[-112.73473,37.98696],[-112.73475,37.98691],[-112.73484,37.98676],[-112.73499,37.98648],[-112.73503,37.98641],[-112.73522,37.98606],[-112.73556,37.98544],[-112.73566,37.98525],[-112.73582,37.98495],[-112.73599,37.98464],[-112.73609,37.98445],[-112.7361,37.98444],[-112.73647,37.98375],[-112.73658,37.98355],[-112.73658,37.98354],[-112.73669,37.98335],[-112.7368,37.98314],[-112.73701,37.98275],[-112.73723,37.98235],[-112.73734,37.98215],[-112.7375,37.98184],[-112.73788,37.98114],[-112.73812,37.98069],[-112.73827,37.98041],[-112.73852,37.97995],[-112.73901,37.97905],[-112.73911,37.97887],[-112.74007,37.97709],[-112.74017,37.9769],[-112.7403,37.97665],[-112.74036,37.97654],[-112.74046,37.97637],[-112.74053,37.97625],[-112.74066,37.97601],[-112.74069,37.97595],[-112.74074,37.97585],[-112.7408,37.97574],[-112.74086,37.97563],[-112.74091,37.97553],[-112.74094,37.97549],[-112.74096,37.97544],[-112.74101,37.97535],[-112.74106,37.97527],[-112.74107,37.97525],[-112.74112,37.97515],[-112.74117,37.97506],[-112.74118,37.97504],[-112.74134,37.97474],[-112.74138,37.97468],[-112.74144,37.97457],[-112.74146,37.97452],[-112.74151,37.97444],[-112.7416,37.97426],[-112.74167,37.97413],[-112.74177,37.97395],[-112.74183,37.97385],[-112.74198,37.97355],[-112.7421,37.97333],[-112.74216,37.97323],[-112.74221,37.97314],[-112.74232,37.97294],[-112.74237,37.97284],[-112.74245,37.9727],[-112.74246,37.97268],[-112.74253,37.97255],[-112.74258,37.97244],[-112.74269,37.97224],[-112.74281,37.97203],[-112.7429,37.97185],[-112.74296,37.97175],[-112.74304,37.9716],[-112.74308,37.97152],[-112.74318,37.97133],[-112.74329,37.97113],[-112.74336,37.97101],[-112.74356,37.97064],[-112.74361,37.97055],[-112.74366,37.97045],[-112.74372,37.97034],[-112.74377,37.97024],[-112.74383,37.97014],[-112.74388,37.97004],[-112.74394,37.96994],[-112.74399,37.96984],[-112.74411,37.96963],[-112.74416,37.96953],[-112.74431,37.96925],[-112.74437,37.96915],[-112.74442,37.96905],[-112.74447,37.96895],[-112.74453,37.96885],[-112.74458,37.96875],[-112.74469,37.96854],[-112.74474,37.96845],[-112.74486,37.96824],[-112.74491,37.96814],[-112.74496,37.96805],[-112.74501,37.96795],[-112.74514,37.96772],[-112.74523,37.96755],[-112.74529,37.96743],[-112.74534,37.96735],[-112.74545,37.96715],[-112.7455,37.96705],[-112.74555,37.96695],[-112.74561,37.96685],[-112.74566,37.96675],[-112.74572,37.96665],[-112.74577,37.96655],[-112.74583,37.96645],[-112.74593,37.96625],[-112.7463,37.96556],[-112.74658,37.96505],[-112.74666,37.9649],[-112.74702,37.96424],[-112.74707,37.96414],[-112.74723,37.96385],[-112.74728,37.96375],[-112.74734,37.96364],[-112.74738,37.96357],[-112.7474,37.96354],[-112.74747,37.96341],[-112.7475,37.96335],[-112.74756,37.96324],[-112.74761,37.96314],[-112.74764,37.96308],[-112.74772,37.96294],[-112.74778,37.96284],[-112.74788,37.96265],[-112.74793,37.96255],[-112.74798,37.96245],[-112.74807,37.96229],[-112.74809,37.96226],[-112.74816,37.96212],[-112.74831,37.96185],[-112.74836,37.96175],[-112.74842,37.96165],[-112.74847,37.96155],[-112.74853,37.96145],[-112.74858,37.96134],[-112.74875,37.96104],[-112.7488,37.96094],[-112.74886,37.96084],[-112.74891,37.96074],[-112.74896,37.96065],[-112.74901,37.96055],[-112.74912,37.96035],[-112.74934,37.95995],[-112.7494,37.95984],[-112.74946,37.95973],[-112.74951,37.95963],[-112.74962,37.95943],[-112.74973,37.95923],[-112.74981,37.95907],[-112.74994,37.95884],[-112.7501,37.95855],[-112.75022,37.95832],[-112.75032,37.95814],[-112.75036,37.95805],[-112.75042,37.95794],[-112.75047,37.95785],[-112.75048,37.95784],[-112.75052,37.95775],[-112.75058,37.95765],[-112.7508,37.95724],[-112.75103,37.95683],[-112.75128,37.95635],[-112.75135,37.95624],[-112.7514,37.95613],[-112.7515,37.95595],[-112.75155,37.95585],[-112.75162,37.95573],[-112.75178,37.95542],[-112.75182,37.95535],[-112.75187,37.95526],[-112.75188,37.95524],[-112.75193,37.95515],[-112.75199,37.95504],[-112.75204,37.95494],[-112.7521,37.95484],[-112.75214,37.95476],[-112.75215,37.95474],[-112.7522,37.95464],[-112.75237,37.95433],[-112.75243,37.95422],[-112.75248,37.95412],[-112.75252,37.95405],[-112.75258,37.95394],[-112.75258,37.95393],[-112.75263,37.95384],[-112.75269,37.95374],[-112.75275,37.95363],[-112.7528,37.95353],[-112.75285,37.95344],[-112.75291,37.95333],[-112.75296,37.95325],[-112.75301,37.95315],[-112.75307,37.95304],[-112.75312,37.95294],[-112.75318,37.95283],[-112.75323,37.95273],[-112.75329,37.95263],[-112.7534,37.95243],[-112.7535,37.95224],[-112.75355,37.95214],[-112.75361,37.95204],[-112.75366,37.95194],[-112.75369,37.95189],[-112.75371,37.95185],[-112.75378,37.95172],[-112.75382,37.95165],[-112.75388,37.95153],[-112.75393,37.95144],[-112.75399,37.95134],[-112.75405,37.95123],[-112.7541,37.95113],[-112.75419,37.95097],[-112.75432,37.95072],[-112.75442,37.95054],[-112.75448,37.95043],[-112.75453,37.95034],[-112.75457,37.95027],[-112.7546,37.95022],[-112.75477,37.94991],[-112.75486,37.94972],[-112.75491,37.94963],[-112.75492,37.94963],[-112.75496,37.94954],[-112.75502,37.94944],[-112.75508,37.94933],[-112.75512,37.94924],[-112.75518,37.94914],[-112.75523,37.94904],[-112.75529,37.94894],[-112.75534,37.94885],[-112.7554,37.94873],[-112.75545,37.94863],[-112.75551,37.94853],[-112.75557,37.94842],[-112.75562,37.94832],[-112.75572,37.94814],[-112.75577,37.94803],[-112.75588,37.94784],[-112.75594,37.94773],[-112.75598,37.94764],[-112.75604,37.94753],[-112.7561,37.94743],[-112.75616,37.94731],[-112.75626,37.94713],[-112.75637,37.94694],[-112.75643,37.94682],[-112.75648,37.94673],[-112.75654,37.94662],[-112.75664,37.94642],[-112.75669,37.94633],[-112.75674,37.94624],[-112.7568,37.94614],[-112.75685,37.94604],[-112.7569,37.94594],[-112.75695,37.94584],[-112.75701,37.94574],[-112.75706,37.94564],[-112.75711,37.94554],[-112.75717,37.94544],[-112.75722,37.94534],[-112.75728,37.94524],[-112.75733,37.94514],[-112.75739,37.94503],[-112.75748,37.94486],[-112.75749,37.94485],[-112.75755,37.94474],[-112.7576,37.94464],[-112.75766,37.94454],[-112.75771,37.94444],[-112.75776,37.94434],[-112.75782,37.94424],[-112.75787,37.94414],[-112.75793,37.94404],[-112.75798,37.94394],[-112.75804,37.94383],[-112.75809,37.94373],[-112.75815,37.94363],[-112.7582,37.94354],[-112.75826,37.94344],[-112.75831,37.94334],[-112.75836,37.94324],[-112.75842,37.94314],[-112.75847,37.94303],[-112.75852,37.94294],[-112.75856,37.94288],[-112.75858,37.94284],[-112.75863,37.94274],[-112.75869,37.94264],[-112.75874,37.94254],[-112.7588,37.94243],[-112.7589,37.94224],[-112.75896,37.94214],[-112.75901,37.94204],[-112.75907,37.94194],[-112.75913,37.94182],[-112.75918,37.94174],[-112.75918,37.94173],[-112.75922,37.94165],[-112.75928,37.94154],[-112.75934,37.94144],[-112.75939,37.94134],[-112.75945,37.94123],[-112.75946,37.94122],[-112.7595,37.94113],[-112.75951,37.94112],[-112.75955,37.94104],[-112.75962,37.94092],[-112.75972,37.94073],[-112.75978,37.94063],[-112.75983,37.94053],[-112.75989,37.94043],[-112.75993,37.94034],[-112.75999,37.94024],[-112.76004,37.94014],[-112.76005,37.94012],[-112.76005,37.94011],[-112.76009,37.94004],[-112.76011,37.94002],[-112.76015,37.93994],[-112.76016,37.93992],[-112.7602,37.93984],[-112.76026,37.93973],[-112.76031,37.93964],[-112.76036,37.93954],[-112.76042,37.93944],[-112.76047,37.93934],[-112.76052,37.93924],[-112.76058,37.93914],[-112.76063,37.93904],[-112.76069,37.93893],[-112.76075,37.93882],[-112.7608,37.93873],[-112.76085,37.93863],[-112.7609,37.93853],[-112.76096,37.93844],[-112.76101,37.93834],[-112.76106,37.93824],[-112.76111,37.93814],[-112.76116,37.93804],[-112.76122,37.93794],[-112.76127,37.93784],[-112.76133,37.93774],[-112.76138,37.93763],[-112.76139,37.93763],[-112.76144,37.93753],[-112.76148,37.93746],[-112.76149,37.93744],[-112.76155,37.93734],[-112.7616,37.93724],[-112.76165,37.93714],[-112.76171,37.93704],[-112.76177,37.93694],[-112.76183,37.93682],[-112.76187,37.93674],[-112.76188,37.93672],[-112.76193,37.93663],[-112.76198,37.93653],[-112.76203,37.93644],[-112.76209,37.93634],[-112.76214,37.93624],[-112.7622,37.93614],[-112.76225,37.93604],[-112.76231,37.93594],[-112.76237,37.93583],[-112.76242,37.93573],[-112.76247,37.93563],[-112.76248,37.93561],[-112.76252,37.93553],[-112.76254,37.93552],[-112.76257,37.93544],[-112.76259,37.93541],[-112.76263,37.93534],[-112.76268,37.93524],[-112.76274,37.93514],[-112.76279,37.93504],[-112.76285,37.93494],[-112.76297,37.93471],[-112.76319,37.93431],[-112.76349,37.93374],[-112.76356,37.93361],[-112.76361,37.93351],[-112.76367,37.93341],[-112.76372,37.93331],[-112.76376,37.93324],[-112.76382,37.93312],[-112.7639,37.93298],[-112.76394,37.93291],[-112.76399,37.93282],[-112.76404,37.93272],[-112.76408,37.93264],[-112.7642,37.93241],[-112.76422,37.93238],[-112.76425,37.93232],[-112.76431,37.93222],[-112.76436,37.93212],[-112.76442,37.93203],[-112.76448,37.93192],[-112.76453,37.93181],[-112.76462,37.93165],[-112.7647,37.9315],[-112.7648,37.93132],[-112.76495,37.93103],[-112.76501,37.93092],[-112.76507,37.93082],[-112.76513,37.93071],[-112.76517,37.93062],[-112.76523,37.93053],[-112.76533,37.93032],[-112.76539,37.93022],[-112.7655,37.93002],[-112.76555,37.92992],[-112.76561,37.92981],[-112.76566,37.92971],[-112.76571,37.92963],[-112.76582,37.92943],[-112.76587,37.92933],[-112.76592,37.92923],[-112.76597,37.92913],[-112.76603,37.92903],[-112.76609,37.92893],[-112.76615,37.92882],[-112.76626,37.92862],[-112.76626,37.92861],[-112.76631,37.92852],[-112.76642,37.92832],[-112.76643,37.92829],[-112.76653,37.92812],[-112.76658,37.92803],[-112.76663,37.92793],[-112.76674,37.92772],[-112.76678,37.92764],[-112.76683,37.92756],[-112.76684,37.92753],[-112.7669,37.92743],[-112.76695,37.92733],[-112.76701,37.92722],[-112.76706,37.92713],[-112.76711,37.92703],[-112.76717,37.92692],[-112.76726,37.92675],[-112.76734,37.92661],[-112.76735,37.92659],[-112.76743,37.92644],[-112.76749,37.92633],[-112.76754,37.92623],[-112.76759,37.92615],[-112.76765,37.92604],[-112.7677,37.92594],[-112.76775,37.92584],[-112.76781,37.92574],[-112.76786,37.92564],[-112.76789,37.92558],[-112.76791,37.92555],[-112.76797,37.92544],[-112.76802,37.92534],[-112.76804,37.92529],[-112.76807,37.92524],[-112.76813,37.92514],[-112.76818,37.92504],[-112.76823,37.92494],[-112.76832,37.92479],[-112.7684,37.92463],[-112.76851,37.92443],[-112.76857,37.92432],[-112.76863,37.92422],[-112.76868,37.92412],[-112.76874,37.92401],[-112.76889,37.92373],[-112.76894,37.92363],[-112.76896,37.9236],[-112.76906,37.92343],[-112.76911,37.92333],[-112.76917,37.92322],[-112.76922,37.92312],[-112.76928,37.92302],[-112.76934,37.92291],[-112.76937,37.92284],[-112.76945,37.9227],[-112.76948,37.92263],[-112.76955,37.92252],[-112.7696,37.92242],[-112.76965,37.92232],[-112.76971,37.92221],[-112.76976,37.92212],[-112.76987,37.92192],[-112.76998,37.92171],[-112.77004,37.9216],[-112.77005,37.92159],[-112.77015,37.92139],[-112.77024,37.92123],[-112.77035,37.92102],[-112.77047,37.9208],[-112.77052,37.92072],[-112.77062,37.92053],[-112.77068,37.92042],[-112.77079,37.92022],[-112.77084,37.92013],[-112.7709,37.92001],[-112.77105,37.91973],[-112.7711,37.91963],[-112.77116,37.91953],[-112.77119,37.91947],[-112.77128,37.9193],[-112.77132,37.91923],[-112.77137,37.91913],[-112.77143,37.91902],[-112.77146,37.91897],[-112.77154,37.91882],[-112.77159,37.91873],[-112.77165,37.91863],[-112.77175,37.91844],[-112.7718,37.91833],[-112.77186,37.91823],[-112.77202,37.91793],[-112.77207,37.91785],[-112.77208,37.91782],[-112.77213,37.91773],[-112.77216,37.91768],[-112.77219,37.91763],[-112.77224,37.91752],[-112.77234,37.91733],[-112.77239,37.91723],[-112.77245,37.91713],[-112.77245,37.91712],[-112.7725,37.91703],[-112.77256,37.91692],[-112.77259,37.91686],[-112.77267,37.91672],[-112.77272,37.91662],[-112.77278,37.91652],[-112.77284,37.9164],[-112.77294,37.91621],[-112.77305,37.91601],[-112.7731,37.91592],[-112.77315,37.91583],[-112.77326,37.91562],[-112.77327,37.9156],[-112.77331,37.91553],[-112.77337,37.91543],[-112.77343,37.91532],[-112.77348,37.91523],[-112.77354,37.91511],[-112.77359,37.91502],[-112.77361,37.91499],[-112.77365,37.9149],[-112.77375,37.91473],[-112.77386,37.91453],[-112.77393,37.9144],[-112.77398,37.91432],[-112.77404,37.91422],[-112.77412,37.91408],[-112.77415,37.91403],[-112.77421,37.91392],[-112.77426,37.91383],[-112.77431,37.91374],[-112.77437,37.91364],[-112.77443,37.91355],[-112.77449,37.91345],[-112.77462,37.91324],[-112.77468,37.91314],[-112.77474,37.91304],[-112.7748,37.91294],[-112.77492,37.91275],[-112.77502,37.91257],[-112.77508,37.91247],[-112.77515,37.91236],[-112.77516,37.91235],[-112.77521,37.91227],[-112.77526,37.91218],[-112.77526,37.91217],[-112.77528,37.91215],[-112.77534,37.91205],[-112.77545,37.91188],[-112.77551,37.91178],[-112.77559,37.91166],[-112.77564,37.91159],[-112.77569,37.9115],[-112.77576,37.9114],[-112.77589,37.9112],[-112.77598,37.91106],[-112.77603,37.91098],[-112.77609,37.91089],[-112.77615,37.9108],[-112.77622,37.9107],[-112.77627,37.91061],[-112.77634,37.91051],[-112.7764,37.91042],[-112.77647,37.91032],[-112.77654,37.91022],[-112.77661,37.91012],[-112.77666,37.91004],[-112.77673,37.90995],[-112.77679,37.90986],[-112.77683,37.9098],[-112.77687,37.90975],[-112.77702,37.90954],[-112.77708,37.90945],[-112.77738,37.90903],[-112.77748,37.90889],[-112.77757,37.90877],[-112.77762,37.90871],[-112.77769,37.9086],[-112.77775,37.90852],[-112.77783,37.90842],[-112.7779,37.90832],[-112.77796,37.90825],[-112.77803,37.90814],[-112.77811,37.90804],[-112.77839,37.90767],[-112.77848,37.90755],[-112.77853,37.90748],[-112.7786,37.90739],[-112.77864,37.90733],[-112.77867,37.90729],[-112.77874,37.9072],[-112.77882,37.90711],[-112.77897,37.90691],[-112.77912,37.90672],[-112.77924,37.90657],[-112.77925,37.90654],[-112.77933,37.90645],[-112.7794,37.90636],[-112.77948,37.90627],[-112.77955,37.90618],[-112.77972,37.90597],[-112.77978,37.9059],[-112.77987,37.90579],[-112.77993,37.90572],[-112.78,37.90563],[-112.78009,37.90552],[-112.78017,37.90542],[-112.78024,37.90534],[-112.78032,37.90525],[-112.78055,37.90498],[-112.78063,37.90488],[-112.78076,37.90472],[-112.78085,37.90463],[-112.78092,37.90454],[-112.78101,37.90445],[-112.78109,37.90435],[-112.78117,37.90426],[-112.7812,37.90423],[-112.78132,37.90409],[-112.78141,37.90398],[-112.78153,37.90385],[-112.78156,37.90382],[-112.78164,37.90373],[-112.78172,37.90364],[-112.78181,37.90354],[-112.78189,37.90345],[-112.78196,37.90338],[-112.78198,37.90335],[-112.78205,37.90328],[-112.78214,37.90318],[-112.78217,37.90315],[-112.78229,37.90301],[-112.78238,37.90292],[-112.78255,37.90273],[-112.7827,37.90258],[-112.78278,37.90249],[-112.78286,37.9024],[-112.78296,37.90229],[-112.78303,37.90222],[-112.78319,37.90205],[-112.78339,37.90185],[-112.7835,37.90174],[-112.78362,37.9016],[-112.78394,37.90128],[-112.78402,37.9012],[-112.78411,37.90111],[-112.78413,37.90109],[-112.78421,37.90101],[-112.78429,37.90093],[-112.78443,37.90079],[-112.78444,37.90078],[-112.78464,37.90059],[-112.78474,37.90049],[-112.78499,37.90025],[-112.78513,37.90011],[-112.7852,37.90005],[-112.78527,37.89998],[-112.78552,37.89974],[-112.78564,37.89962],[-112.78567,37.8996],[-112.7857,37.89957],[-112.78588,37.8994],[-112.78604,37.89924],[-112.78622,37.89907],[-112.78639,37.8989],[-112.78649,37.8988],[-112.78657,37.89873],[-112.78673,37.89857],[-112.78683,37.89848],[-112.78692,37.89839],[-112.78701,37.89831],[-112.7871,37.89822],[-112.78719,37.89813],[-112.78723,37.89809],[-112.78728,37.89805],[-112.78736,37.89797],[-112.78744,37.89789],[-112.78753,37.89781],[-112.78762,37.89772],[-112.78797,37.89738],[-112.78829,37.89708],[-112.78861,37.89677],[-112.78878,37.89661],[-112.78896,37.89644],[-112.78905,37.89635],[-112.78914,37.89627],[-112.78929,37.89612],[-112.7893,37.89611],[-112.78941,37.89601],[-112.78949,37.89593],[-112.78965,37.89577],[-112.78986,37.89557],[-112.78993,37.89551],[-112.79002,37.89542],[-112.7901,37.89534],[-112.79027,37.89517],[-112.79036,37.89509],[-112.79045,37.895],[-112.79054,37.89492],[-112.79062,37.89484],[-112.7907,37.89476],[-112.79078,37.89469],[-112.79092,37.89455],[-112.79106,37.89442],[-112.79115,37.89434],[-112.79123,37.89425],[-112.79133,37.89416],[-112.79143,37.89407],[-112.79167,37.89383],[-112.79174,37.89376],[-112.79178,37.89372],[-112.79185,37.89366],[-112.79189,37.89362],[-112.79202,37.89349],[-112.79203,37.89348],[-112.79212,37.89339],[-112.79222,37.8933],[-112.79237,37.89316],[-112.79247,37.89307],[-112.79256,37.89298],[-112.79265,37.8929],[-112.79273,37.89281],[-112.7928,37.89274],[-112.79291,37.89264],[-112.793,37.89255],[-112.79309,37.89247],[-112.79317,37.89239],[-112.79326,37.8923],[-112.79335,37.89222],[-112.79343,37.89214],[-112.79352,37.89205],[-112.79361,37.89197],[-112.7937,37.89189],[-112.79378,37.8918],[-112.79388,37.89171],[-112.79397,37.89163],[-112.79405,37.89154],[-112.79411,37.89149],[-112.79414,37.89146],[-112.79423,37.89137],[-112.79431,37.89129],[-112.79441,37.8912],[-112.79449,37.89113],[-112.79458,37.89104],[-112.79468,37.89094],[-112.79493,37.8907],[-112.79501,37.89062],[-112.7951,37.89053],[-112.79519,37.89045],[-112.79528,37.89037],[-112.79537,37.89028],[-112.79545,37.8902],[-112.79553,37.89012],[-112.79554,37.89011],[-112.79564,37.89002],[-112.79572,37.88994],[-112.79583,37.88983],[-112.7959,37.88977],[-112.79598,37.88969],[-112.79607,37.88961],[-112.79616,37.88952],[-112.79626,37.88942],[-112.79633,37.88935],[-112.79642,37.88927],[-112.79651,37.88918],[-112.7966,37.88909],[-112.79668,37.88901],[-112.79677,37.88893],[-112.79688,37.88883],[-112.79699,37.88872],[-112.79704,37.88867],[-112.79707,37.88864],[-112.79712,37.8886],[-112.7972,37.88851],[-112.79729,37.88843],[-112.79738,37.88834],[-112.79747,37.88826],[-112.79756,37.88817],[-112.79765,37.88808],[-112.79773,37.888],[-112.79782,37.88792],[-112.79791,37.88784],[-112.798,37.88775],[-112.79808,37.88767],[-112.79817,37.88758],[-112.79828,37.88747],[-112.79835,37.88741],[-112.79845,37.88732],[-112.79854,37.88722],[-112.7986,37.88717],[-112.79872,37.88705],[-112.79878,37.88699],[-112.79887,37.88691],[-112.79896,37.88683],[-112.79905,37.88674],[-112.79961,37.8862],[-112.79986,37.88596],[-112.8002,37.88563],[-112.8003,37.88554],[-112.8004,37.88544],[-112.80046,37.88538],[-112.80056,37.88528],[-112.80063,37.88521],[-112.80075,37.8851],[-112.80084,37.88501],[-112.8009,37.88496],[-112.80099,37.88487],[-112.80107,37.88479],[-112.80116,37.88471],[-112.80126,37.88461],[-112.80135,37.88453],[-112.80153,37.88435],[-112.8018,37.8841],[-112.80189,37.88401],[-112.80197,37.88393],[-112.80206,37.88385],[-112.80215,37.88376],[-112.80232,37.88359],[-112.80241,37.88351],[-112.80248,37.88344],[-112.80258,37.88334],[-112.80268,37.88325],[-112.80274,37.88319],[-112.80277,37.88316],[-112.80284,37.8831],[-112.80293,37.88301],[-112.80307,37.88287],[-112.80345,37.88251],[-112.80361,37.88236],[-112.80362,37.88235],[-112.80398,37.88201],[-112.80408,37.88191],[-112.80434,37.88165],[-112.80443,37.88157],[-112.80452,37.88148],[-112.80469,37.88132],[-112.80512,37.88091],[-112.80522,37.88082],[-112.8053,37.88074],[-112.80538,37.88066],[-112.80548,37.88056],[-112.80558,37.88047],[-112.80565,37.8804],[-112.80567,37.88038],[-112.80584,37.88022],[-112.80599,37.88007],[-112.80627,37.8798],[-112.80644,37.87964],[-112.80715,37.87895],[-112.80724,37.87887],[-112.80759,37.87853],[-112.80785,37.87828],[-112.8082,37.87794],[-112.8083,37.87785],[-112.80838,37.87777],[-112.80838,37.87776],[-112.80847,37.87769],[-112.80856,37.87759],[-112.80864,37.87752],[-112.80872,37.87745],[-112.80881,37.87735],[-112.8089,37.87727],[-112.80899,37.87719],[-112.80906,37.87711],[-112.80917,37.87701],[-112.80924,37.87695],[-112.80935,37.87684],[-112.80941,37.87678],[-112.8095,37.87669],[-112.80959,37.87661],[-112.80968,37.87652],[-112.80976,37.87644],[-112.80985,37.87635],[-112.81002,37.87619],[-112.81011,37.87611],[-112.81021,37.87601],[-112.81029,37.87594],[-112.81038,37.87585],[-112.81048,37.87576],[-112.81069,37.87555],[-112.81154,37.87473],[-112.81173,37.87455],[-112.81192,37.87436],[-112.81198,37.87431],[-112.81207,37.87423],[-112.81215,37.87414],[-112.8125,37.87381],[-112.813,37.87333],[-112.81337,37.87297],[-112.81371,37.87264],[-112.81417,37.87221],[-112.81453,37.87186],[-112.81488,37.87152],[-112.81564,37.87079],[-112.81698,37.8695],[-112.81713,37.86935],[-112.81723,37.86926],[-112.81731,37.86918],[-112.81741,37.86909],[-112.81775,37.86876],[-112.81786,37.86866],[-112.81803,37.86849],[-112.8182,37.86832],[-112.81884,37.86772],[-112.81899,37.86757],[-112.81946,37.86712],[-112.81953,37.86706],[-112.81968,37.86691],[-112.81979,37.8668],[-112.81985,37.86674],[-112.81996,37.86663],[-112.82005,37.86655],[-112.82015,37.86645],[-112.82032,37.8663],[-112.8204,37.86621],[-112.82049,37.86613],[-112.82058,37.86604],[-112.82076,37.86587],[-112.82084,37.86579],[-112.82091,37.86572],[-112.82108,37.86556],[-112.82136,37.86529],[-112.82224,37.86444],[-112.82241,37.86428],[-112.82301,37.8637],[-112.82329,37.86343],[-112.82338,37.86334],[-112.82362,37.86311],[-112.82371,37.86303],[-112.82423,37.86253],[-112.82439,37.86238],[-112.82467,37.86211],[-112.82473,37.86205],[-112.82482,37.86196],[-112.82507,37.86173],[-112.82514,37.86167],[-112.82521,37.8616],[-112.82534,37.86148],[-112.82539,37.86143],[-112.8257,37.86115],[-112.82573,37.86113],[-112.82582,37.86105],[-112.82591,37.86097],[-112.826,37.86088],[-112.82611,37.86078],[-112.8262,37.8607],[-112.82627,37.86065],[-112.82638,37.86055],[-112.82673,37.86024],[-112.82703,37.85998],[-112.82739,37.85968],[-112.82803,37.85914],[-112.82835,37.85887],[-112.8286,37.85866],[-112.82882,37.85848],[-112.82909,37.85827],[-112.82933,37.85807],[-112.82952,37.85792],[-112.8298,37.8577],[-112.83001,37.85754],[-112.83018,37.85741],[-112.83046,37.85719],[-112.83058,37.8571],[-112.83067,37.85703],[-112.83081,37.85693],[-112.8312,37.85664],[-112.83175,37.85623],[-112.832,37.85605],[-112.83205,37.85601],[-112.83232,37.85582],[-112.83261,37.85561],[-112.8332,37.8552],[-112.83347,37.85501],[-112.83369,37.85486],[-112.8338,37.85479],[-112.83399,37.85465],[-112.83407,37.85461],[-112.83435,37.85441],[-112.83455,37.85428],[-112.83505,37.85395],[-112.83578,37.85348],[-112.83611,37.85328],[-112.83653,37.85301],[-112.83708,37.85267],[-112.83762,37.85234],[-112.83782,37.85222],[-112.83852,37.85182],[-112.83861,37.85176],[-112.8388,37.85165],[-112.83918,37.85143],[-112.83963,37.85118],[-112.84008,37.85093],[-112.8403,37.8508],[-112.84053,37.85068],[-112.84065,37.85062],[-112.84088,37.85049],[-112.8411,37.85037],[-112.84133,37.85025],[-112.84156,37.85013],[-112.84179,37.85001],[-112.84256,37.84962],[-112.84297,37.84941],[-112.84354,37.84913],[-112.84365,37.84908],[-112.84391,37.84895],[-112.84438,37.84872],[-112.84495,37.84845],[-112.84521,37.84832],[-112.84539,37.84824],[-112.84553,37.84817],[-112.8458,37.84805],[-112.84611,37.84791],[-112.84628,37.84783],[-112.84638,37.84779],[-112.8466,37.84769],[-112.84677,37.84761],[-112.84686,37.84757],[-112.847,37.84751],[-112.84717,37.84744],[-112.84732,37.84737],[-112.84737,37.84735],[-112.84752,37.84729],[-112.84773,37.8472],[-112.84797,37.8471],[-112.84809,37.84705],[-112.84852,37.84687],[-112.84857,37.84684],[-112.84893,37.84669],[-112.84955,37.84644],[-112.84985,37.84632],[-112.85028,37.84615],[-112.85065,37.84601],[-112.85096,37.84589],[-112.85101,37.84587],[-112.85167,37.84562],[-112.85202,37.84549],[-112.85208,37.84547],[-112.85266,37.84526],[-112.85302,37.84513],[-112.85327,37.84504],[-112.85403,37.84477],[-112.85412,37.84474],[-112.85429,37.84468],[-112.85433,37.84466],[-112.8544,37.84464],[-112.85453,37.84459],[-112.85467,37.84454],[-112.85478,37.8445],[-112.85491,37.84446],[-112.85528,37.84433],[-112.85567,37.84419],[-112.85592,37.8441],[-112.85638,37.84394],[-112.85657,37.84387],[-112.85661,37.84385],[-112.85682,37.84378],[-112.85705,37.8437],[-112.85723,37.84363],[-112.85765,37.84348],[-112.86049,37.84248],[-112.86072,37.84239],[-112.86107,37.84227],[-112.86139,37.84215],[-112.8616,37.84208],[-112.86451,37.84104],[-112.86458,37.84102],[-112.8647,37.84097],[-112.86484,37.84092],[-112.86534,37.84075],[-112.86559,37.84066],[-112.86641,37.84037],[-112.86809,37.83977],[-112.86933,37.83932],[-112.86998,37.83909],[-112.87191,37.83841],[-112.87253,37.83818],[-112.87299,37.83802],[-112.87315,37.83797],[-112.87443,37.83751],[-112.87455,37.83747],[-112.87463,37.83744],[-112.876,37.83695],[-112.87601,37.83695],[-112.87606,37.83693],[-112.8761,37.83691],[-112.87613,37.8369],[-112.87626,37.83686],[-112.87629,37.83685],[-112.87687,37.83664],[-112.87718,37.83653],[-112.87744,37.83644],[-112.87785,37.83629],[-112.87802,37.83623],[-112.87825,37.83615],[-112.87889,37.83592],[-112.87904,37.83587],[-112.87942,37.83573],[-112.87976,37.83561],[-112.88005,37.83551],[-112.88068,37.83528],[-112.8808,37.83524],[-112.88094,37.83519],[-112.88131,37.83506],[-112.88156,37.83497],[-112.88202,37.83481],[-112.88269,37.83457],[-112.88329,37.83436],[-112.88334,37.83434],[-112.88409,37.83407],[-112.88423,37.83402],[-112.88446,37.83394],[-112.88483,37.83381],[-112.88511,37.83371],[-112.88537,37.83362],[-112.8856,37.83353],[-112.8858,37.83346],[-112.88585,37.83344],[-112.88601,37.83339],[-112.88636,37.83326],[-112.88656,37.83319],[-112.88674,37.83313],[-112.8871,37.833],[-112.88725,37.83295],[-112.88761,37.83282],[-112.88797,37.83269],[-112.8881,37.83264],[-112.88823,37.8326],[-112.88849,37.8325],[-112.8885,37.8325],[-112.88871,37.83243],[-112.88873,37.83242],[-112.88886,37.83237],[-112.88895,37.83234],[-112.88923,37.83224],[-112.88948,37.83215],[-112.88972,37.83206],[-112.88993,37.83199],[-112.89013,37.83192],[-112.89037,37.83183],[-112.89058,37.83176],[-112.8906,37.83175],[-112.89087,37.83165],[-112.89125,37.83151],[-112.89151,37.83141],[-112.89187,37.83128],[-112.89213,37.83118],[-112.89239,37.83109],[-112.89262,37.831],[-112.89274,37.83095],[-112.89288,37.8309],[-112.89299,37.83086],[-112.89324,37.83077],[-112.89339,37.83071],[-112.89374,37.83058],[-112.89389,37.83052],[-112.89412,37.83044],[-112.89426,37.83038],[-112.89449,37.8303],[-112.89464,37.83024],[-112.89474,37.8302],[-112.89487,37.83015],[-112.8949,37.83014],[-112.8951,37.83006],[-112.89531,37.82998],[-112.89548,37.82991],[-112.8956,37.82986],[-112.89571,37.82982],[-112.89573,37.82981],[-112.89586,37.82976],[-112.89636,37.82957],[-112.89661,37.82947],[-112.89698,37.82932],[-112.89747,37.82912],[-112.89795,37.82893],[-112.89833,37.82878],[-112.89894,37.82853],[-112.89918,37.82843],[-112.89967,37.82823],[-112.90078,37.82777],[-112.90098,37.82768],[-112.90101,37.82767],[-112.90132,37.82754],[-112.90158,37.82743],[-112.9019,37.8273],[-112.90298,37.82683],[-112.90393,37.82642],[-112.90435,37.82624],[-112.90514,37.82589],[-112.90537,37.82578],[-112.90557,37.82569],[-112.90577,37.8256],[-112.90598,37.82551],[-112.9061,37.82545],[-112.90646,37.82529],[-112.9067,37.82518],[-112.90694,37.82508],[-112.9073,37.82491],[-112.90754,37.8248],[-112.9079,37.82464],[-112.90873,37.82425],[-112.90944,37.82392],[-112.90991,37.82369],[-112.91005,37.82363],[-112.91014,37.82358],[-112.91062,37.82336],[-112.91063,37.82335],[-112.91083,37.82325],[-112.91087,37.82324],[-112.91105,37.82315],[-112.91161,37.82287],[-112.9122,37.82259],[-112.91244,37.82247],[-112.91325,37.82207],[-112.91336,37.82202],[-112.91347,37.82196],[-112.91368,37.82186],[-112.91384,37.82178],[-112.91413,37.82163],[-112.91421,37.82159],[-112.91432,37.82153],[-112.91453,37.82143],[-112.91475,37.82132],[-112.915,37.82119],[-112.91523,37.82107],[-112.91546,37.82096],[-112.91643,37.82046],[-112.91723,37.82004],[-112.91822,37.81952],[-112.91844,37.81941],[-112.91851,37.81937],[-112.91867,37.81928],[-112.91902,37.8191],[-112.91959,37.81879],[-112.92129,37.81786],[-112.92165,37.81766],[-112.92185,37.81756],[-112.92185,37.81755],[-112.9219,37.81752],[-112.92196,37.81749],[-112.922,37.81747],[-112.92209,37.81742],[-112.92228,37.81732],[-112.9229,37.81697],[-112.92357,37.81658],[-112.92413,37.81626],[-112.92431,37.81616],[-112.92596,37.8152],[-112.92633,37.81499],[-112.92639,37.81495],[-112.92651,37.81488],[-112.9267,37.81477],[-112.92707,37.81455],[-112.92766,37.8142],[-112.92778,37.81412],[-112.92787,37.81407],[-112.92799,37.814],[-112.92807,37.81395],[-112.92821,37.81386],[-112.92964,37.81299],[-112.93022,37.81264],[-112.93076,37.81231],[-112.93127,37.812],[-112.93182,37.81166],[-112.93225,37.8114],[-112.93259,37.81119],[-112.93326,37.81078],[-112.934,37.81033],[-112.93439,37.81009],[-112.93466,37.80993],[-112.93659,37.80875],[-112.93676,37.80864],[-112.93682,37.8086],[-112.93706,37.80846],[-112.93799,37.80789],[-112.93848,37.80759],[-112.93887,37.80735],[-112.93906,37.80724],[-112.93921,37.80714],[-112.93922,37.80714],[-112.93936,37.80705],[-112.9394,37.80703],[-112.93973,37.80683],[-112.93996,37.80669],[-112.94018,37.80655],[-112.94033,37.80646],[-112.94043,37.80639],[-112.94059,37.8063],[-112.94099,37.80605],[-112.94121,37.80592],[-112.94146,37.80577],[-112.94154,37.80572],[-112.94194,37.80547],[-112.94198,37.80545],[-112.94214,37.80535],[-112.94229,37.80526],[-112.94243,37.80518],[-112.94323,37.80469],[-112.94343,37.80456],[-112.94354,37.80449],[-112.94365,37.80443],[-112.94436,37.804],[-112.94613,37.80291],[-112.94663,37.80261],[-112.94667,37.80258],[-112.9468,37.8025],[-112.94727,37.80222],[-112.94738,37.80215],[-112.94749,37.80209],[-112.94753,37.80206],[-112.94771,37.80195],[-112.94781,37.80189],[-112.94793,37.80181],[-112.94826,37.80161],[-112.94835,37.80156],[-112.94836,37.80155],[-112.94858,37.80142],[-112.94881,37.80128],[-112.94932,37.80097],[-112.94948,37.80087],[-112.94961,37.80079],[-112.94981,37.80067],[-112.94992,37.8006],[-112.95,37.80055],[-112.95013,37.80047],[-112.95022,37.80041],[-112.95063,37.80017],[-112.95088,37.80001],[-112.95121,37.79981],[-112.95153,37.79962],[-112.95174,37.79949],[-112.95196,37.79935],[-112.95218,37.79921],[-112.9524,37.79908],[-112.95251,37.79902],[-112.95283,37.79882],[-112.95295,37.79874],[-112.95332,37.79852],[-112.95339,37.79848],[-112.95355,37.79838],[-112.95376,37.79825],[-112.95396,37.79813],[-112.95445,37.79783],[-112.95457,37.79776],[-112.9549,37.79756],[-112.95549,37.7972],[-112.95565,37.7971],[-112.95597,37.7969],[-112.95631,37.79669],[-112.95642,37.79663],[-112.95663,37.7965],[-112.95688,37.79635],[-112.95699,37.79628],[-112.9571,37.79621],[-112.95717,37.79617],[-112.95728,37.79611],[-112.95762,37.7959],[-112.95813,37.79558],[-112.95828,37.79549],[-112.95861,37.79529],[-112.95893,37.79509],[-112.95962,37.79468],[-112.95979,37.79458],[-112.96012,37.79438],[-112.96046,37.79417],[-112.96088,37.79391],[-112.96118,37.79373],[-112.96153,37.79351],[-112.96204,37.79321],[-112.96212,37.79316],[-112.96225,37.79308],[-112.9625,37.79292],[-112.96263,37.79285],[-112.96294,37.79266],[-112.96348,37.79233],[-112.96382,37.79213],[-112.96393,37.79206],[-112.96404,37.79199],[-112.96493,37.79145],[-112.96523,37.79126],[-112.96541,37.79115],[-112.96566,37.791],[-112.96577,37.79093],[-112.96588,37.79086],[-112.96599,37.7908],[-112.9661,37.79073],[-112.96621,37.79067],[-112.96632,37.7906],[-112.96644,37.79053],[-112.96653,37.79047],[-112.96663,37.79041],[-112.96675,37.79034],[-112.96686,37.79027],[-112.96708,37.79014],[-112.96718,37.79007],[-112.96729,37.79001],[-112.9674,37.78994],[-112.9675,37.78988],[-112.96761,37.78981],[-112.96771,37.78975],[-112.96783,37.78967],[-112.96793,37.78962],[-112.96804,37.78955],[-112.96815,37.78948],[-112.96827,37.78941],[-112.96836,37.78935],[-112.96848,37.78928],[-112.96858,37.78922],[-112.96881,37.78908],[-112.96902,37.78895],[-112.96924,37.78881],[-112.96936,37.78874],[-112.97027,37.78818],[-112.97033,37.78815],[-112.97113,37.78767],[-112.9713,37.78757],[-112.97136,37.78753],[-112.97143,37.78749],[-112.97154,37.78742],[-112.97165,37.78736],[-112.97175,37.7873],[-112.97187,37.78723],[-112.97252,37.78686],[-112.97286,37.78667],[-112.97297,37.7866],[-112.97302,37.78658],[-112.97308,37.78654],[-112.9731,37.78653],[-112.9732,37.78647],[-112.9733,37.78642],[-112.97353,37.78629],[-112.97376,37.78616],[-112.97434,37.78583],[-112.97453,37.78573],[-112.97464,37.78566],[-112.97474,37.78561],[-112.97487,37.78554],[-112.97497,37.78548],[-112.97557,37.78514],[-112.97564,37.7851],[-112.97599,37.78491],[-112.97618,37.78481],[-112.97637,37.7847],[-112.97665,37.78455],[-112.97733,37.78419],[-112.97744,37.78412],[-112.97767,37.784],[-112.9778,37.78393],[-112.97824,37.78369],[-112.9786,37.78351],[-112.97873,37.78344],[-112.97905,37.78327],[-112.97929,37.78314],[-112.9794,37.78308],[-112.9795,37.78303],[-112.98009,37.78272],[-112.98043,37.78254],[-112.98066,37.78242],[-112.98071,37.78239],[-112.98144,37.78202],[-112.98167,37.7819],[-112.98224,37.7816],[-112.9824,37.78152],[-112.98247,37.78148],[-112.98257,37.78144],[-112.98273,37.78135],[-112.98295,37.78124],[-112.98306,37.78119],[-112.98331,37.78106],[-112.98354,37.78094],[-112.98365,37.78088],[-112.98377,37.78082],[-112.98388,37.78076],[-112.984,37.7807],[-112.98411,37.78064],[-112.98423,37.78059],[-112.98434,37.78053],[-112.98446,37.78047],[-112.9845,37.78045],[-112.98457,37.78041],[-112.98467,37.78036],[-112.98479,37.78029],[-112.98491,37.78023],[-112.98503,37.78017],[-112.98513,37.78012],[-112.98524,37.78006],[-112.98537,37.77999],[-112.98559,37.77988],[-112.98572,37.77982],[-112.98583,37.77976],[-112.98594,37.7797],[-112.98606,37.77964],[-112.98616,37.77959],[-112.98618,37.77958],[-112.98628,37.77953],[-112.9863,37.77952],[-112.98639,37.77947],[-112.98641,37.77946],[-112.98662,37.77935],[-112.98673,37.77929],[-112.98685,37.77923],[-112.98697,37.77917],[-112.98697,37.77916],[-112.98708,37.77911],[-112.98716,37.77907],[-112.9872,37.77905],[-112.98742,37.77893],[-112.98753,37.77887],[-112.98766,37.77881],[-112.98777,37.77875],[-112.98788,37.77869],[-112.98801,37.77862],[-112.98812,37.77857],[-112.98822,37.77851],[-112.98825,37.7785],[-112.98833,37.77845],[-112.98847,37.77838],[-112.98857,37.77833],[-112.98868,37.77827],[-112.98902,37.77809],[-112.98949,37.77784],[-112.98972,37.77772],[-112.99028,37.77743],[-112.9903,37.77742],[-112.99061,37.77725],[-112.99077,37.77717],[-112.99107,37.77701],[-112.99121,37.77694],[-112.99145,37.77681],[-112.99156,37.77675],[-112.99166,37.7767],[-112.99178,37.77663],[-112.9919,37.77657],[-112.99246,37.77627],[-112.99257,37.77621],[-112.99265,37.77617],[-112.99291,37.77604],[-112.99313,37.77592],[-112.99325,37.77585],[-112.99338,37.77579],[-112.99349,37.77573],[-112.99361,37.77567],[-112.99371,37.77562],[-112.99382,37.77557],[-112.99395,37.7755],[-112.99418,37.77538],[-112.99485,37.77504],[-112.99498,37.77498],[-112.99513,37.7749],[-112.9953,37.77481],[-112.99555,37.77468],[-112.99566,37.77462],[-112.99627,37.77429],[-112.99704,37.77388],[-112.99726,37.77376],[-112.99781,37.77345],[-112.99796,37.77336],[-112.99815,37.77325],[-112.99837,37.77312],[-112.99848,37.77306],[-112.9987,37.77294],[-112.99883,37.77286],[-112.99904,37.77274],[-112.99926,37.77261],[-112.99946,37.77249],[-112.99962,37.77239],[-113.00001,37.77215],[-113.00011,37.77209],[-113.00022,37.77203],[-113.00033,37.77196],[-113.00044,37.77189],[-113.00055,37.77183],[-113.00068,37.77175],[-113.00072,37.77173],[-113.00099,37.77157],[-113.0011,37.77151],[-113.00128,37.7714],[-113.00134,37.77137],[-113.00145,37.7713],[-113.00153,37.77126],[-113.00156,37.77124],[-113.00168,37.77117],[-113.0019,37.77105],[-113.00199,37.77099],[-113.00201,37.77098],[-113.00212,37.77092],[-113.00226,37.77083],[-113.00234,37.77078],[-113.00245,37.77072],[-113.00256,37.77066],[-113.00267,37.77059],[-113.0027,37.77057],[-113.00277,37.77053],[-113.00289,37.77046],[-113.003,37.7704],[-113.00308,37.77035],[-113.00311,37.77034],[-113.00333,37.77021],[-113.00344,37.77015],[-113.00377,37.76995],[-113.0041,37.76976],[-113.0042,37.7697],[-113.00421,37.76969],[-113.00431,37.76963],[-113.00443,37.76957],[-113.00454,37.7695],[-113.00465,37.76943],[-113.00476,37.76937],[-113.00487,37.7693],[-113.00499,37.76923],[-113.00514,37.76914],[-113.00679,37.76808],[-113.00691,37.76799],[-113.007,37.76793],[-113.00731,37.76773],[-113.00752,37.76759],[-113.00773,37.76746],[-113.00794,37.76732],[-113.00815,37.76719],[-113.00835,37.76706],[-113.00847,37.76699],[-113.00891,37.76672],[-113.00953,37.76633],[-113.00956,37.76631],[-113.00966,37.76624],[-113.00977,37.76617],[-113.00988,37.7661],[-113.00998,37.76604],[-113.01009,37.76597],[-113.0103,37.76583],[-113.01062,37.76562],[-113.01083,37.76548],[-113.01093,37.76541],[-113.01104,37.76534],[-113.01115,37.76527],[-113.0112,37.76523],[-113.01123,37.76522],[-113.01124,37.76521],[-113.01125,37.7652],[-113.01135,37.76513],[-113.01145,37.76507],[-113.01157,37.76499],[-113.01167,37.76492],[-113.01178,37.76485],[-113.01187,37.76478],[-113.01199,37.76471],[-113.01209,37.76464],[-113.0122,37.76457],[-113.0123,37.7645],[-113.01244,37.7644],[-113.01251,37.76435],[-113.01261,37.76429],[-113.01272,37.76421],[-113.01293,37.76407],[-113.01313,37.76393],[-113.0133,37.76382],[-113.01333,37.7638],[-113.01347,37.7637],[-113.01355,37.76365],[-113.01375,37.7635],[-113.01384,37.76345],[-113.01396,37.76336],[-113.01407,37.76329],[-113.01417,37.76322],[-113.01427,37.76315],[-113.01438,37.76307],[-113.01448,37.763],[-113.01456,37.76295],[-113.01458,37.76293],[-113.01468,37.76287],[-113.01479,37.76279],[-113.01489,37.76272],[-113.01498,37.76265],[-113.01509,37.76257],[-113.01519,37.7625],[-113.0154,37.76236],[-113.01545,37.76232],[-113.0155,37.76228],[-113.0156,37.76221],[-113.01581,37.76207],[-113.01591,37.76199],[-113.01601,37.76192],[-113.01611,37.76185],[-113.01632,37.7617],[-113.01642,37.76163],[-113.01662,37.76148],[-113.01672,37.76141],[-113.01683,37.76134],[-113.01693,37.76126],[-113.01697,37.76124],[-113.017,37.76121],[-113.01711,37.76113],[-113.01731,37.76099],[-113.01751,37.76084],[-113.01771,37.76069],[-113.01792,37.76054],[-113.01812,37.7604],[-113.01832,37.76025],[-113.01847,37.76014],[-113.01852,37.7601],[-113.01864,37.76002],[-113.01872,37.75996],[-113.01892,37.75981],[-113.01912,37.75966],[-113.01932,37.75951],[-113.01942,37.75944],[-113.01962,37.75929],[-113.01981,37.75914],[-113.01992,37.75906],[-113.02011,37.75891],[-113.02029,37.75878],[-113.02031,37.75876],[-113.02051,37.75862],[-113.02071,37.75846],[-113.02091,37.75831],[-113.02095,37.75828],[-113.0211,37.75816],[-113.0212,37.75809],[-113.02127,37.75803],[-113.0213,37.75801],[-113.0214,37.75794],[-113.02149,37.75786],[-113.02159,37.75778],[-113.02169,37.75771],[-113.02179,37.75763],[-113.02189,37.75755],[-113.02198,37.75748],[-113.02208,37.75741],[-113.02218,37.75733],[-113.02228,37.75725],[-113.02238,37.75717],[-113.02247,37.7571],[-113.02257,37.75703],[-113.02267,37.75695],[-113.02277,37.75687],[-113.02286,37.7568],[-113.02296,37.75672],[-113.02306,37.75665],[-113.02317,37.75656],[-113.02325,37.75649],[-113.02335,37.75641],[-113.02338,37.75639],[-113.02345,37.75634],[-113.02355,37.75626],[-113.02364,37.75619],[-113.02374,37.75611],[-113.02393,37.75596],[-113.02413,37.7558],[-113.02423,37.75572],[-113.02432,37.75565],[-113.02442,37.75557],[-113.02452,37.75549],[-113.02461,37.75541],[-113.02471,37.75534],[-113.02481,37.75526],[-113.0249,37.75518],[-113.02499,37.75511],[-113.02509,37.75503],[-113.02519,37.75495],[-113.02528,37.75487],[-113.02538,37.75479],[-113.02547,37.75471],[-113.02557,37.75464],[-113.02566,37.75456],[-113.02585,37.7544],[-113.02595,37.75432],[-113.02604,37.75425],[-113.02614,37.75417],[-113.02623,37.75409],[-113.02633,37.75401],[-113.02642,37.75393],[-113.02661,37.75377],[-113.0267,37.7537],[-113.02689,37.75354],[-113.02693,37.75351],[-113.02699,37.75346],[-113.02709,37.75338],[-113.02718,37.75331],[-113.02727,37.75323],[-113.02737,37.75315],[-113.02746,37.75307],[-113.02755,37.75299],[-113.02765,37.75291],[-113.02774,37.75284],[-113.02783,37.75276],[-113.02793,37.75267],[-113.02803,37.75259],[-113.02812,37.75252],[-113.02821,37.75244],[-113.0284,37.75228],[-113.02849,37.7522],[-113.02851,37.75219],[-113.0286,37.75211],[-113.0287,37.75202],[-113.0288,37.75194],[-113.02889,37.75187],[-113.02908,37.7517],[-113.02927,37.75154],[-113.02946,37.75138],[-113.02955,37.7513],[-113.02958,37.75128],[-113.02964,37.75122],[-113.02973,37.75115],[-113.02973,37.75114],[-113.02982,37.75107],[-113.02993,37.75098],[-113.03002,37.7509],[-113.03011,37.75082],[-113.03019,37.75075],[-113.0303,37.75066],[-113.03048,37.7505],[-113.03067,37.75034],[-113.03085,37.75018],[-113.03095,37.7501],[-113.03104,37.75002],[-113.03122,37.74986],[-113.03131,37.74978],[-113.03141,37.74969],[-113.0315,37.74961],[-113.03159,37.74953],[-113.03167,37.74945],[-113.03176,37.74937],[-113.03186,37.74928],[-113.03195,37.7492],[-113.03213,37.74904],[-113.03222,37.74896],[-113.03231,37.74887],[-113.0324,37.74879],[-113.03249,37.74871],[-113.03258,37.74863],[-113.03276,37.74846],[-113.03286,37.74838],[-113.03303,37.74821],[-113.03321,37.74805],[-113.0333,37.74797],[-113.03347,37.74781],[-113.03357,37.74772],[-113.03366,37.74764],[-113.03375,37.74756],[-113.03383,37.74748],[-113.03401,37.74731],[-113.03409,37.74723],[-113.03418,37.74715],[-113.03427,37.74707],[-113.03436,37.74698],[-113.03444,37.7469],[-113.03453,37.74682],[-113.03462,37.74674],[-113.0348,37.74657],[-113.03485,37.74652],[-113.03488,37.74649],[-113.03499,37.7464],[-113.03507,37.74632],[-113.03516,37.74624],[-113.03517,37.74622],[-113.03534,37.74607],[-113.03543,37.74599],[-113.03551,37.7459],[-113.03568,37.74574],[-113.03577,37.74565],[-113.03586,37.74557],[-113.03594,37.74549],[-113.03605,37.74538],[-113.03612,37.74532],[-113.03621,37.74524],[-113.03629,37.74516],[-113.03638,37.74507],[-113.03655,37.74491],[-113.03673,37.74474],[-113.0369,37.74457],[-113.03707,37.74441],[-113.03721,37.74427],[-113.03733,37.74416],[-113.0375,37.74399],[-113.03759,37.7439],[-113.03768,37.74382],[-113.03776,37.74374],[-113.03784,37.74366],[-113.03793,37.74357],[-113.03799,37.74351],[-113.03802,37.74348],[-113.0381,37.7434],[-113.03825,37.74326],[-113.03828,37.74323],[-113.03845,37.74306],[-113.03862,37.74289],[-113.0387,37.7428],[-113.03879,37.74272],[-113.03887,37.74263],[-113.03904,37.74246],[-113.03921,37.74229],[-113.03929,37.74221],[-113.03938,37.74212],[-113.03955,37.74195],[-113.03968,37.74182],[-113.03972,37.74178],[-113.03981,37.74169],[-113.03982,37.74167],[-113.03989,37.7416],[-113.03996,37.74153],[-113.04006,37.74143],[-113.0401,37.74139],[-113.04014,37.74135],[-113.04023,37.74126],[-113.04031,37.74118],[-113.04039,37.74109],[-113.04048,37.741],[-113.04056,37.74092],[-113.04065,37.74083],[-113.04072,37.74075],[-113.04081,37.74066],[-113.0409,37.74057],[-113.04098,37.74049],[-113.04106,37.7404],[-113.04114,37.74032],[-113.04123,37.74023],[-113.04131,37.74014],[-113.04148,37.73997],[-113.04156,37.73988],[-113.04181,37.73963],[-113.0419,37.73953],[-113.04197,37.73946],[-113.04204,37.73939],[-113.04215,37.73928],[-113.04223,37.7392],[-113.04232,37.73911],[-113.04239,37.73903],[-113.04256,37.73885],[-113.04266,37.73875],[-113.04271,37.73871],[-113.04279,37.73862],[-113.04287,37.73853],[-113.04296,37.73845],[-113.04312,37.73828],[-113.0432,37.73819],[-113.04329,37.73811],[-113.04346,37.73793],[-113.04362,37.73776],[-113.04379,37.73759],[-113.04387,37.73751],[-113.04395,37.73742],[-113.04404,37.73733],[-113.04412,37.73724],[-113.0442,37.73716],[-113.04429,37.73707],[-113.04437,37.73699],[-113.04445,37.7369],[-113.04454,37.73681],[-113.0447,37.73664],[-113.04478,37.73656],[-113.04487,37.73647],[-113.04495,37.73638],[-113.04501,37.73632],[-113.04511,37.73621],[-113.0452,37.73613],[-113.04528,37.73604],[-113.04536,37.73595],[-113.04545,37.73587],[-113.04553,37.73578],[-113.04561,37.7357],[-113.0457,37.73561],[-113.04578,37.73552],[-113.04586,37.73544],[-113.04594,37.73536],[-113.04595,37.73535],[-113.04605,37.73525],[-113.04613,37.73516],[-113.0462,37.73509],[-113.04621,37.73508],[-113.04628,37.73501],[-113.0463,37.73498],[-113.04638,37.73491],[-113.04646,37.73482],[-113.04663,37.73465],[-113.04671,37.73457],[-113.04678,37.7345],[-113.04688,37.73439],[-113.04696,37.7343],[-113.04704,37.73422],[-113.04713,37.73413],[-113.04721,37.73405],[-113.0473,37.73396],[-113.04738,37.73387],[-113.04739,37.73386],[-113.04746,37.73379],[-113.04763,37.73361],[-113.04769,37.73355],[-113.04777,37.73346],[-113.04787,37.73337],[-113.04794,37.73329],[-113.04796,37.73327],[-113.04802,37.73321],[-113.0481,37.73312],[-113.04819,37.73303],[-113.04827,37.73295],[-113.04836,37.73286],[-113.04838,37.73284],[-113.04846,37.73275],[-113.04854,37.73267],[-113.0486,37.73261],[-113.04862,37.73259],[-113.0487,37.7325],[-113.04877,37.73243],[-113.04887,37.73234],[-113.04895,37.73225],[-113.04904,37.73215],[-113.04905,37.73214],[-113.04913,37.73207],[-113.0492,37.73199],[-113.04929,37.7319],[-113.04937,37.73181],[-113.04943,37.73175],[-113.04946,37.73173],[-113.04954,37.73164],[-113.04962,37.73156],[-113.0497,37.73147],[-113.04987,37.7313],[-113.05004,37.73113],[-113.0502,37.73095],[-113.05036,37.73079],[-113.05044,37.7307],[-113.05046,37.73068],[-113.05053,37.73061],[-113.05061,37.73053],[-113.0507,37.73044],[-113.05085,37.73028],[-113.05103,37.7301],[-113.05119,37.72993],[-113.05136,37.72975],[-113.05152,37.72959],[-113.05169,37.72941],[-113.05185,37.72925],[-113.05194,37.72915],[-113.05201,37.72908],[-113.05209,37.729],[-113.05226,37.72883],[-113.05242,37.72866],[-113.05259,37.72849],[-113.05284,37.72823],[-113.05293,37.72813],[-113.05309,37.72797],[-113.05327,37.72778],[-113.05342,37.72763],[-113.05343,37.72761],[-113.05357,37.72747],[-113.05359,37.72745],[-113.05375,37.72729],[-113.05384,37.72719],[-113.054,37.72703],[-113.05417,37.72686],[-113.05433,37.72668],[-113.0545,37.72651],[-113.05467,37.72633],[-113.05475,37.72625],[-113.05482,37.72618],[-113.05483,37.72617],[-113.05492,37.72607],[-113.055,37.72599],[-113.05508,37.72591],[-113.05525,37.72573],[-113.05533,37.72565],[-113.05535,37.72563],[-113.05543,37.72554],[-113.05551,37.72546],[-113.05559,37.72538],[-113.05567,37.72529],[-113.0557,37.72526],[-113.05574,37.72522],[-113.05591,37.72505],[-113.05599,37.72496],[-113.05616,37.72479],[-113.05632,37.72462],[-113.05632,37.72461],[-113.05648,37.72445],[-113.05657,37.72436],[-113.05673,37.72419],[-113.05674,37.72418],[-113.05682,37.7241],[-113.0569,37.72401],[-113.05698,37.72393],[-113.05706,37.72384],[-113.05714,37.72376],[-113.05715,37.72375],[-113.05731,37.72359],[-113.05741,37.72349],[-113.05748,37.72342],[-113.05757,37.72333],[-113.05766,37.72324],[-113.05774,37.72316],[-113.05791,37.72299],[-113.05808,37.72282],[-113.05811,37.72278],[-113.05825,37.72265],[-113.05841,37.72248],[-113.0585,37.72239],[-113.05858,37.7223],[-113.05866,37.72222],[-113.05875,37.72213],[-113.05883,37.72205],[-113.05891,37.72196],[-113.05901,37.72185],[-113.05927,37.72159],[-113.05933,37.72153],[-113.05937,37.72149],[-113.05941,37.72144],[-113.0595,37.72135],[-113.05958,37.72127],[-113.05967,37.72117],[-113.05975,37.72109],[-113.05976,37.72109],[-113.05983,37.72101],[-113.05992,37.72092],[-113.06,37.72084],[-113.06009,37.72075],[-113.06017,37.72066],[-113.06026,37.72058],[-113.06034,37.72049],[-113.06043,37.7204],[-113.06046,37.72037],[-113.06051,37.72032],[-113.06068,37.72014],[-113.06084,37.71998],[-113.06101,37.71981],[-113.06118,37.71963],[-113.06134,37.71946],[-113.06151,37.71929],[-113.06167,37.71912],[-113.06184,37.71895],[-113.06193,37.71885],[-113.06194,37.71884],[-113.06208,37.7187],[-113.06209,37.71869],[-113.06222,37.71855],[-113.06225,37.71851],[-113.06242,37.71834],[-113.0625,37.71825],[-113.06258,37.71817],[-113.06275,37.71799],[-113.06276,37.71798],[-113.06291,37.71782],[-113.06304,37.71769],[-113.06308,37.71765],[-113.06317,37.71755],[-113.06325,37.71746],[-113.06331,37.7174],[-113.06341,37.7173],[-113.06345,37.71726],[-113.06349,37.71721],[-113.06357,37.71712],[-113.06365,37.71704],[-113.06382,37.71686],[-113.06398,37.71669],[-113.06414,37.71652],[-113.0643,37.71634],[-113.06447,37.71616],[-113.06454,37.71608],[-113.06466,37.71595],[-113.0647,37.7159],[-113.06479,37.71581],[-113.06486,37.71573],[-113.06502,37.71555],[-113.0651,37.71546],[-113.06517,37.71537],[-113.06526,37.71527],[-113.06533,37.71519],[-113.06541,37.7151],[-113.06547,37.71502],[-113.06554,37.71494],[-113.06569,37.71477],[-113.06577,37.71467],[-113.06582,37.71462],[-113.06585,37.71459],[-113.06593,37.71449],[-113.066,37.71441],[-113.06608,37.71432],[-113.06624,37.71414],[-113.06633,37.71403],[-113.0664,37.71395],[-113.06655,37.71378],[-113.0667,37.7136],[-113.06672,37.71358],[-113.06686,37.71342],[-113.06697,37.71328],[-113.06701,37.71324],[-113.06709,37.71314],[-113.06716,37.71306],[-113.06724,37.71295],[-113.06731,37.71287],[-113.06739,37.71277],[-113.06746,37.71269],[-113.06754,37.7126],[-113.06762,37.7125],[-113.06768,37.71242],[-113.06777,37.71232],[-113.06784,37.71224],[-113.06791,37.71215],[-113.06797,37.71208],[-113.068,37.71204],[-113.06806,37.71197],[-113.06821,37.71177],[-113.06827,37.7117],[-113.06829,37.71166],[-113.06834,37.71159],[-113.06849,37.7114],[-113.06863,37.71122],[-113.06876,37.71103],[-113.06883,37.71094],[-113.06891,37.71084],[-113.06897,37.71075],[-113.06911,37.71056],[-113.06918,37.71047],[-113.06925,37.71038],[-113.06932,37.71028],[-113.06939,37.71019],[-113.06946,37.71009],[-113.06948,37.71006],[-113.06952,37.71],[-113.06959,37.70991],[-113.06966,37.70981],[-113.06972,37.70972],[-113.06979,37.70962],[-113.06985,37.70953],[-113.06992,37.70943],[-113.06999,37.70934],[-113.07006,37.70925],[-113.07019,37.70906],[-113.07026,37.70897],[-113.07032,37.70887],[-113.07039,37.70878],[-113.07045,37.70868],[-113.07058,37.70849],[-113.07058,37.70848],[-113.07065,37.70839],[-113.07069,37.70832],[-113.07071,37.70829],[-113.0708,37.70816],[-113.07083,37.7081],[-113.07096,37.70791],[-113.07101,37.70784],[-113.07109,37.70772],[-113.07115,37.70762],[-113.07128,37.70743],[-113.07134,37.70733],[-113.0714,37.70724],[-113.07146,37.70714],[-113.07153,37.70704],[-113.07159,37.70695],[-113.07165,37.70685],[-113.07177,37.70665],[-113.07184,37.70655],[-113.07195,37.70636],[-113.07202,37.70625],[-113.07207,37.70616],[-113.07213,37.70607],[-113.0722,37.70596],[-113.07225,37.70587],[-113.07231,37.70577],[-113.07237,37.70567],[-113.07243,37.70557],[-113.07249,37.70547],[-113.07255,37.70537],[-113.0726,37.70528],[-113.07266,37.70518],[-113.07269,37.70512],[-113.07273,37.70505],[-113.07279,37.70495],[-113.07285,37.70486],[-113.0729,37.70475],[-113.07296,37.70466],[-113.07301,37.70457],[-113.07307,37.70446],[-113.07313,37.70437],[-113.07319,37.70426],[-113.07324,37.70416],[-113.07335,37.70396],[-113.07346,37.70376],[-113.07357,37.70356],[-113.07361,37.70348],[-113.07368,37.70336],[-113.0737,37.70332],[-113.07379,37.70316],[-113.07389,37.70296],[-113.07399,37.70276],[-113.0741,37.70256],[-113.0742,37.70236],[-113.0743,37.70215],[-113.07441,37.70195],[-113.07447,37.70182],[-113.07451,37.70175],[-113.07461,37.70154],[-113.07464,37.70148],[-113.07475,37.70124],[-113.07485,37.70104],[-113.07488,37.70098],[-113.07495,37.70083],[-113.07504,37.70064],[-113.07504,37.70063],[-113.07514,37.70042],[-113.07528,37.70012],[-113.07537,37.69992],[-113.07542,37.69981],[-113.07543,37.69979],[-113.07546,37.69971],[-113.07551,37.6996],[-113.07555,37.69951],[-113.07559,37.69942],[-113.07564,37.69931],[-113.07569,37.69919],[-113.07579,37.69894],[-113.07586,37.69879],[-113.07594,37.69859],[-113.07603,37.69838],[-113.07608,37.69826],[-113.07612,37.69817],[-113.07617,37.69806],[-113.07633,37.69767],[-113.07634,37.69762],[-113.07638,37.69754],[-113.07646,37.69733],[-113.07654,37.69712],[-113.07658,37.69703],[-113.07662,37.69692],[-113.07666,37.69681],[-113.0767,37.6967],[-113.07677,37.6965],[-113.07678,37.69648],[-113.07685,37.69629],[-113.07692,37.69608],[-113.07696,37.69596],[-113.077,37.69588],[-113.07707,37.69566],[-113.07715,37.69545],[-113.07721,37.69525],[-113.07725,37.69513],[-113.07729,37.69503],[-113.07732,37.69492],[-113.07736,37.69482],[-113.07738,37.69475],[-113.07743,37.69461],[-113.07746,37.6945],[-113.07753,37.69429],[-113.07756,37.69419],[-113.07763,37.69399],[-113.07766,37.69388],[-113.0777,37.69377],[-113.07772,37.6937],[-113.07776,37.69356],[-113.07782,37.69335],[-113.07789,37.69313],[-113.07792,37.69304],[-113.07795,37.69292],[-113.07798,37.69281],[-113.07804,37.6926],[-113.07807,37.69249],[-113.07813,37.69228],[-113.07816,37.69218],[-113.07819,37.69208],[-113.07827,37.69176],[-113.0783,37.69164],[-113.07832,37.6916],[-113.07838,37.69134],[-113.07844,37.69112],[-113.07847,37.69102],[-113.07852,37.6908],[-113.07858,37.69058],[-113.07863,37.69037],[-113.07868,37.69015],[-113.07871,37.69001],[-113.07872,37.68995],[-113.07878,37.68972],[-113.07882,37.68951],[-113.07887,37.68929],[-113.07891,37.68908],[-113.07896,37.68886],[-113.079,37.68866],[-113.07904,37.68843],[-113.07908,37.68822],[-113.07911,37.68811],[-113.07913,37.688],[-113.07913,37.68797],[-113.07914,37.68792],[-113.07916,37.68781],[-113.07918,37.68771],[-113.0792,37.6876],[-113.07922,37.68749],[-113.07924,37.68738],[-113.07927,37.68727],[-113.07928,37.68717],[-113.0793,37.68706],[-113.07932,37.68696],[-113.07934,37.68685],[-113.07936,37.68674],[-113.07938,37.68663],[-113.07939,37.68657],[-113.07939,37.68653],[-113.07941,37.68642],[-113.07943,37.68631],[-113.07944,37.6862],[-113.07946,37.68609],[-113.07947,37.68599],[-113.07949,37.68588],[-113.0795,37.68577],[-113.07952,37.68566],[-113.07953,37.68555],[-113.07954,37.68544],[-113.07956,37.68533],[-113.07957,37.68523],[-113.07958,37.68518],[-113.07958,37.68512],[-113.0796,37.68501],[-113.07961,37.6849],[-113.07962,37.68479],[-113.07964,37.68468],[-113.07965,37.68458],[-113.07966,37.68447],[-113.07966,37.68446],[-113.07967,37.68436],[-113.07968,37.68425],[-113.07969,37.68414],[-113.07971,37.68392],[-113.07971,37.68381],[-113.07973,37.68359],[-113.07974,37.68348],[-113.07975,37.68337],[-113.07976,37.68327],[-113.07976,37.68321],[-113.07977,37.68316],[-113.07978,37.68305],[-113.07979,37.68293],[-113.07979,37.68284],[-113.07981,37.68262],[-113.07982,37.68252],[-113.07983,37.6824],[-113.07984,37.6823],[-113.07985,37.68219],[-113.07985,37.6821],[-113.07985,37.68206],[-113.07985,37.68197],[-113.0799,37.6811],[-113.07991,37.68082],[-113.07992,37.68055],[-113.07994,37.68014],[-113.07994,37.68014],[-113.08001,37.68009],[-113.08002,37.68008],[-113.08002,37.68],[-113.08003,37.6799],[-113.08004,37.6798],[-113.08005,37.6797],[-113.08006,37.67963],[-113.08007,37.67962],[-113.08008,37.67956],[-113.08009,37.67949],[-113.0801,37.67944],[-113.08012,37.67937],[-113.08014,37.67932],[-113.08015,37.67932],[-113.08015,37.67931],[-113.08018,37.67926],[-113.08021,37.6792],[-113.08027,37.67914],[-113.08034,37.67909],[-113.0804,37.67906],[-113.08044,37.67904],[-113.08051,37.67902],[-113.08058,37.67901],[-113.0806,37.679],[-113.08065,37.679],[-113.08072,37.679],[-113.08078,37.67901],[-113.08084,37.67902],[-113.0809,37.67903],[-113.08094,37.67905],[-113.08098,37.67907],[-113.08104,37.6791],[-113.08109,37.67913],[-113.08109,37.67914],[-113.08113,37.67917],[-113.08115,37.67921],[-113.08117,37.67924],[-113.08119,37.67928],[-113.08121,37.67933],[-113.08122,37.67937],[-113.08123,37.67944],[-113.08124,37.67945],[-113.08124,37.67958],[-113.08124,37.67974],[-113.08124,37.68005],[-113.08124,37.68015],[-113.08124,37.68028],[-113.08123,37.68082],[-113.08123,37.68082],[-113.08074,37.68082],[-113.08029,37.68082],[-113.08014,37.68082],[-113.07995,37.68083],[-113.07992,37.68083],[-113.07991,37.68083],[-113.07968,37.68083],[-113.07965,37.68083],[-113.07946,37.68083],[-113.07938,37.68083],[-113.07915,37.68083],[-113.07892,37.68083],[-113.07883,37.68083],[-113.07825,37.68083],[-113.07786,37.68083],[-113.07778,37.68083],[-113.07778,37.68083],[-113.07778,37.68057],[-113.07777,37.68025],[-113.07774,37.67935],[-113.07773,37.67888],[-113.0777,37.67755],[-113.07769,37.67719],[-113.07769,37.67701],[-113.0777,37.67682],[-113.07772,37.67676],[-113.07773,37.67671],[-113.07777,37.67664],[-113.07781,37.67657],[-113.07786,37.67648],[-113.07788,37.67642],[-113.0779,37.67635],[-113.07791,37.67628],[-113.07791,37.67621],[-113.07791,37.67611],[-113.07792,37.67578],[-113.07792,37.67576],[-113.07791,37.67539],[-113.07791,37.67524],[-113.0779,37.67504],[-113.0779,37.67501],[-113.0779,37.67488],[-113.0779,37.67469],[-113.07789,37.67451],[-113.0779,37.67438],[-113.07789,37.67415],[-113.07789,37.67402],[-113.07788,37.67397],[-113.07788,37.67391],[-113.07787,37.67385],[-113.07785,37.67379],[-113.07784,37.67378],[-113.07781,37.6737],[-113.07776,37.67363],[-113.07765,37.67349],[-113.07764,37.67347],[-113.0775,37.67333],[-113.07743,37.67325],[-113.07725,37.67303],[-113.07723,37.67298],[-113.07718,37.67286],[-113.07717,37.67284],[-113.07714,37.67263],[-113.0771,37.67248],[-113.07705,37.67225],[-113.07705,37.67225],[-113.07705,37.67215],[-113.07704,37.67205],[-113.07703,37.67181],[-113.07702,37.67155],[-113.07701,37.67119],[-113.07699,37.67084],[-113.07699,37.67066],[-113.07698,37.67033],[-113.077,37.67009],[-113.077,37.66997],[-113.077,37.66994],[-113.077,37.6698],[-113.07704,37.66967],[-113.07712,37.66948],[-113.07715,37.66875],[-113.07715,37.66829],[-113.07714,37.66814],[-113.07711,37.6676],[-113.07711,37.66757],[-113.07711,37.66742],[-113.07711,37.66739],[-113.0771,37.66718],[-113.07709,37.66659],[-113.07709,37.66655],[-113.07709,37.66655],[-113.07701,37.66655],[-113.07656,37.66655],[-113.0763,37.66655],[-113.07617,37.66655],[-113.07612,37.66655],[-113.07606,37.66655],[-113.07558,37.66655],[-113.07529,37.66656],[-113.0752,37.66656],[-113.07488,37.66654],[-113.07448,37.66656],[-113.07433,37.66656],[-113.07425,37.66656],[-113.07419,37.66656],[-113.07412,37.66656],[-113.07382,37.66658],[-113.07346,37.66656],[-113.0732,37.66656],[-113.07261,37.66656],[-113.07256,37.66656],[-113.0725,37.66656],[-113.07236,37.66657],[-113.07169,37.66656],[-113.07113,37.66655],[-113.07085,37.66657],[-113.07046,37.66657],[-113.07022,37.66657]]}}]}